ISO-10303-21;
HEADER;
FILE_DESCRIPTION(('ViewDefinition [CoordinationView_V2.0]','RevitIdentifiers [ContentGUID: b6d3967a-f15b-4c19-94ce-d909b6051b72, VersionGUID: fcfc1b54-20a7-4627-88e3-85f9bbda0f19, NumberOfSaves: 0]','CoordinateReference [CoordinateBase: Shared Coordinates, ProjectSite: Default Site]'),'2;1');
FILE_NAME('Example_ARC.ifc','2026-04-06T15:11:37+01:00',(''),(''),'ODA SDAI 24.6','Autodesk Revit 24.3.40.26 (ENU) - IFC 24.3.40.26','');
FILE_SCHEMA(('IFC2X3'));
ENDSEC;

DATA;
#1=IFCORGANIZATION($,'Autodesk Revit 2024 (ENU)',$,$,$);
#2=IFCAPPLICATION(#1,'2024','Autodesk Revit 2024 (ENU)','Revit');
#3=IFCCARTESIANPOINT((0.,0.,0.));
#4=IFCCARTESIANPOINT((0.,0.));
#5=IFCDIRECTION((1.,0.,0.));
#6=IFCDIRECTION((-1.,0.,0.));
#7=IFCDIRECTION((0.,1.,0.));
#8=IFCDIRECTION((0.,-1.,0.));
#9=IFCDIRECTION((0.,0.,1.));
#10=IFCDIRECTION((0.,0.,-1.));
#11=IFCDIRECTION((1.,0.));
#12=IFCDIRECTION((-1.,0.));
#13=IFCDIRECTION((0.,1.));
#14=IFCDIRECTION((0.,-1.));
#15=IFCPERSON($,'','gw.bang',$,$,$,$,$);
#16=IFCORGANIZATION($,'Organization Name','Organization Description',$,$);
#17=IFCPERSONANDORGANIZATION(#15,#16,$);
#18=IFCOWNERHISTORY(#17,#2,$,.NOCHANGE.,$,$,$,1775481093);
#19=IFCSIUNIT(*,.LENGTHUNIT.,.MILLI.,.METRE.);
#20=IFCAXIS2PLACEMENT3D(#3,$,$);
#21=IFCDIRECTION((6.1230317691118863E-17,1.));
#22=IFCGEOMETRICREPRESENTATIONCONTEXT($,'Model',3,0.01,#20,#21);
#23=IFCGEOMETRICREPRESENTATIONSUBCONTEXT('Axis','Model',*,*,*,*,#22,$,.GRAPH_VIEW.,$);
#24=IFCGEOMETRICREPRESENTATIONSUBCONTEXT('Body','Model',*,*,*,*,#22,$,.MODEL_VIEW.,$);
#25=IFCGEOMETRICREPRESENTATIONSUBCONTEXT('Box','Model',*,*,*,*,#22,$,.MODEL_VIEW.,$);
#26=IFCGEOMETRICREPRESENTATIONSUBCONTEXT('FootPrint','Model',*,*,*,*,#22,$,.MODEL_VIEW.,$);
#27=IFCPROJECT('1NNk23r4fCdBG4Kwzz8Urx',#18,'Project Number',$,$,'Project Name','Project Status',(#22),#5190);
#28=IFCCLASSIFICATION('CSI (Construction Specifications Institute)','1998',$,'Uniformat');
#29=IFCAXIS2PLACEMENT3D(#3,$,$);
#30=IFCLOCALPLACEMENT(#69,#29);
#31=IFCPOSTALADDRESS($,$,$,$,('Enter address hereAddress Line 2'),$,'','','','Boston MA');
#32=IFCBUILDING('1NNk23r4fCdBG4Kwzz8Urw',#18,'Building Name',$,$,#30,$,'Building Name',.ELEMENT.,$,$,#31);
#33=IFCCARTESIANPOINT((0.,0.,-600.));
#34=IFCAXIS2PLACEMENT3D(#33,$,$);
#35=IFCLOCALPLACEMENT(#30,#34);
#36=IFCBUILDINGSTOREY('1iDZV_Brn0Z9GW0EFhImMT',#18,'Pipe depth (hot)',$,'Level:1/4" Head',#35,$,'Pipe depth (hot)',.ELEMENT.,-600.);
#37=IFCCARTESIANPOINT((0.,0.,-500.));
#38=IFCAXIS2PLACEMENT3D(#37,$,$);
#39=IFCLOCALPLACEMENT(#30,#38);
#40=IFCBUILDINGSTOREY('1iDZV_Brn0Z9GW0EFhIn1x',#18,'Pipe depth (cold)',$,'Level:1/4" Head',#39,$,'Pipe depth (cold)',.ELEMENT.,-500.00000000000011);
#41=IFCAXIS2PLACEMENT3D(#3,$,$);
#42=IFCLOCALPLACEMENT(#30,#41);
#43=IFCBUILDINGSTOREY('2JF4e6axWHqu3u0C1FZlmi',#18,'L1',$,'Level:1/4" Head',#42,$,'L1',.ELEMENT.,0.);
#44=IFCCARTESIANPOINT((0.,0.,300.));
#45=IFCAXIS2PLACEMENT3D(#44,$,$);
#46=IFCLOCALPLACEMENT(#30,#45);
#47=IFCBUILDINGSTOREY('2AhLRpNSP4f8mRIjrLfMuD',#18,'Receptacle level',$,'Level:1/4" Head',#46,$,'Receptacle level',.ELEMENT.,299.99999999999613);
#48=IFCCARTESIANPOINT((0.,0.,900.));
#49=IFCAXIS2PLACEMENT3D(#48,$,$);
#50=IFCLOCALPLACEMENT(#30,#49);
#51=IFCBUILDINGSTOREY('1iDZV_Brn0Z9GW0EFhIosK',#18,'Sink height',$,'Level:1/4" Head',#50,$,'Sink height',.ELEMENT.,900.00000000000023);
#52=IFCCARTESIANPOINT((0.,0.,1200.));
#53=IFCAXIS2PLACEMENT3D(#52,$,$);
#54=IFCLOCALPLACEMENT(#30,#53);
#55=IFCBUILDINGSTOREY('2AhLRpNSP4f8mRIjrLfMod',#18,'Switch level',$,'Level:1/4" Head',#54,$,'Switch level',.ELEMENT.,1199.9999999999964);
#56=IFCCARTESIANPOINT((0.,0.,2300.));
#57=IFCAXIS2PLACEMENT3D(#56,$,$);
#58=IFCLOCALPLACEMENT(#30,#57);
#59=IFCBUILDINGSTOREY('20rBv4HojAY8M3avWLHA33',#18,'L3',$,'Level:1/4" Head',#58,$,'L3',.ELEMENT.,2300.0000000000091);
#60=IFCCARTESIANPOINT((0.,0.,3000.));
#61=IFCAXIS2PLACEMENT3D(#60,$,$);
#62=IFCLOCALPLACEMENT(#30,#61);
#63=IFCBUILDINGSTOREY('1ZGO8hrFCHqw0v0026FpFv',#18,'L2',$,'Level:1/4" Head',#62,$,'L2',.ELEMENT.,3000.);
#64=IFCCARTESIANPOINT((0.,0.,3300.));
#65=IFCAXIS2PLACEMENT3D(#64,$,$);
#66=IFCLOCALPLACEMENT(#30,#65);
#67=IFCBUILDINGSTOREY('1iDZV_Brn0Z9GW0EFhInC2',#18,'Pipe height',$,'Level:1/4" Head',#66,$,'Pipe height',.ELEMENT.,3300.);
#68=IFCAXIS2PLACEMENT3D(#3,$,$);
#69=IFCLOCALPLACEMENT($,#68);
#70=IFCSITE('1NNk23r4fCdBG4Kwzz8Urv',#18,'Default',$,$,#69,$,$,.ELEMENT.,(42,21,31,401672),(-71,-3,-24,-345703),0.,$,$);
#71=IFCAXIS2PLACEMENT3D(#3,$,$);
#72=IFCLOCALPLACEMENT(#42,#71);
#73=IFCCARTESIANPOINT((0.,0.));
#74=IFCAXIS2PLACEMENT2D(#73,#11);
#75=IFCRECTANGLEPROFILEDEF(.AREA.,$,#74,3437.5,3729.5);
#76=IFCCARTESIANPOINT((1926.75,927.25000000000011,0.));
#77=IFCAXIS2PLACEMENT3D(#76,#9,#8);
#78=IFCEXTRUDEDAREASOLID(#75,#77,#9,3048.);
#79=IFCSIUNIT(*,.PLANEANGLEUNIT.,$,.RADIAN.);
#80=IFCDIMENSIONALEXPONENTS(0,0,0,0,0,0,0);
#81=IFCMEASUREWITHUNIT(IFCPLANEANGLEMEASURE(0.017453292519943278),#79);
#82=IFCCONVERSIONBASEDUNIT(#80,.PLANEANGLEUNIT.,'DEGREE',#81);
#83=IFCSIUNIT(*,.AREAUNIT.,$,.SQUARE_METRE.);
#84=IFCSHAPEREPRESENTATION(#24,'Body','SweptSolid',(#78));
#85=IFCPRODUCTDEFINITIONSHAPE($,$,(#84));
#86=IFCSPACE('20rBv4HojAY8M3avWLH9fa',#18,'004',$,$,#72,#85,'Room',.ELEMENT.,.INTERNAL.,$);
#87=IFCSPACETYPE('3y$1jK8AT69uZZZVcxo5bV',#18,'004',$,$,$,$,'1201734',$,.NOTDEFINED.);
#88=IFCCARTESIANPOINT((62.,2646.,0.));
#89=IFCCARTESIANPOINT((3729.5,0.));
#90=IFCCARTESIANPOINT((3729.5,3437.5));
#91=IFCCARTESIANPOINT((0.,3437.5));
#92=IFCPOLYLINE((#4,#89,#90,#91,#4));
#93=IFCAXIS2PLACEMENT3D(#88,#10,#5);
#94=IFCPLANE(#93);
#95=IFCCURVEBOUNDEDPLANE(#94,#92,$);
#96=IFCCONNECTIONSURFACEGEOMETRY(#95,$);
#97=IFCCARTESIANPOINT((62.,2646.));
#98=IFCCARTESIANPOINT((62.,-791.49999999999977));
#99=IFCPOLYLINE((#97,#98));
#100=IFCARBITRARYOPENPROFILEDEF(.CURVE.,$,#99);
#101=IFCAXIS2PLACEMENT3D(#3,$,$);
#102=IFCSURFACEOFLINEAREXTRUSION(#100,#101,#9,3048.);
#103=IFCCONNECTIONSURFACEGEOMETRY(#102,$);
#104=IFCCARTESIANPOINT((62.,-791.50000000000011));
#105=IFCCARTESIANPOINT((3791.5,-791.50000000000011));
#106=IFCPOLYLINE((#104,#105));
#107=IFCARBITRARYOPENPROFILEDEF(.CURVE.,$,#106);
#108=IFCAXIS2PLACEMENT3D(#3,$,$);
#109=IFCSURFACEOFLINEAREXTRUSION(#107,#108,#9,3048.);
#110=IFCCONNECTIONSURFACEGEOMETRY(#109,$);
#111=IFCCARTESIANPOINT((3791.5,-791.50000000000011));
#112=IFCCARTESIANPOINT((3791.5,2646.));
#113=IFCPOLYLINE((#111,#112));
#114=IFCARBITRARYOPENPROFILEDEF(.CURVE.,$,#113);
#115=IFCAXIS2PLACEMENT3D(#3,$,$);
#116=IFCSURFACEOFLINEAREXTRUSION(#114,#115,#9,3048.);
#117=IFCCONNECTIONSURFACEGEOMETRY(#116,$);
#118=IFCCARTESIANPOINT((3791.5,2646.));
#119=IFCCARTESIANPOINT((62.,2646.));
#120=IFCPOLYLINE((#118,#119));
#121=IFCARBITRARYOPENPROFILEDEF(.CURVE.,$,#120);
#122=IFCAXIS2PLACEMENT3D(#3,$,$);
#123=IFCSURFACEOFLINEAREXTRUSION(#121,#122,#9,3048.);
#124=IFCCONNECTIONSURFACEGEOMETRY(#123,$);
#125=IFCPROPERTYSINGLEVALUE('Name',$,IFCLABEL('Room Name'),$);
#126=IFCPROPERTYSET('2gQ9TqCDLdbi_0hKvJD8YL',#18,'Pset_AirSideSystemInformation',$,(#125));
#127=IFCPROPERTYSINGLEVALUE('Name',$,IFCLABEL('Room Name'),$);
#128=IFCPROPERTYSET('3em6O8A6G96gk1_L0_teTy',#18,'Pset_ProductRequirements',$,(#127));
#129=IFCPROPERTYSINGLEVALUE('Reference',$,IFCIDENTIFIER('Room Name 004'),$);
#130=IFCPROPERTYSET('1lIhTBKwppco81pYQkGbP7',#18,'Pset_SpaceCommon',$,(#129));
#131=IFCRELDEFINESBYPROPERTIES('2m7OFRdd9fAZH517ZPG0PT',#18,$,$,(#86),#126);
#132=IFCRELDEFINESBYPROPERTIES('3t2y8pGk67anqVVImWNSrb',#18,$,$,(#86),#128);
#133=IFCRELDEFINESBYPROPERTIES('0rSNjGGmAbxMWbQEEu3dFQ',#18,$,$,(#86),#130);
#134=IFCAXIS2PLACEMENT3D(#3,$,$);
#135=IFCLOCALPLACEMENT(#42,#134);
#136=IFCCARTESIANPOINT((0.,621.58333333333337));
#137=IFCAXIS2PLACEMENT2D(#136,#11);
#138=IFCRECTANGLEPROFILEDEF(.AREA.,$,#137,7583.,3729.5);
#139=IFCCARTESIANPOINT((-1305.1666666666667,3000.,0.));
#140=IFCAXIS2PLACEMENT3D(#139,#9,#7);
#141=IFCEXTRUDEDAREASOLID(#138,#140,#9,3048.);
#142=IFCSHAPEREPRESENTATION(#24,'Body','SweptSolid',(#141));
#143=IFCPRODUCTDEFINITIONSHAPE($,$,(#142));
#144=IFCSPACE('20rBv4HojAY8M3avWLH9fY',#18,'005',$,$,#135,#143,'Room',.ELEMENT.,.INTERNAL.,$);
#145=IFCSPACETYPE('3y$1jK8AT69uZZZVcxo5bL',#18,'005',$,$,$,$,'1201740',$,.NOTDEFINED.);
#146=IFCCARTESIANPOINT((-62.,3300.,0.));
#147=IFCCARTESIANPOINT((600.,0.));
#148=IFCCARTESIANPOINT((4091.5,0.));
#149=IFCCARTESIANPOINT((4091.5,3729.5));
#150=IFCCARTESIANPOINT((-3491.5,3729.5));
#151=IFCCARTESIANPOINT((-3491.5,-0.));
#152=IFCPOLYLINE((#4,#147,#148,#149,#150,#151,#4));
#153=IFCAXIS2PLACEMENT3D(#146,#10,#8);
#154=IFCPLANE(#153);
#155=IFCCURVEBOUNDEDPLANE(#154,#152,$);
#156=IFCCONNECTIONSURFACEGEOMETRY(#155,$);
#157=IFCCARTESIANPOINT((-62.,3300.));
#158=IFCCARTESIANPOINT((-62.,6791.5));
#159=IFCPOLYLINE((#157,#158));
#160=IFCARBITRARYOPENPROFILEDEF(.CURVE.,$,#159);
#161=IFCAXIS2PLACEMENT3D(#3,$,$);
#162=IFCSURFACEOFLINEAREXTRUSION(#160,#161,#9,3048.);
#163=IFCCONNECTIONSURFACEGEOMETRY(#162,$);
#164=IFCCARTESIANPOINT((-62.,6791.5));
#165=IFCCARTESIANPOINT((-3791.5,6791.5));
#166=IFCPOLYLINE((#164,#165));
#167=IFCARBITRARYOPENPROFILEDEF(.CURVE.,$,#166);
#168=IFCAXIS2PLACEMENT3D(#3,$,$);
#169=IFCSURFACEOFLINEAREXTRUSION(#167,#168,#9,3048.);
#170=IFCCONNECTIONSURFACEGEOMETRY(#169,$);
#171=IFCCARTESIANPOINT((-3791.5,6791.5));
#172=IFCCARTESIANPOINT((-3791.5,-791.49999999999977));
#173=IFCPOLYLINE((#171,#172));
#174=IFCARBITRARYOPENPROFILEDEF(.CURVE.,$,#173);
#175=IFCAXIS2PLACEMENT3D(#3,$,$);
#176=IFCSURFACEOFLINEAREXTRUSION(#174,#175,#9,3048.);
#177=IFCCONNECTIONSURFACEGEOMETRY(#176,$);
#178=IFCCARTESIANPOINT((-3791.5,5291.4999999999864));
#179=IFCCARTESIANPOINT((-3791.5,4377.0999999999804));
#180=IFCPOLYLINE((#178,#179));
#181=IFCARBITRARYOPENPROFILEDEF(.CURVE.,$,#180);
#182=IFCCARTESIANPOINT((0.,0.,914.39999999999907));
#183=IFCAXIS2PLACEMENT3D(#182,$,$);
#184=IFCSURFACEOFLINEAREXTRUSION(#181,#183,#9,1219.2000000000039);
#185=IFCCONNECTIONSURFACEGEOMETRY(#184,$);
#186=IFCCARTESIANPOINT((-3791.5,1622.8999999999905));
#187=IFCCARTESIANPOINT((-3791.5,708.49999999998624));
#188=IFCPOLYLINE((#186,#187));
#189=IFCARBITRARYOPENPROFILEDEF(.CURVE.,$,#188);
#190=IFCCARTESIANPOINT((0.,0.,914.39999999999907));
#191=IFCAXIS2PLACEMENT3D(#190,$,$);
#192=IFCSURFACEOFLINEAREXTRUSION(#189,#191,#9,1219.2000000000039);
#193=IFCCONNECTIONSURFACEGEOMETRY(#192,$);
#194=IFCCARTESIANPOINT((-3791.5,-791.50000000000011));
#195=IFCCARTESIANPOINT((-62.,-791.50000000000011));
#196=IFCPOLYLINE((#194,#195));
#197=IFCARBITRARYOPENPROFILEDEF(.CURVE.,$,#196);
#198=IFCAXIS2PLACEMENT3D(#3,$,$);
#199=IFCSURFACEOFLINEAREXTRUSION(#197,#198,#9,3048.);
#200=IFCCONNECTIONSURFACEGEOMETRY(#199,$);
#201=IFCCARTESIANPOINT((-2438.,-791.50000000000011));
#202=IFCCARTESIANPOINT((-1422.,-791.50000000000011));
#203=IFCPOLYLINE((#201,#202));
#204=IFCARBITRARYOPENPROFILEDEF(.CURVE.,$,#203);
#205=IFCAXIS2PLACEMENT3D(#3,$,$);
#206=IFCSURFACEOFLINEAREXTRUSION(#204,#205,#9,2235.2000484466553);
#207=IFCCONNECTIONSURFACEGEOMETRY(#206,$);
#208=IFCCARTESIANPOINT((-62.,-791.50000000000011));
#209=IFCCARTESIANPOINT((-62.,2700.));
#210=IFCPOLYLINE((#208,#209));
#211=IFCARBITRARYOPENPROFILEDEF(.CURVE.,$,#210);
#212=IFCAXIS2PLACEMENT3D(#3,$,$);
#213=IFCSURFACEOFLINEAREXTRUSION(#211,#212,#9,3048.);
#214=IFCCONNECTIONSURFACEGEOMETRY(#213,$);
#215=IFCCARTESIANPOINT((-62.,2700.));
#216=IFCCARTESIANPOINT((-62.,3300.));
#217=IFCPOLYLINE((#215,#216));
#218=IFCARBITRARYOPENPROFILEDEF(.CURVE.,$,#217);
#219=IFCAXIS2PLACEMENT3D(#3,$,$);
#220=IFCSURFACEOFLINEAREXTRUSION(#218,#219,#9,3048.);
#221=IFCCONNECTIONSURFACEGEOMETRY(#220,$);
#222=IFCPROPERTYSINGLEVALUE('Name',$,IFCLABEL('Room Name'),$);
#223=IFCPROPERTYSET('3zf7MZxcfRMwtyyXLLs5an',#18,'Pset_AirSideSystemInformation',$,(#222));
#224=IFCPROPERTYSINGLEVALUE('Name',$,IFCLABEL('Room Name'),$);
#225=IFCPROPERTYSET('0LNGDasKmsCQjX__4ZpOqk',#18,'Pset_ProductRequirements',$,(#224));
#226=IFCPROPERTYSINGLEVALUE('Reference',$,IFCIDENTIFIER('Room Name 005'),$);
#227=IFCPROPERTYSET('1FuVdwwdi3smArAwUKe9M2',#18,'Pset_SpaceCommon',$,(#226));
#228=IFCRELDEFINESBYPROPERTIES('0m3mBgHWAonDrskD0CFJL5',#18,$,$,(#144),#223);
#229=IFCRELDEFINESBYPROPERTIES('3SdQXIRrYc1i6ZdgM1MMG_',#18,$,$,(#144),#225);
#230=IFCRELDEFINESBYPROPERTIES('2e8405Iu8qmSz4G0aOApih',#18,$,$,(#144),#227);
#231=IFCAXIS2PLACEMENT3D(#3,$,$);
#232=IFCLOCALPLACEMENT(#42,#231);
#233=IFCCARTESIANPOINT((-3.4106051316484809E-13,0.));
#234=IFCAXIS2PLACEMENT2D(#233,#11);
#235=IFCRECTANGLEPROFILEDEF(.AREA.,$,#234,3437.5,3729.5);
#236=IFCCARTESIANPOINT((1926.75,5072.75,0.));
#237=IFCAXIS2PLACEMENT3D(#236,#9,#8);
#238=IFCEXTRUDEDAREASOLID(#235,#237,#9,3048.);
#239=IFCSHAPEREPRESENTATION(#24,'Body','SweptSolid',(#238));
#240=IFCPRODUCTDEFINITIONSHAPE($,$,(#239));
#241=IFCSPACE('20rBv4HojAY8M3avWLH9f$',#18,'006',$,$,#232,#240,'Room',.ELEMENT.,.INTERNAL.,$);
#242=IFCSPACETYPE('3y$1jK8AT69uZZZVcxo5bN',#18,'006',$,$,$,$,'1201742',$,.NOTDEFINED.);
#243=IFCCARTESIANPOINT((62.,6791.5,0.));
#244=IFCCARTESIANPOINT((3729.5,0.));
#245=IFCCARTESIANPOINT((3729.5,3437.4999999999995));
#246=IFCCARTESIANPOINT((0.,3437.4999999999995));
#247=IFCPOLYLINE((#4,#244,#245,#246,#4));
#248=IFCAXIS2PLACEMENT3D(#243,#10,#5);
#249=IFCPLANE(#248);
#250=IFCCURVEBOUNDEDPLANE(#249,#247,$);
#251=IFCCONNECTIONSURFACEGEOMETRY(#250,$);
#252=IFCCARTESIANPOINT((62.,6791.5));
#253=IFCCARTESIANPOINT((62.,3354.));
#254=IFCPOLYLINE((#252,#253));
#255=IFCARBITRARYOPENPROFILEDEF(.CURVE.,$,#254);
#256=IFCAXIS2PLACEMENT3D(#3,$,$);
#257=IFCSURFACEOFLINEAREXTRUSION(#255,#256,#9,3048.);
#258=IFCCONNECTIONSURFACEGEOMETRY(#257,$);
#259=IFCCARTESIANPOINT((62.,3354.));
#260=IFCCARTESIANPOINT((3791.5,3354.));
#261=IFCPOLYLINE((#259,#260));
#262=IFCARBITRARYOPENPROFILEDEF(.CURVE.,$,#261);
#263=IFCAXIS2PLACEMENT3D(#3,$,$);
#264=IFCSURFACEOFLINEAREXTRUSION(#262,#263,#9,3048.);
#265=IFCCONNECTIONSURFACEGEOMETRY(#264,$);
#266=IFCCARTESIANPOINT((3791.5,3354.));
#267=IFCCARTESIANPOINT((3791.5,6791.5));
#268=IFCPOLYLINE((#266,#267));
#269=IFCARBITRARYOPENPROFILEDEF(.CURVE.,$,#268);
#270=IFCAXIS2PLACEMENT3D(#3,$,$);
#271=IFCSURFACEOFLINEAREXTRUSION(#269,#270,#9,3048.);
#272=IFCCONNECTIONSURFACEGEOMETRY(#271,$);
#273=IFCCARTESIANPOINT((3791.5,6791.5));
#274=IFCCARTESIANPOINT((62.,6791.5));
#275=IFCPOLYLINE((#273,#274));
#276=IFCARBITRARYOPENPROFILEDEF(.CURVE.,$,#275);
#277=IFCAXIS2PLACEMENT3D(#3,$,$);
#278=IFCSURFACEOFLINEAREXTRUSION(#276,#277,#9,3048.);
#279=IFCCONNECTIONSURFACEGEOMETRY(#278,$);
#280=IFCPROPERTYSINGLEVALUE('Name',$,IFCLABEL('Room Name'),$);
#281=IFCPROPERTYSET('3f3Q4o8ia3cAeenum3q$F4',#18,'Pset_AirSideSystemInformation',$,(#280));
#282=IFCPROPERTYSINGLEVALUE('Name',$,IFCLABEL('Room Name'),$);
#283=IFCPROPERTYSET('0bP5FDRNZcqrYoKpBMFtvW',#18,'Pset_ProductRequirements',$,(#282));
#284=IFCPROPERTYSINGLEVALUE('Reference',$,IFCIDENTIFIER('Room Name 006'),$);
#285=IFCPROPERTYSET('2DTk3BW8iCUnhT0Wbr1Ehx',#18,'Pset_SpaceCommon',$,(#284));
#286=IFCRELDEFINESBYPROPERTIES('2tjoRCSL$fyBHGkm_EcKvW',#18,$,$,(#241),#281);
#287=IFCRELDEFINESBYPROPERTIES('3jNvMVYwmDmCc5W$H32pBu',#18,$,$,(#241),#283);
#288=IFCRELDEFINESBYPROPERTIES('17brA9PRma5iO7xMOxFMR0',#18,$,$,(#241),#285);
#289=IFCAXIS2PLACEMENT3D(#3,$,$);
#290=IFCLOCALPLACEMENT(#42,#289);
#291=IFCCARTESIANPOINT((0.,0.));
#292=IFCAXIS2PLACEMENT2D(#291,#11);
#293=IFCRECTANGLEPROFILEDEF(.AREA.,$,#292,491.99999999999966,3729.5);
#294=IFCCARTESIANPOINT((1926.75,3000.,0.));
#295=IFCAXIS2PLACEMENT3D(#294,#9,#8);
#296=IFCEXTRUDEDAREASOLID(#293,#295,#9,3048.);
#297=IFCSHAPEREPRESENTATION(#24,'Body','SweptSolid',(#296));
#298=IFCPRODUCTDEFINITIONSHAPE($,$,(#297));
#299=IFCSPACE('1iDZV_Brn0Z9GW0EFhIoRX',#18,'MEP-001',$,$,#290,#298,'Room',.ELEMENT.,.INTERNAL.,$);
#300=IFCSPACETYPE('3y$1jK8AT69uZZZVcxo5b9',#18,'MEP-001',$,$,$,$,'1201744',$,.NOTDEFINED.);
#301=IFCCARTESIANPOINT((62.,3246.,0.));
#302=IFCCARTESIANPOINT((3729.5,0.));
#303=IFCCARTESIANPOINT((3729.5,492.));
#304=IFCCARTESIANPOINT((0.,492.));
#305=IFCPOLYLINE((#4,#302,#303,#304,#4));
#306=IFCAXIS2PLACEMENT3D(#301,#10,#5);
#307=IFCPLANE(#306);
#308=IFCCURVEBOUNDEDPLANE(#307,#305,$);
#309=IFCCONNECTIONSURFACEGEOMETRY(#308,$);
#310=IFCCARTESIANPOINT((62.,3246.));
#311=IFCCARTESIANPOINT((62.,2754.));
#312=IFCPOLYLINE((#310,#311));
#313=IFCARBITRARYOPENPROFILEDEF(.CURVE.,$,#312);
#314=IFCAXIS2PLACEMENT3D(#3,$,$);
#315=IFCSURFACEOFLINEAREXTRUSION(#313,#314,#9,3048.);
#316=IFCCONNECTIONSURFACEGEOMETRY(#315,$);
#317=IFCCARTESIANPOINT((62.,2754.));
#318=IFCCARTESIANPOINT((3791.5,2754.));
#319=IFCPOLYLINE((#317,#318));
#320=IFCARBITRARYOPENPROFILEDEF(.CURVE.,$,#319);
#321=IFCAXIS2PLACEMENT3D(#3,$,$);
#322=IFCSURFACEOFLINEAREXTRUSION(#320,#321,#9,3048.);
#323=IFCCONNECTIONSURFACEGEOMETRY(#322,$);
#324=IFCCARTESIANPOINT((3791.5,2754.));
#325=IFCCARTESIANPOINT((3791.5,3246.));
#326=IFCPOLYLINE((#324,#325));
#327=IFCARBITRARYOPENPROFILEDEF(.CURVE.,$,#326);
#328=IFCAXIS2PLACEMENT3D(#3,$,$);
#329=IFCSURFACEOFLINEAREXTRUSION(#327,#328,#9,3048.);
#330=IFCCONNECTIONSURFACEGEOMETRY(#329,$);
#331=IFCCARTESIANPOINT((3791.5,3246.));
#332=IFCCARTESIANPOINT((62.,3246.));
#333=IFCPOLYLINE((#331,#332));
#334=IFCARBITRARYOPENPROFILEDEF(.CURVE.,$,#333);
#335=IFCAXIS2PLACEMENT3D(#3,$,$);
#336=IFCSURFACEOFLINEAREXTRUSION(#334,#335,#9,3048.);
#337=IFCCONNECTIONSURFACEGEOMETRY(#336,$);
#338=IFCPROPERTYSINGLEVALUE('Reference',$,IFCIDENTIFIER('Room MEP-001'),$);
#339=IFCPROPERTYSET('1axsS2df7NsnPKXz1VO4vr',#18,'Pset_SpaceCommon',$,(#338));
#340=IFCRELDEFINESBYPROPERTIES('0K44WE0PvGZVXfC$d3dlor',#18,$,$,(#299),#339);
#341=IFCAXIS2PLACEMENT3D(#3,$,$);
#343=IFCAXIS2PLACEMENT3D(#3,$,$);
#345=IFCAXIS2PLACEMENT3D(#3,$,$);
#347=IFCAXIS2PLACEMENT3D(#3,$,$);
#349=IFCAXIS2PLACEMENT3D(#3,$,$);
#351=IFCCARTESIANPOINT((-654.04999999999507,-501.64999999999748));
#352=IFCCARTESIANPOINT((654.04999999999507,-501.64999999999748));
#353=IFCCARTESIANPOINT((654.04999999999507,501.64999999999804));
#354=IFCCARTESIANPOINT((-654.04999999999507,501.64999999999804));
#355=IFCPOLYLINE((#351,#352,#353,#354,#351));
#356=IFCCARTESIANPOINT((596.89999999999236,444.49999999999858));
#357=IFCCARTESIANPOINT((596.89999999999236,-444.5000000000029));
#358=IFCCARTESIANPOINT((-596.899999999991,-444.5000000000029));
#359=IFCCARTESIANPOINT((-596.899999999991,444.49999999999858));
#360=IFCPOLYLINE((#356,#357,#358,#359,#356));
#361=IFCARBITRARYPROFILEDEFWITHVOIDS(.AREA.,'Picture Frame:1224791:Picture Frame:1224791 : Trim-Window-Interior-Flat:Picture Frame:1224791:1200393:Picture Frame:1224791:Picture Frame:1224791 : Trim-Window-Interior-Flat:Picture Frame:1224791:1200393 : Trim-Window-Interior-Flat:Picture Frame:1224791:Picture Frame:1224791 : Trim-Window-Interior-Flat:Picture Frame:1224791:1200393:1200241 : Trim-Window-Interior-Flat:Picture Frame:1224791:Picture Frame:1224791 : Trim-Window-Interior-Flat:Picture Frame:1224791:1200393:Picture Frame:1224791:Picture Frame:1224791 : Trim-Window-Interior-Flat:Picture Frame:1224791:1200393 : Trim-Window-Interior-Flat:Picture Frame:1224791:Picture Frame:1224791 : Trim-Window-Interior-Flat:Picture Frame:1224791:1200393:1200241',#355,(#360));
#362=IFCCARTESIANPOINT((-3791.4999999999964,4834.2999999999738,1524.));
#363=IFCAXIS2PLACEMENT3D(#362,#5,#9);
#364=IFCEXTRUDEDAREASOLID(#361,#363,#9,31.749999999999822);
#365=IFCCOLOURRGB($,0.67843137254901964,0.51764705882352946,0.37647058823529411);
#366=IFCSURFACESTYLERENDERING(#365,0.,$,$,$,$,IFCNORMALISEDRATIOMEASURE(0.5),IFCSPECULAREXPONENT(128.),.NOTDEFINED.);
#367=IFCSURFACESTYLE('Wood - Stained',.BOTH.,(#366));
#368=IFCPRESENTATIONSTYLEASSIGNMENT((#367));
#369=IFCSTYLEDITEM(#364,(#368),$);
#370=IFCSHAPEREPRESENTATION(#24,'Body','SweptSolid',(#364));
#371=IFCAXIS2PLACEMENT3D(#3,$,$);
#372=IFCREPRESENTATIONMAP(#371,#370);
#373=IFCBUILDINGELEMENTPROXYTYPE('3y$1jK8AT69uZZXVcxo5zs',#18,'Trim-Window-Interior-Flat:Picture Frame:1224791:Picture Frame:1224791 : Trim-Window-Interior-Flat:Picture Frame:1224791:1200393:Picture Frame:1224791:Picture Frame:1224791 : Trim-Window-Interior-Flat:Picture Frame:1224791:1200393 : Trim-Window-Interior-Flat:Picture Frame:1224791:Picture Frame:1224791 : Trim-Window-Interior-Flat:Picture Frame:1224791:1200393:1200241',$,$,(#394,#395),(#372),'1200239',$,.NOTDEFINED.);
#374=IFCMATERIAL('Wood - Stained');
#375=IFCPRESENTATIONSTYLEASSIGNMENT((#367));
#376=IFCSTYLEDITEM($,(#375),$);
#377=IFCSTYLEDREPRESENTATION(#22,'Style','Material',(#376));
#378=IFCMATERIALDEFINITIONREPRESENTATION($,$,(#377),#374);
#379=IFCCARTESIANTRANSFORMATIONOPERATOR3D($,$,#3,1.,$);
#380=IFCMAPPEDITEM(#372,#379);
#381=IFCSHAPEREPRESENTATION(#24,'Body','MappedRepresentation',(#380));
#382=IFCPRODUCTDEFINITIONSHAPE($,$,(#381));
#383=IFCCARTESIANPOINT((0.,0.,-900.));
#384=IFCAXIS2PLACEMENT3D(#383,$,$);
#386=IFCAXIS2PLACEMENT3D(#3,$,$);
#387=IFCLOCALPLACEMENT(#135,#386);
#388=IFCBUILDINGELEMENTPROXY('0Qtcn7X097yu33tgJHTkSx',#18,'Trim-Window-Interior-Flat:Picture Frame:1224791:Picture Frame:1224791 : Trim-Window-Interior-Flat:Picture Frame:1224791:1200393:Picture Frame:1224791:Picture Frame:1224791 : Trim-Window-Interior-Flat:Picture Frame:1224791:1200393 : Trim-Window-Interior-Flat:Picture Frame:1224791:Picture Frame:1224791 : Trim-Window-Interior-Flat:Picture Frame:1224791:1200393:1200241:Picture Frame:1224791:Picture Frame:1224791 : Trim-Window-Interior-Flat:Picture Frame:1224791:1200393:Picture Frame:1224791:Picture Frame:1224791 : Trim-Window-Interior-Flat:Picture Frame:1224791:1200393 : Trim-Window-Interior-Flat:Picture Frame:1224791:Picture Frame:1224791 : Trim-Window-Interior-Flat:Picture Frame:1224791:1200393:1200241 : Trim-Window-Interior-Flat:Picture Frame:1224791:Picture Frame:1224791 : Trim-Window-Interior-Flat:Picture Frame:1224791:1200393:Picture Frame:1224791:Picture Frame:1224791 : Trim-Window-Interior-Flat:Picture Frame:1224791:1200393 : Trim-Window-Interior-Flat:Picture Frame:1224791:Picture Frame:1224791 : Trim-Window-Interior-Flat:Picture Frame:1224791:1200393:1200241:1200241',$,'Trim-Window-Interior-Flat:Picture Frame:1224791:Picture Frame:1224791 : Trim-Window-Interior-Flat:Picture Frame:1224791:1200393:Picture Frame:1224791:Picture Frame:1224791 : Trim-Window-Interior-Flat:Picture Frame:1224791:1200393 : Trim-Window-Interior-Flat:Picture Frame:1224791:Picture Frame:1224791 : Trim-Window-Interior-Flat:Picture Frame:1224791:1200393:1200241:Picture Frame:1224791:Picture Frame:1224791 : Trim-Window-Interior-Flat:Picture Frame:1224791:1200393:Picture Frame:1224791:Picture Frame:1224791 : Trim-Window-Interior-Flat:Picture Frame:1224791:1200393 : Trim-Window-Interior-Flat:Picture Frame:1224791:Picture Frame:1224791 : Trim-Window-Interior-Flat:Picture Frame:1224791:1200393:1200241 : Trim-Window-Interior-Flat:Picture Frame:1224791:Picture Frame:1224791 : Trim-Window-Interior-Flat:Picture Frame:1224791:1200393:Picture Frame:1224791:Picture Frame:1224791 : Trim-Window-Interior-Flat:Picture Frame:1224791:1200393 : Trim-Window-Interior-Flat:Picture Frame:1224791:Picture Frame:1224791 : Trim-Window-Interior-Flat:Picture Frame:1224791:1200393:1200241',#387,#382,'1200241',$);
#389=IFCPROPERTYSINGLEVALUE('Reference',$,IFCIDENTIFIER('Picture Frame'),$);
#390=IFCPROPERTYSET('0sQgiDAXJhT$xLt1OiF9mO',#18,'Pset_BuildingElementProxyCommon',$,(#389));
#391=IFCPROPERTYSET('1DS3fJAAYLs2zCUcW$YV6x',#18,'Pset_QuantityTakeOff',$,(#389));
#392=IFCRELDEFINESBYPROPERTIES('2hqcPKJjIfpzBpotJguTtN',#18,$,$,(#388),#390);
#393=IFCRELDEFINESBYPROPERTIES('0YmAOf5xVwSJJQUOlJkhSr',#18,$,$,(#388),#391);
#394=IFCPROPERTYSET('30VQN4rx7MDMyi0Ff1FEK8',#18,'Pset_BuildingElementProxyCommon',$,(#389));
#395=IFCPROPERTYSET('1IZv428j1JoJ9bDCrPR1Av',#18,'Pset_QuantityTakeOff',$,(#389));
#396=IFCAXIS2PLACEMENT3D(#3,$,$);
#398=IFCCARTESIANPOINT((-654.04999999999507,-501.64999999999776));
#399=IFCCARTESIANPOINT((654.04999999999507,-501.64999999999776));
#400=IFCCARTESIANPOINT((654.04999999999507,501.64999999999776));
#401=IFCCARTESIANPOINT((-654.04999999999507,501.64999999999776));
#402=IFCPOLYLINE((#398,#399,#400,#401,#398));
#403=IFCCARTESIANPOINT((596.89999999999236,444.49999999999761));
#404=IFCCARTESIANPOINT((596.89999999999236,-444.50000000000261));
#405=IFCCARTESIANPOINT((-596.899999999991,-444.50000000000261));
#406=IFCCARTESIANPOINT((-596.899999999991,444.49999999999761));
#407=IFCPOLYLINE((#403,#404,#405,#406,#403));
#408=IFCARBITRARYPROFILEDEFWITHVOIDS(.AREA.,'Picture Frame:1224929:Picture Frame:1224929 : Trim-Window-Interior-Flat:Picture Frame:1224929:1200411:Picture Frame:1224929:Picture Frame:1224929 : Trim-Window-Interior-Flat:Picture Frame:1224929:1200411 : Trim-Window-Interior-Flat:Picture Frame:1224929:Picture Frame:1224929 : Trim-Window-Interior-Flat:Picture Frame:1224929:1200411:1200267 : Trim-Window-Interior-Flat:Picture Frame:1224929:Picture Frame:1224929 : Trim-Window-Interior-Flat:Picture Frame:1224929:1200411:Picture Frame:1224929:Picture Frame:1224929 : Trim-Window-Interior-Flat:Picture Frame:1224929:1200411 : Trim-Window-Interior-Flat:Picture Frame:1224929:Picture Frame:1224929 : Trim-Window-Interior-Flat:Picture Frame:1224929:1200411:1200267',#402,(#407));
#409=IFCCARTESIANPOINT((-3791.4999999999964,1165.6999999999773,1524.));
#410=IFCAXIS2PLACEMENT3D(#409,#5,#9);
#411=IFCEXTRUDEDAREASOLID(#408,#410,#9,31.749999999999822);
#412=IFCSTYLEDITEM(#411,(#368),$);
#413=IFCSHAPEREPRESENTATION(#24,'Body','SweptSolid',(#411));
#414=IFCAXIS2PLACEMENT3D(#3,$,$);
#415=IFCREPRESENTATIONMAP(#414,#413);
#416=IFCBUILDINGELEMENTPROXYTYPE('3y$1jK8AT69uZZXVcxo5_G',#18,'Trim-Window-Interior-Flat:Picture Frame:1224929:Picture Frame:1224929 : Trim-Window-Interior-Flat:Picture Frame:1224929:1200411:Picture Frame:1224929:Picture Frame:1224929 : Trim-Window-Interior-Flat:Picture Frame:1224929:1200411 : Trim-Window-Interior-Flat:Picture Frame:1224929:Picture Frame:1224929 : Trim-Window-Interior-Flat:Picture Frame:1224929:1200411:1200267',$,$,(#430,#431),(#415),'1200265',$,.NOTDEFINED.);
#417=IFCMAPPEDITEM(#415,#379);
#418=IFCSHAPEREPRESENTATION(#24,'Body','MappedRepresentation',(#417));
#419=IFCPRODUCTDEFINITIONSHAPE($,$,(#418));
#420=IFCCARTESIANPOINT((0.,0.,-900.));
#421=IFCAXIS2PLACEMENT3D(#420,$,$);
#423=IFCAXIS2PLACEMENT3D(#3,$,$);
#424=IFCLOCALPLACEMENT(#135,#423);
#425=IFCBUILDINGELEMENTPROXY('0Qtcn7X097yu33tgJHTkUD',#18,'Trim-Window-Interior-Flat:Picture Frame:1224929:Picture Frame:1224929 : Trim-Window-Interior-Flat:Picture Frame:1224929:1200411:Picture Frame:1224929:Picture Frame:1224929 : Trim-Window-Interior-Flat:Picture Frame:1224929:1200411 : Trim-Window-Interior-Flat:Picture Frame:1224929:Picture Frame:1224929 : Trim-Window-Interior-Flat:Picture Frame:1224929:1200411:1200267:Picture Frame:1224929:Picture Frame:1224929 : Trim-Window-Interior-Flat:Picture Frame:1224929:1200411:Picture Frame:1224929:Picture Frame:1224929 : Trim-Window-Interior-Flat:Picture Frame:1224929:1200411 : Trim-Window-Interior-Flat:Picture Frame:1224929:Picture Frame:1224929 : Trim-Window-Interior-Flat:Picture Frame:1224929:1200411:1200267 : Trim-Window-Interior-Flat:Picture Frame:1224929:Picture Frame:1224929 : Trim-Window-Interior-Flat:Picture Frame:1224929:1200411:Picture Frame:1224929:Picture Frame:1224929 : Trim-Window-Interior-Flat:Picture Frame:1224929:1200411 : Trim-Window-Interior-Flat:Picture Frame:1224929:Picture Frame:1224929 : Trim-Window-Interior-Flat:Picture Frame:1224929:1200411:1200267:1200267',$,'Trim-Window-Interior-Flat:Picture Frame:1224929:Picture Frame:1224929 : Trim-Window-Interior-Flat:Picture Frame:1224929:1200411:Picture Frame:1224929:Picture Frame:1224929 : Trim-Window-Interior-Flat:Picture Frame:1224929:1200411 : Trim-Window-Interior-Flat:Picture Frame:1224929:Picture Frame:1224929 : Trim-Window-Interior-Flat:Picture Frame:1224929:1200411:1200267:Picture Frame:1224929:Picture Frame:1224929 : Trim-Window-Interior-Flat:Picture Frame:1224929:1200411:Picture Frame:1224929:Picture Frame:1224929 : Trim-Window-Interior-Flat:Picture Frame:1224929:1200411 : Trim-Window-Interior-Flat:Picture Frame:1224929:Picture Frame:1224929 : Trim-Window-Interior-Flat:Picture Frame:1224929:1200411:1200267 : Trim-Window-Interior-Flat:Picture Frame:1224929:Picture Frame:1224929 : Trim-Window-Interior-Flat:Picture Frame:1224929:1200411:Picture Frame:1224929:Picture Frame:1224929 : Trim-Window-Interior-Flat:Picture Frame:1224929:1200411 : Trim-Window-Interior-Flat:Picture Frame:1224929:Picture Frame:1224929 : Trim-Window-Interior-Flat:Picture Frame:1224929:1200411:1200267',#424,#419,'1200267',$);
#426=IFCPROPERTYSET('2fQWE0YL3danq9RUPGl5Xe',#18,'Pset_BuildingElementProxyCommon',$,(#389));
#427=IFCPROPERTYSET('0NUGszm8vk1P2wxCAmZfEG',#18,'Pset_QuantityTakeOff',$,(#389));
#428=IFCRELDEFINESBYPROPERTIES('1UWSz_fTuzqk_0uW65YS3b',#18,$,$,(#425),#426);
#429=IFCRELDEFINESBYPROPERTIES('3cYgh4qE4kErVXzu78fkNq',#18,$,$,(#425),#427);
#430=IFCPROPERTYSET('3rmlcnIADxOfEcLKpbW7Xj',#18,'Pset_BuildingElementProxyCommon',$,(#389));
#431=IFCPROPERTYSET('0eIEI9WvyeUScUE97xSnHs',#18,'Pset_QuantityTakeOff',$,(#389));
#432=IFCAXIS2PLACEMENT3D(#3,$,$);
#434=IFCAXIS2PLACEMENT3D(#3,$,$);
#436=IFCCARTESIANPOINT((6.3499999999736501,-6.3500000000120922));
#437=IFCCARTESIANPOINT((419.10000000000815,-6.3500000000120922));
#438=IFCCARTESIANPOINT((419.10000000000815,6.3499999999869159));
#439=IFCCARTESIANPOINT((6.3499999999828551,6.3499999999869159));
#440=IFCCARTESIANPOINT((6.3499999999828551,571.50000000004457));
#441=IFCCARTESIANPOINT((-6.3500000000196719,571.50000000004457));
#442=IFCCARTESIANPOINT((-6.3500000000196719,6.3499999999907057));
#443=IFCCARTESIANPOINT((-419.09999999992311,6.3499999999907057));
#444=IFCCARTESIANPOINT((-419.09999999992311,-6.3500000000101968));
#445=IFCCARTESIANPOINT((-6.3500000000250862,-6.3500000000101968));
#446=IFCCARTESIANPOINT((-6.3500000000250862,-571.4999999999992));
#447=IFCCARTESIANPOINT((6.3499999999736501,-571.4999999999992));
#448=IFCPOLYLINE((#436,#437,#438,#439,#440,#441,#442,#443,#444,#445,#446,#447,#436));
#449=IFCARBITRARYCLOSEDPROFILEDEF(.AREA.,'Muntin Pattern_2x2:1224789:Muntin Pattern_2x2:1224789 : Muntin Pattern_2x2:Muntin Pattern_2x2:1224789:1200234:Muntin Pattern_2x2:1224789:Muntin Pattern_2x2:1224789 : Muntin Pattern_2x2:Muntin Pattern_2x2:1224789:1200234 : Muntin Pattern_2x2:Muntin Pattern_2x2:1224789:Muntin Pattern_2x2:1224789 : Muntin Pattern_2x2:Muntin Pattern_2x2:1224789:1200234:1200292 : Muntin Pattern_2x2:Muntin Pattern_2x2:1224789:Muntin Pattern_2x2:1224789 : Muntin Pattern_2x2:Muntin Pattern_2x2:1224789:1200234:Muntin Pattern_2x2:1224789:Muntin Pattern_2x2:1224789 : Muntin Pattern_2x2:Muntin Pattern_2x2:1224789:1200234 : Muntin Pattern_2x2:Muntin Pattern_2x2:1224789:Muntin Pattern_2x2:1224789 : Muntin Pattern_2x2:Muntin Pattern_2x2:1224789:1200234:1200292',#448);
#450=IFCCARTESIANPOINT((-4189.4499999999798,4834.2999999999593,1524.));
#451=IFCAXIS2PLACEMENT3D(#450,#5,#8);
#452=IFCEXTRUDEDAREASOLID(#449,#451,#9,12.699999999996029);
#453=IFCCARTESIANPOINT((6.3499999999720265,-6.3500000000397057));
#454=IFCCARTESIANPOINT((419.1000000000119,-6.3500000000397057));
#455=IFCCARTESIANPOINT((419.1000000000119,6.349999999957407));
#456=IFCCARTESIANPOINT((6.3499999999812307,6.349999999957407));
#457=IFCCARTESIANPOINT((6.3499999999812307,571.50000000006196));
#458=IFCCARTESIANPOINT((-6.3500000000158821,571.50000000006196));
#459=IFCCARTESIANPOINT((-6.3500000000158821,6.3499999999647168));
#460=IFCCARTESIANPOINT((-419.09999999992095,6.3499999999647168));
#461=IFCCARTESIANPOINT((-419.09999999992095,-6.3500000000337495));
#462=IFCCARTESIANPOINT((-6.3500000000277934,-6.3500000000337495));
#463=IFCCARTESIANPOINT((-6.3500000000277934,-571.49999999991121));
#464=IFCCARTESIANPOINT((6.3499999999720265,-571.49999999991121));
#465=IFCPOLYLINE((#453,#454,#455,#456,#457,#458,#459,#460,#461,#462,#463,#464,#453));
#466=IFCARBITRARYCLOSEDPROFILEDEF(.AREA.,'Muntin Pattern_2x2:1224789:Muntin Pattern_2x2:1224789 : Muntin Pattern_2x2:Muntin Pattern_2x2:1224789:1200234:Muntin Pattern_2x2:1224789:Muntin Pattern_2x2:1224789 : Muntin Pattern_2x2:Muntin Pattern_2x2:1224789:1200234 : Muntin Pattern_2x2:Muntin Pattern_2x2:1224789:Muntin Pattern_2x2:1224789 : Muntin Pattern_2x2:Muntin Pattern_2x2:1224789:1200234:1200292 : Muntin Pattern_2x2:Muntin Pattern_2x2:1224789:Muntin Pattern_2x2:1224789 : Muntin Pattern_2x2:Muntin Pattern_2x2:1224789:1200234:Muntin Pattern_2x2:1224789:Muntin Pattern_2x2:1224789 : Muntin Pattern_2x2:Muntin Pattern_2x2:1224789:1200234 : Muntin Pattern_2x2:Muntin Pattern_2x2:1224789:Muntin Pattern_2x2:1224789 : Muntin Pattern_2x2:Muntin Pattern_2x2:1224789:1200234:1200292',#465);
#467=IFCCARTESIANPOINT((-4221.1999999999962,4834.2999999999602,1524.));
#468=IFCAXIS2PLACEMENT3D(#467,#5,#8);
#469=IFCEXTRUDEDAREASOLID(#466,#468,#9,12.699999999996029);
#470=IFCSTYLEDITEM(#452,(#368),$);
#471=IFCCOLOURRGB($,0.96078431372549022,0.96078431372549022,0.95294117647058818);
#472=IFCSURFACESTYLERENDERING(#471,0.,$,$,$,$,IFCNORMALISEDRATIOMEASURE(0.5),IFCSPECULAREXPONENT(128.),.NOTDEFINED.);
#473=IFCSURFACESTYLE('Clad - White',.BOTH.,(#472));
#474=IFCPRESENTATIONSTYLEASSIGNMENT((#473));
#475=IFCSTYLEDITEM(#469,(#474),$);
#476=IFCSHAPEREPRESENTATION(#24,'Body','SweptSolid',(#452,#469));
#477=IFCAXIS2PLACEMENT3D(#3,$,$);
#478=IFCREPRESENTATIONMAP(#477,#476);
#479=IFCBUILDINGELEMENTPROXYTYPE('3y$1jK8AT69uZZXVcxo5_x',#18,'Muntin Pattern_2x2:Muntin Pattern_2x2:1224789:Muntin Pattern_2x2:1224789 : Muntin Pattern_2x2:Muntin Pattern_2x2:1224789:1200234:Muntin Pattern_2x2:1224789:Muntin Pattern_2x2:1224789 : Muntin Pattern_2x2:Muntin Pattern_2x2:1224789:1200234 : Muntin Pattern_2x2:Muntin Pattern_2x2:1224789:Muntin Pattern_2x2:1224789 : Muntin Pattern_2x2:Muntin Pattern_2x2:1224789:1200234:1200292',$,$,(#498,#499),(#478),'1200290',$,.NOTDEFINED.);
#480=IFCMATERIAL('Clad - White');
#481=IFCPRESENTATIONSTYLEASSIGNMENT((#473));
#482=IFCSTYLEDITEM($,(#481),$);
#483=IFCSTYLEDREPRESENTATION(#22,'Style','Material',(#482));
#484=IFCMATERIALDEFINITIONREPRESENTATION($,$,(#483),#480);
#485=IFCMATERIALLIST((#374,#480));
#486=IFCMAPPEDITEM(#478,#379);
#487=IFCSHAPEREPRESENTATION(#24,'Body','MappedRepresentation',(#486));
#488=IFCPRODUCTDEFINITIONSHAPE($,$,(#487));
#489=IFCCARTESIANPOINT((0.,0.,-900.));
#490=IFCAXIS2PLACEMENT3D(#489,$,$);
#491=IFCLOCALPLACEMENT(#50,#490);
#492=IFCBUILDINGELEMENTPROXY('0Qtcn7X097yu33tgJHTkSv',#18,'Muntin Pattern_2x2:Muntin Pattern_2x2:1224789:Muntin Pattern_2x2:1224789 : Muntin Pattern_2x2:Muntin Pattern_2x2:1224789:1200234:Muntin Pattern_2x2:1224789:Muntin Pattern_2x2:1224789 : Muntin Pattern_2x2:Muntin Pattern_2x2:1224789:1200234 : Muntin Pattern_2x2:Muntin Pattern_2x2:1224789:Muntin Pattern_2x2:1224789 : Muntin Pattern_2x2:Muntin Pattern_2x2:1224789:1200234:1200292:Muntin Pattern_2x2:1224789:Muntin Pattern_2x2:1224789 : Muntin Pattern_2x2:Muntin Pattern_2x2:1224789:1200234:Muntin Pattern_2x2:1224789:Muntin Pattern_2x2:1224789 : Muntin Pattern_2x2:Muntin Pattern_2x2:1224789:1200234 : Muntin Pattern_2x2:Muntin Pattern_2x2:1224789:Muntin Pattern_2x2:1224789 : Muntin Pattern_2x2:Muntin Pattern_2x2:1224789:1200234:1200292 : Muntin Pattern_2x2:Muntin Pattern_2x2:1224789:Muntin Pattern_2x2:1224789 : Muntin Pattern_2x2:Muntin Pattern_2x2:1224789:1200234:Muntin Pattern_2x2:1224789:Muntin Pattern_2x2:1224789 : Muntin Pattern_2x2:Muntin Pattern_2x2:1224789:1200234 : Muntin Pattern_2x2:Muntin Pattern_2x2:1224789:Muntin Pattern_2x2:1224789 : Muntin Pattern_2x2:Muntin Pattern_2x2:1224789:1200234:1200292:1200292',$,'Muntin Pattern_2x2:Muntin Pattern_2x2:1224789:Muntin Pattern_2x2:1224789 : Muntin Pattern_2x2:Muntin Pattern_2x2:1224789:1200234:Muntin Pattern_2x2:1224789:Muntin Pattern_2x2:1224789 : Muntin Pattern_2x2:Muntin Pattern_2x2:1224789:1200234 : Muntin Pattern_2x2:Muntin Pattern_2x2:1224789:Muntin Pattern_2x2:1224789 : Muntin Pattern_2x2:Muntin Pattern_2x2:1224789:1200234:1200292:Muntin Pattern_2x2:1224789:Muntin Pattern_2x2:1224789 : Muntin Pattern_2x2:Muntin Pattern_2x2:1224789:1200234:Muntin Pattern_2x2:1224789:Muntin Pattern_2x2:1224789 : Muntin Pattern_2x2:Muntin Pattern_2x2:1224789:1200234 : Muntin Pattern_2x2:Muntin Pattern_2x2:1224789:Muntin Pattern_2x2:1224789 : Muntin Pattern_2x2:Muntin Pattern_2x2:1224789:1200234:1200292 : Muntin Pattern_2x2:Muntin Pattern_2x2:1224789:Muntin Pattern_2x2:1224789 : Muntin Pattern_2x2:Muntin Pattern_2x2:1224789:1200234:Muntin Pattern_2x2:1224789:Muntin Pattern_2x2:1224789 : Muntin Pattern_2x2:Muntin Pattern_2x2:1224789:1200234 : Muntin Pattern_2x2:Muntin Pattern_2x2:1224789:Muntin Pattern_2x2:1224789 : Muntin Pattern_2x2:Muntin Pattern_2x2:1224789:1200234:1200292',#491,#488,'1200292',$);
#493=IFCPROPERTYSINGLEVALUE('Reference',$,IFCIDENTIFIER('Muntin Pattern_2x2'),$);
#494=IFCPROPERTYSET('0IjBVC4h1GHapvxFLLJUwa',#18,'Pset_BuildingElementProxyCommon',$,(#493));
#495=IFCPROPERTYSET('3AZHM1d_CSBd_nhufImr3l',#18,'Pset_QuantityTakeOff',$,(#493));
#496=IFCRELDEFINESBYPROPERTIES('0keWo0LlNRO15km6th2yhM',#18,$,$,(#492),#494);
#497=IFCRELDEFINESBYPROPERTIES('1O7Aer5PgeFvLjI_5YNctu',#18,$,$,(#492),#495);
#498=IFCPROPERTYSET('2CHN7UMgZ0G2PYsMAGQJcT',#18,'Pset_BuildingElementProxyCommon',$,(#493));
#499=IFCPROPERTYSET('1Brjh_hn9uWrJwUxtDX1q_',#18,'Pset_QuantityTakeOff',$,(#493));
#500=IFCAXIS2PLACEMENT3D(#3,$,$);
#502=IFCCARTESIANPOINT((-652.46250000000089,-514.34999999999673));
#503=IFCCARTESIANPOINT((623.88749999999948,-514.34999999999673));
#504=IFCCARTESIANPOINT((623.88749999999948,-457.20000000000005));
#505=IFCCARTESIANPOINT((-595.31249999999841,-457.20000000000005));
#506=IFCCARTESIANPOINT((-595.31249999999841,457.19999999999891));
#507=IFCCARTESIANPOINT((623.88749999999948,457.19999999999891));
#508=IFCCARTESIANPOINT((623.88749999999948,514.35000000000002));
#509=IFCCARTESIANPOINT((-652.46250000000089,514.35000000000002));
#510=IFCPOLYLINE((#502,#503,#504,#505,#506,#507,#508,#509,#502));
#511=IFCARBITRARYCLOSEDPROFILEDEF(.AREA.,'with Sill:1224790:with Sill:1224790 : Trim-Window-Exterior-Flat:with Sill:1224790:1200279:with Sill:1224790:with Sill:1224790 : Trim-Window-Exterior-Flat:with Sill:1224790:1200279 : Trim-Window-Exterior-Flat:with Sill:1224790:with Sill:1224790 : Trim-Window-Exterior-Flat:with Sill:1224790:1200279:1200329 : Trim-Window-Exterior-Flat:with Sill:1224790:with Sill:1224790 : Trim-Window-Exterior-Flat:with Sill:1224790:1200279:with Sill:1224790:with Sill:1224790 : Trim-Window-Exterior-Flat:with Sill:1224790:1200279 : Trim-Window-Exterior-Flat:with Sill:1224790:with Sill:1224790 : Trim-Window-Exterior-Flat:with Sill:1224790:1200279:1200329',#510);
#512=IFCCARTESIANPOINT((-4227.5499999999965,4834.2999999999847,1538.2875000000038));
#513=IFCAXIS2PLACEMENT3D(#512,#5,#10);
#514=IFCEXTRUDEDAREASOLID(#511,#513,#9,19.050000000000001);
#515=IFCCARTESIANPOINT((-17.191050578973307,-15.630816779853985));
#516=IFCCARTESIANPOINT((2.0168795844978451,-15.630816779853994));
#517=IFCCARTESIANPOINT((20.910247943856611,-13.192962798000588));
#518=IFCCARTESIANPOINT((18.071540269929333,8.8070216749297519));
#519=IFCCARTESIANPOINT((-0.82182808942943208,6.3691676930763457));
#520=IFCCARTESIANPOINT((-2.0462103852622064,15.858130485777734));
#521=IFCCARTESIANPOINT((-20.93957874462312,13.42027650392405));
#522=IFCPOLYLINE((#515,#516,#517,#518,#519,#520,#521,#515));
#523=IFCARBITRARYCLOSEDPROFILEDEF(.AREA.,'with Sill:1224790:with Sill:1224790 : Trim-Window-Exterior-Flat:with Sill:1224790:1200279:with Sill:1224790:with Sill:1224790 : Trim-Window-Exterior-Flat:with Sill:1224790:1200279 : Trim-Window-Exterior-Flat:with Sill:1224790:with Sill:1224790 : Trim-Window-Exterior-Flat:with Sill:1224790:1200279:1200329 : Trim-Window-Exterior-Flat:with Sill:1224790:with Sill:1224790 : Trim-Window-Exterior-Flat:with Sill:1224790:1200279:with Sill:1224790:with Sill:1224790 : Trim-Window-Exterior-Flat:with Sill:1224790:1200279 : Trim-Window-Exterior-Flat:with Sill:1224790:with Sill:1224790 : Trim-Window-Exterior-Flat:with Sill:1224790:1200279:1200329',#522);
#524=IFCCARTESIANPOINT((-4227.5499999999802,4307.2499999999745,898.6395991020662));
#525=IFCDIRECTION((0.99177786663402079,-0.,0.12797133763023147));
#526=IFCAXIS2PLACEMENT3D(#524,#7,#525);
#527=IFCEXTRUDEDAREASOLID(#523,#526,#9,1054.1000000000035);
#528=IFCCARTESIANPOINT((-2.708944180085382E-13,5.1159076974727213E-13));
#529=IFCAXIS2PLACEMENT2D(#528,#11);
#530=IFCRECTANGLEPROFILEDEF(.AREA.,'with Sill:1224790:with Sill:1224790 : Trim-Window-Exterior-Flat:with Sill:1224790:1200279:with Sill:1224790:with Sill:1224790 : Trim-Window-Exterior-Flat:with Sill:1224790:1200279 : Trim-Window-Exterior-Flat:with Sill:1224790:with Sill:1224790 : Trim-Window-Exterior-Flat:with Sill:1224790:1200279:1200329 : Trim-Window-Exterior-Flat:with Sill:1224790:with Sill:1224790 : Trim-Window-Exterior-Flat:with Sill:1224790:1200279:with Sill:1224790:with Sill:1224790 : Trim-Window-Exterior-Flat:with Sill:1224790:1200279 : Trim-Window-Exterior-Flat:with Sill:1224790:with Sill:1224790 : Trim-Window-Exterior-Flat:with Sill:1224790:1200279:1200329',#529,19.049999999999457,1028.6999999999966);
#531=IFCCARTESIANPOINT((-4218.0249999999969,4834.2999999999856,835.06762911528142));
#532=IFCAXIS2PLACEMENT3D(#531,#9,#6);
#533=IFCEXTRUDEDAREASOLID(#530,#532,#9,57.150000000002301);
#534=IFCSTYLEDITEM(#514,(#474),$);
#535=IFCSTYLEDITEM(#527,(#474),$);
#536=IFCSTYLEDITEM(#533,(#474),$);
#537=IFCSHAPEREPRESENTATION(#24,'Body','SweptSolid',(#514,#527,#533));
#538=IFCAXIS2PLACEMENT3D(#3,$,$);
#539=IFCREPRESENTATIONMAP(#538,#537);
#540=IFCBUILDINGELEMENTPROXYTYPE('3y$1jK8AT69uZZXVcxo5$U',#18,'Trim-Window-Exterior-Flat:with Sill:1224790:with Sill:1224790 : Trim-Window-Exterior-Flat:with Sill:1224790:1200279:with Sill:1224790:with Sill:1224790 : Trim-Window-Exterior-Flat:with Sill:1224790:1200279 : Trim-Window-Exterior-Flat:with Sill:1224790:with Sill:1224790 : Trim-Window-Exterior-Flat:with Sill:1224790:1200279:1200329',$,$,(#553,#554),(#539),'1200327',$,.NOTDEFINED.);
#541=IFCMAPPEDITEM(#539,#379);
#542=IFCSHAPEREPRESENTATION(#24,'Body','MappedRepresentation',(#541));
#543=IFCPRODUCTDEFINITIONSHAPE($,$,(#542));
#544=IFCCARTESIANPOINT((0.,0.,-900.));
#545=IFCAXIS2PLACEMENT3D(#544,$,$);
#546=IFCLOCALPLACEMENT(#50,#545);
#547=IFCBUILDINGELEMENTPROXY('0Qtcn7X097yu33tgJHTkSw',#18,'Trim-Window-Exterior-Flat:with Sill:1224790:with Sill:1224790 : Trim-Window-Exterior-Flat:with Sill:1224790:1200279:with Sill:1224790:with Sill:1224790 : Trim-Window-Exterior-Flat:with Sill:1224790:1200279 : Trim-Window-Exterior-Flat:with Sill:1224790:with Sill:1224790 : Trim-Window-Exterior-Flat:with Sill:1224790:1200279:1200329:with Sill:1224790:with Sill:1224790 : Trim-Window-Exterior-Flat:with Sill:1224790:1200279:with Sill:1224790:with Sill:1224790 : Trim-Window-Exterior-Flat:with Sill:1224790:1200279 : Trim-Window-Exterior-Flat:with Sill:1224790:with Sill:1224790 : Trim-Window-Exterior-Flat:with Sill:1224790:1200279:1200329 : Trim-Window-Exterior-Flat:with Sill:1224790:with Sill:1224790 : Trim-Window-Exterior-Flat:with Sill:1224790:1200279:with Sill:1224790:with Sill:1224790 : Trim-Window-Exterior-Flat:with Sill:1224790:1200279 : Trim-Window-Exterior-Flat:with Sill:1224790:with Sill:1224790 : Trim-Window-Exterior-Flat:with Sill:1224790:1200279:1200329:1200329',$,'Trim-Window-Exterior-Flat:with Sill:1224790:with Sill:1224790 : Trim-Window-Exterior-Flat:with Sill:1224790:1200279:with Sill:1224790:with Sill:1224790 : Trim-Window-Exterior-Flat:with Sill:1224790:1200279 : Trim-Window-Exterior-Flat:with Sill:1224790:with Sill:1224790 : Trim-Window-Exterior-Flat:with Sill:1224790:1200279:1200329:with Sill:1224790:with Sill:1224790 : Trim-Window-Exterior-Flat:with Sill:1224790:1200279:with Sill:1224790:with Sill:1224790 : Trim-Window-Exterior-Flat:with Sill:1224790:1200279 : Trim-Window-Exterior-Flat:with Sill:1224790:with Sill:1224790 : Trim-Window-Exterior-Flat:with Sill:1224790:1200279:1200329 : Trim-Window-Exterior-Flat:with Sill:1224790:with Sill:1224790 : Trim-Window-Exterior-Flat:with Sill:1224790:1200279:with Sill:1224790:with Sill:1224790 : Trim-Window-Exterior-Flat:with Sill:1224790:1200279 : Trim-Window-Exterior-Flat:with Sill:1224790:with Sill:1224790 : Trim-Window-Exterior-Flat:with Sill:1224790:1200279:1200329',#546,#543,'1200329',$);
#548=IFCPROPERTYSINGLEVALUE('Reference',$,IFCIDENTIFIER('with Sill'),$);
#549=IFCPROPERTYSET('0UhlOSvNiET86mNNzfvmo9',#18,'Pset_BuildingElementProxyCommon',$,(#548));
#550=IFCPROPERTYSET('1qx2B33p1$6bRTlpGGHzQH',#18,'Pset_QuantityTakeOff',$,(#548));
#551=IFCRELDEFINESBYPROPERTIES('3IZFcFWoG$gpgsUHvMEQey',#18,$,$,(#547),#549);
#552=IFCRELDEFINESBYPROPERTIES('0m4ZrPTm$9aZxJwCmFbN9r',#18,$,$,(#547),#550);
#553=IFCPROPERTYSET('0Zkdgu1sZdx1uyjJvKb52K',#18,'Pset_BuildingElementProxyCommon',$,(#548));
#554=IFCPROPERTYSET('0r9tEzBgHk$e212$wB1Mk_',#18,'Pset_QuantityTakeOff',$,(#548));
#555=IFCAXIS2PLACEMENT3D(#3,$,$);
#557=IFCCARTESIANPOINT((6.3499999999743268,-6.3500000000120922));
#558=IFCCARTESIANPOINT((419.10000000000883,-6.3500000000120922));
#559=IFCCARTESIANPOINT((419.10000000000883,6.3499999999869159));
#560=IFCCARTESIANPOINT((6.3499999999827192,6.3499999999869159));
#561=IFCCARTESIANPOINT((6.3499999999827192,571.50000000004457));
#562=IFCCARTESIANPOINT((-6.3500000000189951,571.50000000004457));
#563=IFCCARTESIANPOINT((-6.3500000000189951,6.3499999999907057));
#564=IFCCARTESIANPOINT((-419.09999999992289,6.3499999999907057));
#565=IFCCARTESIANPOINT((-419.09999999992289,-6.3500000000101968));
#566=IFCCARTESIANPOINT((-6.3500000000240036,-6.3500000000101968));
#567=IFCCARTESIANPOINT((-6.3500000000240036,-571.4999999999992));
#568=IFCCARTESIANPOINT((6.3499999999743268,-571.4999999999992));
#569=IFCPOLYLINE((#557,#558,#559,#560,#561,#562,#563,#564,#565,#566,#567,#568,#557));
#570=IFCARBITRARYCLOSEDPROFILEDEF(.AREA.,'Muntin Pattern_2x2:1224927:Muntin Pattern_2x2:1224927 : Muntin Pattern_2x2:Muntin Pattern_2x2:1224927:1200314:Muntin Pattern_2x2:1224927:Muntin Pattern_2x2:1224927 : Muntin Pattern_2x2:Muntin Pattern_2x2:1224927:1200314 : Muntin Pattern_2x2:Muntin Pattern_2x2:1224927:Muntin Pattern_2x2:1224927 : Muntin Pattern_2x2:Muntin Pattern_2x2:1224927:1200314:1200364 : Muntin Pattern_2x2:Muntin Pattern_2x2:1224927:Muntin Pattern_2x2:1224927 : Muntin Pattern_2x2:Muntin Pattern_2x2:1224927:1200314:Muntin Pattern_2x2:1224927:Muntin Pattern_2x2:1224927 : Muntin Pattern_2x2:Muntin Pattern_2x2:1224927:1200314 : Muntin Pattern_2x2:Muntin Pattern_2x2:1224927:Muntin Pattern_2x2:1224927 : Muntin Pattern_2x2:Muntin Pattern_2x2:1224927:1200314:1200364',#569);
#571=IFCCARTESIANPOINT((-4189.4499999999798,1165.6999999999623,1524.));
#572=IFCAXIS2PLACEMENT3D(#571,#5,#8);
#573=IFCEXTRUDEDAREASOLID(#570,#572,#9,12.699999999996029);
#574=IFCCARTESIANPOINT((6.3499999999713497,-6.3500000000397057));
#575=IFCCARTESIANPOINT((419.10000000001111,-6.3500000000397057));
#576=IFCCARTESIANPOINT((419.10000000001111,6.349999999957407));
#577=IFCCARTESIANPOINT((6.3499999999797412,6.349999999957407));
#578=IFCCARTESIANPOINT((6.3499999999797412,571.50000000006196));
#579=IFCCARTESIANPOINT((-6.3500000000156112,571.50000000006196));
#580=IFCCARTESIANPOINT((-6.3500000000156112,6.3499999999647168));
#581=IFCCARTESIANPOINT((-419.09999999992044,6.3499999999647168));
#582=IFCCARTESIANPOINT((-419.09999999992044,-6.3500000000337495));
#583=IFCCARTESIANPOINT((-6.3500000000271166,-6.3500000000337495));
#584=IFCCARTESIANPOINT((-6.3500000000271166,-571.49999999991121));
#585=IFCCARTESIANPOINT((6.3499999999713497,-571.49999999991121));
#586=IFCPOLYLINE((#574,#575,#576,#577,#578,#579,#580,#581,#582,#583,#584,#585,#574));
#587=IFCARBITRARYCLOSEDPROFILEDEF(.AREA.,'Muntin Pattern_2x2:1224927:Muntin Pattern_2x2:1224927 : Muntin Pattern_2x2:Muntin Pattern_2x2:1224927:1200314:Muntin Pattern_2x2:1224927:Muntin Pattern_2x2:1224927 : Muntin Pattern_2x2:Muntin Pattern_2x2:1224927:1200314 : Muntin Pattern_2x2:Muntin Pattern_2x2:1224927:Muntin Pattern_2x2:1224927 : Muntin Pattern_2x2:Muntin Pattern_2x2:1224927:1200314:1200364 : Muntin Pattern_2x2:Muntin Pattern_2x2:1224927:Muntin Pattern_2x2:1224927 : Muntin Pattern_2x2:Muntin Pattern_2x2:1224927:1200314:Muntin Pattern_2x2:1224927:Muntin Pattern_2x2:1224927 : Muntin Pattern_2x2:Muntin Pattern_2x2:1224927:1200314 : Muntin Pattern_2x2:Muntin Pattern_2x2:1224927:Muntin Pattern_2x2:1224927 : Muntin Pattern_2x2:Muntin Pattern_2x2:1224927:1200314:1200364',#586);
#588=IFCCARTESIANPOINT((-4221.1999999999962,1165.6999999999621,1524.));
#589=IFCAXIS2PLACEMENT3D(#588,#5,#8);
#590=IFCEXTRUDEDAREASOLID(#587,#589,#9,12.699999999996029);
#591=IFCSTYLEDITEM(#573,(#368),$);
#592=IFCSTYLEDITEM(#590,(#474),$);
#593=IFCSHAPEREPRESENTATION(#24,'Body','SweptSolid',(#573,#590));
#594=IFCAXIS2PLACEMENT3D(#3,$,$);
#595=IFCREPRESENTATIONMAP(#594,#593);
#596=IFCBUILDINGELEMENTPROXYTYPE('3y$1jK8AT69uZZXVcxo5$p',#18,'Muntin Pattern_2x2:Muntin Pattern_2x2:1224927:Muntin Pattern_2x2:1224927 : Muntin Pattern_2x2:Muntin Pattern_2x2:1224927:1200314:Muntin Pattern_2x2:1224927:Muntin Pattern_2x2:1224927 : Muntin Pattern_2x2:Muntin Pattern_2x2:1224927:1200314 : Muntin Pattern_2x2:Muntin Pattern_2x2:1224927:Muntin Pattern_2x2:1224927 : Muntin Pattern_2x2:Muntin Pattern_2x2:1224927:1200314:1200364',$,$,(#608,#609),(#595),'1200362',$,.NOTDEFINED.);
#597=IFCMAPPEDITEM(#595,#379);
#598=IFCSHAPEREPRESENTATION(#24,'Body','MappedRepresentation',(#597));
#599=IFCPRODUCTDEFINITIONSHAPE($,$,(#598));
#600=IFCCARTESIANPOINT((0.,0.,-900.));
#601=IFCAXIS2PLACEMENT3D(#600,$,$);
#602=IFCLOCALPLACEMENT(#50,#601);
#603=IFCBUILDINGELEMENTPROXY('0Qtcn7X097yu33tgJHTkUp',#18,'Muntin Pattern_2x2:Muntin Pattern_2x2:1224927:Muntin Pattern_2x2:1224927 : Muntin Pattern_2x2:Muntin Pattern_2x2:1224927:1200314:Muntin Pattern_2x2:1224927:Muntin Pattern_2x2:1224927 : Muntin Pattern_2x2:Muntin Pattern_2x2:1224927:1200314 : Muntin Pattern_2x2:Muntin Pattern_2x2:1224927:Muntin Pattern_2x2:1224927 : Muntin Pattern_2x2:Muntin Pattern_2x2:1224927:1200314:1200364:Muntin Pattern_2x2:1224927:Muntin Pattern_2x2:1224927 : Muntin Pattern_2x2:Muntin Pattern_2x2:1224927:1200314:Muntin Pattern_2x2:1224927:Muntin Pattern_2x2:1224927 : Muntin Pattern_2x2:Muntin Pattern_2x2:1224927:1200314 : Muntin Pattern_2x2:Muntin Pattern_2x2:1224927:Muntin Pattern_2x2:1224927 : Muntin Pattern_2x2:Muntin Pattern_2x2:1224927:1200314:1200364 : Muntin Pattern_2x2:Muntin Pattern_2x2:1224927:Muntin Pattern_2x2:1224927 : Muntin Pattern_2x2:Muntin Pattern_2x2:1224927:1200314:Muntin Pattern_2x2:1224927:Muntin Pattern_2x2:1224927 : Muntin Pattern_2x2:Muntin Pattern_2x2:1224927:1200314 : Muntin Pattern_2x2:Muntin Pattern_2x2:1224927:Muntin Pattern_2x2:1224927 : Muntin Pattern_2x2:Muntin Pattern_2x2:1224927:1200314:1200364:1200364',$,'Muntin Pattern_2x2:Muntin Pattern_2x2:1224927:Muntin Pattern_2x2:1224927 : Muntin Pattern_2x2:Muntin Pattern_2x2:1224927:1200314:Muntin Pattern_2x2:1224927:Muntin Pattern_2x2:1224927 : Muntin Pattern_2x2:Muntin Pattern_2x2:1224927:1200314 : Muntin Pattern_2x2:Muntin Pattern_2x2:1224927:Muntin Pattern_2x2:1224927 : Muntin Pattern_2x2:Muntin Pattern_2x2:1224927:1200314:1200364:Muntin Pattern_2x2:1224927:Muntin Pattern_2x2:1224927 : Muntin Pattern_2x2:Muntin Pattern_2x2:1224927:1200314:Muntin Pattern_2x2:1224927:Muntin Pattern_2x2:1224927 : Muntin Pattern_2x2:Muntin Pattern_2x2:1224927:1200314 : Muntin Pattern_2x2:Muntin Pattern_2x2:1224927:Muntin Pattern_2x2:1224927 : Muntin Pattern_2x2:Muntin Pattern_2x2:1224927:1200314:1200364 : Muntin Pattern_2x2:Muntin Pattern_2x2:1224927:Muntin Pattern_2x2:1224927 : Muntin Pattern_2x2:Muntin Pattern_2x2:1224927:1200314:Muntin Pattern_2x2:1224927:Muntin Pattern_2x2:1224927 : Muntin Pattern_2x2:Muntin Pattern_2x2:1224927:1200314 : Muntin Pattern_2x2:Muntin Pattern_2x2:1224927:Muntin Pattern_2x2:1224927 : Muntin Pattern_2x2:Muntin Pattern_2x2:1224927:1200314:1200364',#602,#599,'1200364',$);
#604=IFCPROPERTYSET('018UpXMJkxpkccVUeradJL',#18,'Pset_BuildingElementProxyCommon',$,(#493));
#605=IFCPROPERTYSET('3V7$9b$WSG_lP6ZbD1dtFc',#18,'Pset_QuantityTakeOff',$,(#493));
#606=IFCRELDEFINESBYPROPERTIES('2MRRnEdZ_9z8XegtwXYiK4',#18,$,$,(#603),#604);
#607=IFCRELDEFINESBYPROPERTIES('36TJSJdnZCaIiDvOzXzOqG',#18,$,$,(#603),#605);
#608=IFCPROPERTYSET('1xbLsfMmY_87gl7K3ZagPd',#18,'Pset_BuildingElementProxyCommon',$,(#493));
#609=IFCPROPERTYSET('2vdtxHRJa02H0G0moxlG2K',#18,'Pset_QuantityTakeOff',$,(#493));
#610=IFCAXIS2PLACEMENT3D(#3,$,$);
#612=IFCCARTESIANPOINT((-652.46250000000089,-514.34999999999729));
#613=IFCCARTESIANPOINT((623.88749999999948,-514.34999999999729));
#614=IFCCARTESIANPOINT((623.88749999999948,-457.20000000000124));
#615=IFCCARTESIANPOINT((-595.31249999999841,-457.20000000000124));
#616=IFCCARTESIANPOINT((-595.31249999999841,457.19999999999811));
#617=IFCCARTESIANPOINT((623.88749999999948,457.19999999999811));
#618=IFCCARTESIANPOINT((623.88749999999948,514.35000000000002));
#619=IFCCARTESIANPOINT((-652.46250000000089,514.35000000000002));
#620=IFCPOLYLINE((#612,#613,#614,#615,#616,#617,#618,#619,#612));
#621=IFCARBITRARYCLOSEDPROFILEDEF(.AREA.,'with Sill:1224928:with Sill:1224928 : Trim-Window-Exterior-Flat:with Sill:1224928:1200351:with Sill:1224928:with Sill:1224928 : Trim-Window-Exterior-Flat:with Sill:1224928:1200351 : Trim-Window-Exterior-Flat:with Sill:1224928:with Sill:1224928 : Trim-Window-Exterior-Flat:with Sill:1224928:1200351:1200401 : Trim-Window-Exterior-Flat:with Sill:1224928:with Sill:1224928 : Trim-Window-Exterior-Flat:with Sill:1224928:1200351:with Sill:1224928:with Sill:1224928 : Trim-Window-Exterior-Flat:with Sill:1224928:1200351 : Trim-Window-Exterior-Flat:with Sill:1224928:with Sill:1224928 : Trim-Window-Exterior-Flat:with Sill:1224928:1200351:1200401',#620);
#622=IFCCARTESIANPOINT((-4227.5499999999965,1165.6999999999889,1538.2875000000038));
#623=IFCAXIS2PLACEMENT3D(#622,#5,#10);
#624=IFCEXTRUDEDAREASOLID(#621,#623,#9,19.050000000000001);
#625=IFCCARTESIANPOINT((-17.191050578973307,-15.630816779853985));
#626=IFCCARTESIANPOINT((2.0168795844978451,-15.630816779853994));
#627=IFCCARTESIANPOINT((20.910247943856611,-13.192962798000588));
#628=IFCCARTESIANPOINT((18.071540269929333,8.8070216749297519));
#629=IFCCARTESIANPOINT((-0.82182808942943208,6.3691676930763457));
#630=IFCCARTESIANPOINT((-2.0462103852622064,15.858130485777734));
#631=IFCCARTESIANPOINT((-20.93957874462312,13.42027650392405));
#632=IFCPOLYLINE((#625,#626,#627,#628,#629,#630,#631,#625));
#633=IFCARBITRARYCLOSEDPROFILEDEF(.AREA.,'with Sill:1224928:with Sill:1224928 : Trim-Window-Exterior-Flat:with Sill:1224928:1200351:with Sill:1224928:with Sill:1224928 : Trim-Window-Exterior-Flat:with Sill:1224928:1200351 : Trim-Window-Exterior-Flat:with Sill:1224928:with Sill:1224928 : Trim-Window-Exterior-Flat:with Sill:1224928:1200351:1200401 : Trim-Window-Exterior-Flat:with Sill:1224928:with Sill:1224928 : Trim-Window-Exterior-Flat:with Sill:1224928:1200351:with Sill:1224928:with Sill:1224928 : Trim-Window-Exterior-Flat:with Sill:1224928:1200351 : Trim-Window-Exterior-Flat:with Sill:1224928:with Sill:1224928 : Trim-Window-Exterior-Flat:with Sill:1224928:1200351:1200401',#632);
#634=IFCCARTESIANPOINT((-4227.5499999999802,638.64999999997701,898.6395991020662));
#635=IFCDIRECTION((0.99177786663402079,-0.,0.12797133763023147));
#636=IFCAXIS2PLACEMENT3D(#634,#7,#635);
#637=IFCEXTRUDEDAREASOLID(#633,#636,#9,1054.1000000000035);
#638=IFCCARTESIANPOINT((-2.708944180085382E-13,-5.6843418860808015E-14));
#639=IFCAXIS2PLACEMENT2D(#638,#11);
#640=IFCRECTANGLEPROFILEDEF(.AREA.,'with Sill:1224928:with Sill:1224928 : Trim-Window-Exterior-Flat:with Sill:1224928:1200351:with Sill:1224928:with Sill:1224928 : Trim-Window-Exterior-Flat:with Sill:1224928:1200351 : Trim-Window-Exterior-Flat:with Sill:1224928:with Sill:1224928 : Trim-Window-Exterior-Flat:with Sill:1224928:1200351:1200401 : Trim-Window-Exterior-Flat:with Sill:1224928:with Sill:1224928 : Trim-Window-Exterior-Flat:with Sill:1224928:1200351:with Sill:1224928:with Sill:1224928 : Trim-Window-Exterior-Flat:with Sill:1224928:1200351 : Trim-Window-Exterior-Flat:with Sill:1224928:with Sill:1224928 : Trim-Window-Exterior-Flat:with Sill:1224928:1200351:1200401',#639,19.049999999999457,1028.6999999999971);
#641=IFCCARTESIANPOINT((-4218.0249999999969,1165.6999999999887,835.06762911528142));
#642=IFCAXIS2PLACEMENT3D(#641,#9,#6);
#643=IFCEXTRUDEDAREASOLID(#640,#642,#9,57.150000000002301);
#644=IFCSTYLEDITEM(#624,(#474),$);
#645=IFCSTYLEDITEM(#637,(#474),$);
#646=IFCSTYLEDITEM(#643,(#474),$);
#647=IFCSHAPEREPRESENTATION(#24,'Body','SweptSolid',(#624,#637,#643));
#648=IFCAXIS2PLACEMENT3D(#3,$,$);
#649=IFCREPRESENTATIONMAP(#648,#647);
#650=IFCBUILDINGELEMENTPROXYTYPE('3y$1jK8AT69uZZXVcxo5uM',#18,'Trim-Window-Exterior-Flat:with Sill:1224928:with Sill:1224928 : Trim-Window-Exterior-Flat:with Sill:1224928:1200351:with Sill:1224928:with Sill:1224928 : Trim-Window-Exterior-Flat:with Sill:1224928:1200351 : Trim-Window-Exterior-Flat:with Sill:1224928:with Sill:1224928 : Trim-Window-Exterior-Flat:with Sill:1224928:1200351:1200401',$,$,(#662,#663),(#649),'1200399',$,.NOTDEFINED.);
#651=IFCMAPPEDITEM(#649,#379);
#652=IFCSHAPEREPRESENTATION(#24,'Body','MappedRepresentation',(#651));
#653=IFCPRODUCTDEFINITIONSHAPE($,$,(#652));
#654=IFCCARTESIANPOINT((0.,0.,-900.));
#655=IFCAXIS2PLACEMENT3D(#654,$,$);
#656=IFCLOCALPLACEMENT(#50,#655);
#657=IFCBUILDINGELEMENTPROXY('0Qtcn7X097yu33tgJHTkUC',#18,'Trim-Window-Exterior-Flat:with Sill:1224928:with Sill:1224928 : Trim-Window-Exterior-Flat:with Sill:1224928:1200351:with Sill:1224928:with Sill:1224928 : Trim-Window-Exterior-Flat:with Sill:1224928:1200351 : Trim-Window-Exterior-Flat:with Sill:1224928:with Sill:1224928 : Trim-Window-Exterior-Flat:with Sill:1224928:1200351:1200401:with Sill:1224928:with Sill:1224928 : Trim-Window-Exterior-Flat:with Sill:1224928:1200351:with Sill:1224928:with Sill:1224928 : Trim-Window-Exterior-Flat:with Sill:1224928:1200351 : Trim-Window-Exterior-Flat:with Sill:1224928:with Sill:1224928 : Trim-Window-Exterior-Flat:with Sill:1224928:1200351:1200401 : Trim-Window-Exterior-Flat:with Sill:1224928:with Sill:1224928 : Trim-Window-Exterior-Flat:with Sill:1224928:1200351:with Sill:1224928:with Sill:1224928 : Trim-Window-Exterior-Flat:with Sill:1224928:1200351 : Trim-Window-Exterior-Flat:with Sill:1224928:with Sill:1224928 : Trim-Window-Exterior-Flat:with Sill:1224928:1200351:1200401:1200401',$,'Trim-Window-Exterior-Flat:with Sill:1224928:with Sill:1224928 : Trim-Window-Exterior-Flat:with Sill:1224928:1200351:with Sill:1224928:with Sill:1224928 : Trim-Window-Exterior-Flat:with Sill:1224928:1200351 : Trim-Window-Exterior-Flat:with Sill:1224928:with Sill:1224928 : Trim-Window-Exterior-Flat:with Sill:1224928:1200351:1200401:with Sill:1224928:with Sill:1224928 : Trim-Window-Exterior-Flat:with Sill:1224928:1200351:with Sill:1224928:with Sill:1224928 : Trim-Window-Exterior-Flat:with Sill:1224928:1200351 : Trim-Window-Exterior-Flat:with Sill:1224928:with Sill:1224928 : Trim-Window-Exterior-Flat:with Sill:1224928:1200351:1200401 : Trim-Window-Exterior-Flat:with Sill:1224928:with Sill:1224928 : Trim-Window-Exterior-Flat:with Sill:1224928:1200351:with Sill:1224928:with Sill:1224928 : Trim-Window-Exterior-Flat:with Sill:1224928:1200351 : Trim-Window-Exterior-Flat:with Sill:1224928:with Sill:1224928 : Trim-Window-Exterior-Flat:with Sill:1224928:1200351:1200401',#656,#653,'1200401',$);
#658=IFCPROPERTYSET('34jDKzyVoL17WyCWtKdGlt',#18,'Pset_BuildingElementProxyCommon',$,(#548));
#659=IFCPROPERTYSET('2o6rehL9FKuA_UqDNOwUS8',#18,'Pset_QuantityTakeOff',$,(#548));
#660=IFCRELDEFINESBYPROPERTIES('28w9lC7QGYvyoOIHN5cw72',#18,$,$,(#657),#658);
#661=IFCRELDEFINESBYPROPERTIES('2mLYRtZ5w1rmd8rwvln4JM',#18,$,$,(#657),#659);
#662=IFCPROPERTYSET('3ArfWW3LQjVbp0c1YyDxug',#18,'Pset_BuildingElementProxyCommon',$,(#548));
#663=IFCPROPERTYSET('30NCzyRVht3UOVtkZm4B7$',#18,'Pset_QuantityTakeOff',$,(#548));
#664=IFCAXIS2PLACEMENT3D(#3,$,$);
#666=IFCAXIS2PLACEMENT3D(#3,$,$);
#668=IFCAXIS2PLACEMENT3D(#3,$,$);
#670=IFCAXIS2PLACEMENT3D(#3,$,$);
#672=IFCAXIS2PLACEMENT3D(#3,$,$);
#674=IFCCARTESIANPOINT((0.,6791.5,0.));
#675=IFCAXIS2PLACEMENT3D(#674,#9,#8);
#676=IFCLOCALPLACEMENT(#42,#675);
#677=IFCCARTESIANPOINT((7583.,0.));
#678=IFCPOLYLINE((#4,#677));
#679=IFCSHAPEREPRESENTATION(#23,'Axis','Curve2D',(#678));
#680=IFCCARTESIANPOINT((3791.5,0.));
#681=IFCAXIS2PLACEMENT2D(#680,#12);
#682=IFCRECTANGLEPROFILEDEF(.AREA.,$,#681,7583.,124.);
#683=IFCAXIS2PLACEMENT3D(#3,$,$);
#684=IFCEXTRUDEDAREASOLID(#682,#683,#9,2999.9999999999909);
#685=IFCCOLOURRGB($,0.8666666666666667,0.8666666666666667,0.85882352941176465);
#686=IFCSURFACESTYLERENDERING(#685,0.,$,$,$,$,IFCNORMALISEDRATIOMEASURE(0.5),IFCSPECULAREXPONENT(64.),.NOTDEFINED.);
#687=IFCSURFACESTYLE('Gypsum Wall Board',.BOTH.,(#686));
#688=IFCPRESENTATIONSTYLEASSIGNMENT((#687));
#689=IFCSTYLEDITEM(#684,(#688),$);
#690=IFCSHAPEREPRESENTATION(#24,'Body','SweptSolid',(#684));
#691=IFCPRODUCTDEFINITIONSHAPE($,$,(#679,#690));
#692=IFCWALLSTANDARDCASE('3$Sc93izfEuuDAiaR0$6h3',#18,'Basic Wall:Basic wall:1200264',$,'Basic Wall:Basic wall',#676,#691,'1201065');
#693=IFCAXIS2PLACEMENT3D(#3,$,$);
#695=IFCCARTESIANPOINT((0.,0.));
#696=IFCAXIS2PLACEMENT2D(#695,#11);
#697=IFCRECTANGLEPROFILEDEF(.AREA.,$,#696,2294.999999999995,1317.5000000000036);
#698=IFCCARTESIANPOINT((1718.7499999993731,-62.,1152.4999999999975));
#699=IFCAXIS2PLACEMENT3D(#698,#7,#10);
#700=IFCEXTRUDEDAREASOLID(#697,#699,#9,124.);
#701=IFCSHAPEREPRESENTATION(#24,'Body','SweptSolid',(#700));
#702=IFCPRODUCTDEFINITIONSHAPE($,$,(#701));
#703=IFCAXIS2PLACEMENT3D(#3,$,$);
#704=IFCLOCALPLACEMENT(#676,#703);
#705=IFCOPENINGELEMENT('12CHwCejch0QAa2oJTxD_I',#18,'Basic Wall:Basic wall:1200264',$,'Opening',#704,#702,'1201509');
#706=IFCRELVOIDSELEMENT('16L9PnvybhAw5DBdf1B7Ff',#18,$,$,#692,#705);
#707=IFCAXIS2PLACEMENT3D(#3,$,$);
#709=IFCCARTESIANPOINT((0.,0.));
#710=IFCAXIS2PLACEMENT2D(#709,#11);
#711=IFCRECTANGLEPROFILEDEF(.AREA.,$,#710,2294.999999999995,1317.5000000000036);
#712=IFCCARTESIANPOINT((5864.2499999992187,-62.,1152.4999999999975));
#713=IFCAXIS2PLACEMENT3D(#712,#7,#10);
#714=IFCEXTRUDEDAREASOLID(#711,#713,#9,124.);
#715=IFCSHAPEREPRESENTATION(#24,'Body','SweptSolid',(#714));
#716=IFCPRODUCTDEFINITIONSHAPE($,$,(#715));
#717=IFCAXIS2PLACEMENT3D(#3,$,$);
#718=IFCLOCALPLACEMENT(#676,#717);
#719=IFCOPENINGELEMENT('0nUEqgGSc279egZkHFfB7f',#18,'Basic Wall:Basic wall:1200264',$,'Opening',#718,#716,'1201510');
#720=IFCRELVOIDSELEMENT('3yFdKNrS4zaRPPOQvf5HeN',#18,$,$,#692,#719);
#721=IFCMATERIAL('Gypsum Wall Board');
#722=IFCPRESENTATIONSTYLEASSIGNMENT((#687));
#723=IFCSTYLEDITEM($,(#722),$);
#724=IFCSTYLEDREPRESENTATION(#22,'Style','Material',(#723));
#725=IFCMATERIALDEFINITIONREPRESENTATION($,$,(#724),#721);
#726=IFCMATERIAL('Metal Stud Layer');
#727=IFCCOLOURRGB($,0.7803921568627451,0.7803921568627451,0.7803921568627451);
#728=IFCSURFACESTYLERENDERING(#727,0.,$,$,$,$,IFCNORMALISEDRATIOMEASURE(0.5),IFCSPECULAREXPONENT(64.),.NOTDEFINED.);
#729=IFCSURFACESTYLE('Metal Stud Layer',.BOTH.,(#728));
#730=IFCPRESENTATIONSTYLEASSIGNMENT((#729));
#731=IFCSTYLEDITEM($,(#730),$);
#732=IFCSTYLEDREPRESENTATION(#22,'Style','Material',(#731));
#733=IFCMATERIALDEFINITIONREPRESENTATION($,$,(#732),#726);
#734=IFCMATERIALLAYER(#721,16.,$);
#735=IFCMATERIALLAYER(#726,92.,$);
#736=IFCMATERIALLAYER(#721,16.,$);
#737=IFCMATERIALLAYERSET((#734,#735,#736),'Basic Wall:Interior wall');
#738=IFCMATERIALLAYERSETUSAGE(#737,.AXIS2.,.NEGATIVE.,62.);
#739=IFCWALLTYPE('3y$1jK8AT69uZZXVcxo5o3',#18,'Basic Wall:Interior wall',$,$,(#761,#770),$,'1201050',$,.STANDARD.);
#740=IFCPROPERTYSINGLEVALUE('Reference',$,IFCIDENTIFIER('Basic wall'),$);
#741=IFCPROPERTYSET('3jUfQXISIij63XinvMKD3j',#18,'Pset_QuantityTakeOff',$,(#740));
#742=IFCPROPERTYSINGLEVALUE('Reference',$,IFCLABEL('Basic wall'),$);
#743=IFCPROPERTYSET('2aX1oJaiqRp5_IgEjZY6Bf',#18,'Pset_ReinforcementBarPitchOfWall',$,(#742));
#744=IFCPROPERTYSINGLEVALUE('IsExternal',$,IFCBOOLEAN(.T.),$);
#745=IFCPROPERTYSINGLEVALUE('ExtendToStructure',$,IFCBOOLEAN(.F.),$);
#746=IFCPROPERTYSINGLEVALUE('LoadBearing',$,IFCBOOLEAN(.F.),$);
#747=IFCPROPERTYSET('1IrMqF3nFTKGvVZUO70YuT',#18,'Pset_WallCommon',$,(#740,#744,#745,#746));
#748=IFCPROPERTYSINGLEVALUE('Reference',$,IFCIDENTIFIER('Interior wall'),$);
#749=IFCPROPERTYSET('3T59393avsXnEMa5mGfin8',#18,'Pset_OpeningElementCommon',$,(#748));
#750=IFCPROPERTYSET('21NvVpCrYQN3u1opuc1JH5',#18,'Pset_QuantityTakeOff',$,(#748));
#751=IFCPROPERTYSET('3mHzHlsHLoCXUntXomdui4',#18,'Pset_OpeningElementCommon',$,(#748));
#752=IFCPROPERTYSET('1JqNPTxFcOGYgFIW$ZRSm0',#18,'Pset_QuantityTakeOff',$,(#748));
#753=IFCRELDEFINESBYPROPERTIES('2sHA_EsSPI6Ol6wu5qdbv9',#18,$,$,(#692),#741);
#754=IFCRELDEFINESBYPROPERTIES('1zjLBUtWhbW9GzgOi2vZOR',#18,$,$,(#692),#743);
#755=IFCRELDEFINESBYPROPERTIES('1NXiCoUjlIGNw$aQme93Gr',#18,$,$,(#692),#747);
#756=IFCRELDEFINESBYPROPERTIES('2REPUI2HwHKEOSVRdEouPV',#18,$,$,(#705),#749);
#757=IFCRELDEFINESBYPROPERTIES('3DXPf2xjofL$fpFefZHqgx',#18,$,$,(#705),#750);
#758=IFCRELDEFINESBYPROPERTIES('1ZZ7lPaEFbYexvfU8PWlzP',#18,$,$,(#719),#751);
#759=IFCRELDEFINESBYPROPERTIES('3WJPD2aty97GSkgrZLVA1S',#18,$,$,(#719),#752);
#760=IFCPROPERTYSINGLEVALUE('Description',$,IFCTEXT('Generic Wall (Material By Category), 8" thick'),$);
#761=IFCPROPERTYSET('1OSerYxp4hP1JdD450ZUMP',#18,'Pset_ReinforcementBarPitchOfWall',$,(#760));
#762=IFCSIUNIT(*,.MASSUNIT.,.KILO.,.GRAM.);
#763=IFCDERIVEDUNITELEMENT(#762,1);
#764=IFCSIUNIT(*,.THERMODYNAMICTEMPERATUREUNIT.,$,.KELVIN.);
#765=IFCDERIVEDUNITELEMENT(#764,-1);
#766=IFCSIUNIT(*,.TIMEUNIT.,$,.SECOND.);
#767=IFCDERIVEDUNITELEMENT(#766,-3);
#768=IFCDERIVEDUNIT((#763,#765,#767),.THERMALTRANSMITTANCEUNIT.,$);
#769=IFCPROPERTYSINGLEVALUE('ThermalTransmittance',$,IFCTHERMALTRANSMITTANCEMEASURE(0.26815181518151815),$);
#770=IFCPROPERTYSET('2ELfTGrOPdcmA67PkbsE3k',#18,'Pset_WallCommon',$,(#769));
#771=IFCCARTESIANPOINT((62.,3300.,0.));
#772=IFCAXIS2PLACEMENT3D(#771,$,$);
#773=IFCLOCALPLACEMENT(#42,#772);
#774=IFCCARTESIANPOINT((3729.5000000000005,0.));
#775=IFCPOLYLINE((#4,#774));
#776=IFCSHAPEREPRESENTATION(#23,'Axis','Curve2D',(#775));
#777=IFCCARTESIANPOINT((1864.7500000000002,0.));
#778=IFCAXIS2PLACEMENT2D(#777,#12);
#779=IFCRECTANGLEPROFILEDEF(.AREA.,$,#778,3729.5000000000005,108.00000000000036);
#780=IFCAXIS2PLACEMENT3D(#3,$,$);
#781=IFCEXTRUDEDAREASOLID(#779,#780,#9,3000.);
#782=IFCSTYLEDITEM(#781,(#688),$);
#783=IFCSHAPEREPRESENTATION(#24,'Body','SweptSolid',(#781));
#784=IFCPRODUCTDEFINITIONSHAPE($,$,(#776,#783));
#785=IFCWALLSTANDARDCASE('3S3VgMDFLDiPHeIJPk5HIn',#18,'Basic Wall:Basic wall:1200621',$,'Basic Wall:Basic wall',#773,#784,'1201609');
#786=IFCMATERIALLAYER(#721,16.,$);
#787=IFCMATERIALLAYER(#726,92.,$);
#788=IFCMATERIALLAYERSET((#786,#787),'Basic Wall:Partition wall');
#789=IFCMATERIALLAYERSETUSAGE(#788,.AXIS2.,.NEGATIVE.,54.);
#790=IFCWALLTYPE('3y$1jK8AT69uZZXVcxo5fn',#18,'Basic Wall:Partition wall',$,$,(#799,#801),$,'1201512',$,.STANDARD.);
#791=IFCPROPERTYSET('3re4AB2Mxsc6grx1u0QFUv',#18,'Pset_QuantityTakeOff',$,(#740));
#792=IFCPROPERTYSINGLEVALUE('Reference',$,IFCLABEL('Basic wall'),$);
#793=IFCPROPERTYSET('2nj3lywvw96JjjSWGh4AE5',#18,'Pset_ReinforcementBarPitchOfWall',$,(#792));
#794=IFCPROPERTYSET('1xWJRjGot0$Y1LwyXK_$Om',#18,'Pset_WallCommon',$,(#740,#744,#745,#746));
#795=IFCRELDEFINESBYPROPERTIES('0HMSCGS67TiL504GMVMzse',#18,$,$,(#785),#791);
#796=IFCRELDEFINESBYPROPERTIES('1ifo66bol93ld0nQNx$$X$',#18,$,$,(#785),#793);
#797=IFCRELDEFINESBYPROPERTIES('392_OUoPo9fEunWuAHq7UV',#18,$,$,(#785),#794);
#798=IFCPROPERTYSINGLEVALUE('Description',$,IFCTEXT('Generic Wall (Material By Category), 8" thick'),$);
#799=IFCPROPERTYSET('1MXn4MXU4TnuQikMcghjTf',#18,'Pset_ReinforcementBarPitchOfWall',$,(#798));
#800=IFCPROPERTYSINGLEVALUE('ThermalTransmittance',$,IFCTHERMALTRANSMITTANCEMEASURE(0.26815181518151815),$);
#801=IFCPROPERTYSET('1SxJgNvvJXpJ6jEqpaCFIX',#18,'Pset_WallCommon',$,(#800));
#802=IFCCARTESIANPOINT((4000.,7208.5000000000009,0.));
#803=IFCAXIS2PLACEMENT3D(#802,#9,#8);
#804=IFCLOCALPLACEMENT(#42,#803);
#805=IFCCARTESIANPOINT((8417.,0.));
#806=IFCPOLYLINE((#4,#805));
#807=IFCSHAPEREPRESENTATION(#23,'Axis','Curve2D',(#806));
#808=IFCCARTESIANPOINT((4208.5000000000009,0.));
#809=IFCAXIS2PLACEMENT2D(#808,#12);
#810=IFCRECTANGLEPROFILEDEF(.AREA.,$,#809,8417.0000000000018,417.00000000000051);
#811=IFCAXIS2PLACEMENT3D(#3,$,$);
#812=IFCEXTRUDEDAREASOLID(#810,#811,#9,3000.);
#813=IFCCOLOURRGB($,0.47450980392156861,0.32549019607843138,0.26666666666666666);
#814=IFCSURFACESTYLERENDERING(#813,0.,$,$,$,$,IFCNORMALISEDRATIOMEASURE(0.5),IFCSPECULAREXPONENT(128.),.NOTDEFINED.);
#815=IFCSURFACESTYLE('Brick, Common',.BOTH.,(#814));
#816=IFCPRESENTATIONSTYLEASSIGNMENT((#815));
#817=IFCSTYLEDITEM(#812,(#816),$);
#818=IFCSHAPEREPRESENTATION(#24,'Body','SweptSolid',(#812));
#819=IFCPRODUCTDEFINITIONSHAPE($,$,(#807,#818));
#820=IFCWALLSTANDARDCASE('3S3VgMDFLDiPHeIJPk5HTj',#18,'Basic Wall:Basic wall ex:1200689',$,'Basic Wall:Basic wall ex',#804,#819,'1201610');
#821=IFCMATERIAL('Brick, Common');
#822=IFCPRESENTATIONSTYLEASSIGNMENT((#815));
#823=IFCSTYLEDITEM($,(#822),$);
#824=IFCSTYLEDREPRESENTATION(#22,'Style','Material',(#823));
#825=IFCMATERIALDEFINITIONREPRESENTATION($,$,(#824),#821);
#826=IFCMATERIAL('Air');
#827=IFCCOLOURRGB($,1.,1.,1.);
#828=IFCSURFACESTYLERENDERING(#827,1.,$,$,$,$,IFCNORMALISEDRATIOMEASURE(0.5),IFCSPECULAREXPONENT(64.),.NOTDEFINED.);
#829=IFCSURFACESTYLE('Air',.BOTH.,(#828));
#830=IFCPRESENTATIONSTYLEASSIGNMENT((#829));
#831=IFCSTYLEDITEM($,(#830),$);
#832=IFCSTYLEDREPRESENTATION(#22,'Style','Material',(#831));
#833=IFCMATERIALDEFINITIONREPRESENTATION($,$,(#832),#826);
#834=IFCMATERIAL('Rigid insulation');
#835=IFCCOLOURRGB($,0.90588235294117647,0.90588235294117647,0.90588235294117647);
#836=IFCSURFACESTYLERENDERING(#835,0.,$,$,$,$,IFCNORMALISEDRATIOMEASURE(0.5),IFCSPECULAREXPONENT(64.),.NOTDEFINED.);
#837=IFCSURFACESTYLE('Rigid insulation',.BOTH.,(#836));
#838=IFCPRESENTATIONSTYLEASSIGNMENT((#837));
#839=IFCSTYLEDITEM($,(#838),$);
#840=IFCSTYLEDREPRESENTATION(#22,'Style','Material',(#839));
#841=IFCMATERIALDEFINITIONREPRESENTATION($,$,(#840),#834);
#842=IFCMATERIAL('Concrete Masonry Units');
#843=IFCCOLOURRGB($,0.59999999999999998,0.58823529411764708,0.55686274509803924);
#844=IFCSURFACESTYLERENDERING(#843,0.,$,$,$,$,IFCNORMALISEDRATIOMEASURE(0.5),IFCSPECULAREXPONENT(128.),.NOTDEFINED.);
#845=IFCSURFACESTYLE('Concrete Masonry Units',.BOTH.,(#844));
#846=IFCPRESENTATIONSTYLEASSIGNMENT((#845));
#847=IFCSTYLEDITEM($,(#846),$);
#848=IFCSTYLEDREPRESENTATION(#22,'Style','Material',(#847));
#849=IFCMATERIALDEFINITIONREPRESENTATION($,$,(#848),#842);
#850=IFCMATERIALLAYER(#821,92.,$);
#851=IFCMATERIALLAYER(#826,25.,$);
#852=IFCMATERIALLAYER(#834,50.,$);
#853=IFCMATERIALLAYER(#842,193.,$);
#854=IFCMATERIALLAYER(#726,41.,$);
#855=IFCMATERIALLAYER(#721,16.,$);
#856=IFCMATERIALLAYERSET((#850,#851,#852,#853,#854,#855),'Basic Wall:Exterior wall');
#857=IFCMATERIALLAYERSETUSAGE(#856,.AXIS2.,.NEGATIVE.,208.50000000000006);
#858=IFCWALLTYPE('3y$1jK8AT69uZZXVcxo5f_',#18,'Basic Wall:Exterior wall',$,$,(#868,#870),$,'1201511',$,.STANDARD.);
#859=IFCPROPERTYSINGLEVALUE('Reference',$,IFCIDENTIFIER('Basic wall ex'),$);
#860=IFCPROPERTYSET('1UKxYH0LlImedwAvDZoNwt',#18,'Pset_QuantityTakeOff',$,(#859));
#861=IFCPROPERTYSINGLEVALUE('Reference',$,IFCLABEL('Basic wall ex'),$);
#862=IFCPROPERTYSET('0pXAETYqp_EaaijaECPla$',#18,'Pset_ReinforcementBarPitchOfWall',$,(#861));
#863=IFCPROPERTYSET('3LW_hk9SFgoLw1m2Pzsbe2',#18,'Pset_WallCommon',$,(#744,#745,#746,#859));
#864=IFCRELDEFINESBYPROPERTIES('0Pf1KhERkJVNO9rQqmKmuZ',#18,$,$,(#820),#860);
#865=IFCRELDEFINESBYPROPERTIES('2_LsDJv5f6PlRE57XYJGdu',#18,$,$,(#820),#862);
#866=IFCRELDEFINESBYPROPERTIES('043DDjROgm$s$A0fNdyNyd',#18,$,$,(#820),#863);
#867=IFCPROPERTYSINGLEVALUE('Description',$,IFCTEXT('Generic Wall (Material By Category), 8" thick'),$);
#868=IFCPROPERTYSET('36C$YvMvPJgRmXMTxhECFT',#18,'Pset_ReinforcementBarPitchOfWall',$,(#867));
#869=IFCPROPERTYSINGLEVALUE('ThermalTransmittance',$,IFCTHERMALTRANSMITTANCEMEASURE(0.22665361663344197),$);
#870=IFCPROPERTYSET('1KRIMYWf4m8XsRBP5QYN4L',#18,'Pset_WallCommon',$,(#869));
#871=IFCCARTESIANPOINT((3791.5000000000005,-1000.,0.));
#872=IFCAXIS2PLACEMENT3D(#871,#9,#6);
#873=IFCLOCALPLACEMENT(#42,#872);
#874=IFCCARTESIANPOINT((8000.,0.));
#875=IFCPOLYLINE((#4,#874));
#876=IFCSHAPEREPRESENTATION(#23,'Axis','Curve2D',(#875));
#877=IFCCARTESIANPOINT((4000.0000000000005,-7.1054273576010019E-14));
#878=IFCAXIS2PLACEMENT2D(#877,#11);
#879=IFCRECTANGLEPROFILEDEF(.AREA.,$,#878,8000.0000000000009,417.00000000000011);
#880=IFCAXIS2PLACEMENT3D(#3,$,$);
#881=IFCEXTRUDEDAREASOLID(#879,#880,#9,3000.);
#882=IFCSTYLEDITEM(#881,(#816),$);
#883=IFCSHAPEREPRESENTATION(#24,'Body','SweptSolid',(#881));
#884=IFCPRODUCTDEFINITIONSHAPE($,$,(#876,#883));
#885=IFCWALLSTANDARDCASE('3S3VgMDFLDiPHeIJPk5HSc',#18,'Basic Wall:Basic wall ex:1200762',$,'Basic Wall:Basic wall ex',#873,#884,'1201611');
#886=IFCMATERIALLAYERSETUSAGE(#856,.AXIS2.,.NEGATIVE.,208.50000000000006);
#887=IFCPROPERTYSET('0ioGtQtA_RecjuFllRwD_v',#18,'Pset_QuantityTakeOff',$,(#859));
#888=IFCPROPERTYSINGLEVALUE('Reference',$,IFCLABEL('Basic wall ex'),$);
#889=IFCPROPERTYSET('0jRj2Jozvz45glBdUG82WJ',#18,'Pset_ReinforcementBarPitchOfWall',$,(#888));
#890=IFCPROPERTYSET('0Bq_dFUseVft_mLflNKI3f',#18,'Pset_WallCommon',$,(#744,#745,#746,#859));
#891=IFCRELDEFINESBYPROPERTIES('2vwCUkHXrMizQHFChRHIqX',#18,$,$,(#885),#887);
#892=IFCRELDEFINESBYPROPERTIES('34q3nPvYGqabGnxSgICzCt',#18,$,$,(#885),#889);
#893=IFCRELDEFINESBYPROPERTIES('2U6GzbazQ14R6QKMzq00c0',#18,$,$,(#885),#890);
#894=IFCCARTESIANPOINT((-4208.5000000000009,7000.,0.));
#895=IFCAXIS2PLACEMENT3D(#894,$,$);
#896=IFCLOCALPLACEMENT(#42,#895);
#897=IFCCARTESIANPOINT((8000.,0.));
#898=IFCPOLYLINE((#4,#897));
#899=IFCSHAPEREPRESENTATION(#23,'Axis','Curve2D',(#898));
#900=IFCCARTESIANPOINT((4000.0000000000009,0.));
#901=IFCAXIS2PLACEMENT2D(#900,#12);
#902=IFCRECTANGLEPROFILEDEF(.AREA.,$,#901,8000.0000000000018,417.00000000000051);
#903=IFCAXIS2PLACEMENT3D(#3,$,$);
#904=IFCEXTRUDEDAREASOLID(#902,#903,#9,3000.);
#905=IFCSTYLEDITEM(#904,(#816),$);
#906=IFCSHAPEREPRESENTATION(#24,'Body','SweptSolid',(#904));
#907=IFCPRODUCTDEFINITIONSHAPE($,$,(#899,#906));
#908=IFCWALLSTANDARDCASE('20rBv4HojAY8M3avWLHAgu',#18,'Basic Wall:Basic wall ex:1201621',$,'Basic Wall:Basic wall ex',#896,#907,'1201612');
#909=IFCMATERIALLAYERSETUSAGE(#856,.AXIS2.,.NEGATIVE.,208.50000000000006);
#910=IFCPROPERTYSET('1Rn4F1z_CJsvtlYMaa5PSt',#18,'Pset_QuantityTakeOff',$,(#859));
#911=IFCPROPERTYSINGLEVALUE('Reference',$,IFCLABEL('Basic wall ex'),$);
#912=IFCPROPERTYSET('1KhEXgrdIDydSFPXrBiS0m',#18,'Pset_ReinforcementBarPitchOfWall',$,(#911));
#913=IFCPROPERTYSET('2lq14KXaVJ7Px2qspuvdsC',#18,'Pset_WallCommon',$,(#744,#745,#746,#859));
#914=IFCRELDEFINESBYPROPERTIES('3AHHQ6onuy2URzh1UjlE9O',#18,$,$,(#908),#910);
#915=IFCRELDEFINESBYPROPERTIES('2qcsevpeu6eufDSVEmUsPu',#18,$,$,(#908),#912);
#916=IFCRELDEFINESBYPROPERTIES('1r5MEJGitOsMX5olrzJIAC',#18,$,$,(#908),#913);
#917=IFCCARTESIANPOINT((-4000.,-791.5,0.));
#918=IFCAXIS2PLACEMENT3D(#917,#9,#7);
#919=IFCLOCALPLACEMENT(#42,#918);
#920=IFCCARTESIANPOINT((7583.,0.));
#921=IFCPOLYLINE((#4,#920));
#922=IFCSHAPEREPRESENTATION(#23,'Axis','Curve2D',(#921));
#923=IFCCARTESIANPOINT((3791.5,0.));
#924=IFCAXIS2PLACEMENT2D(#923,#12);
#925=IFCRECTANGLEPROFILEDEF(.AREA.,$,#924,7583.,417.00000000000051);
#926=IFCAXIS2PLACEMENT3D(#3,$,$);
#927=IFCEXTRUDEDAREASOLID(#925,#926,#9,3000.);
#928=IFCSTYLEDITEM(#927,(#816),$);
#929=IFCSHAPEREPRESENTATION(#24,'Body','SweptSolid',(#927));
#930=IFCPRODUCTDEFINITIONSHAPE($,$,(#922,#929));
#931=IFCWALLSTANDARDCASE('20rBv4HojAY8M3avWLHAad',#18,'Basic Wall:Basic wall ex:1201738',$,'Basic Wall:Basic wall ex',#919,#930,'1201613');
#932=IFCMATERIALLAYERSETUSAGE(#856,.AXIS2.,.NEGATIVE.,208.50000000000006);
#933=IFCPROPERTYSET('3dm4ZGtXW6nhEEy3Z17$3j',#18,'Pset_QuantityTakeOff',$,(#859));
#934=IFCPROPERTYSINGLEVALUE('Reference',$,IFCLABEL('Basic wall ex'),$);
#935=IFCPROPERTYSET('0nXIGQ36p0g2r$NMVut_pU',#18,'Pset_ReinforcementBarPitchOfWall',$,(#934));
#936=IFCPROPERTYSET('3uq$oOtgtgfp8hf2pK7VyI',#18,'Pset_WallCommon',$,(#744,#745,#746,#859));
#937=IFCRELDEFINESBYPROPERTIES('11H1ukGdpLAtE8x3dxXvPp',#18,$,$,(#931),#933);
#938=IFCRELDEFINESBYPROPERTIES('02eqpzulWo604OwMCu_6B5',#18,$,$,(#931),#935);
#939=IFCRELDEFINESBYPROPERTIES('0TzvGcCdEyBoGGqY4K64fc',#18,$,$,(#931),#936);
#940=IFCAXIS2PLACEMENT3D(#3,$,$);
#941=IFCLOCALPLACEMENT(#42,#940);
#942=IFCCARTESIANPOINT((0.,0.));
#943=IFCAXIS2PLACEMENT2D(#942,#11);
#944=IFCRECTANGLEPROFILEDEF(.AREA.,$,#943,8416.9999999999982,8416.9999999999982);
#945=IFCCARTESIANPOINT((0.,3000.,0.));
#946=IFCAXIS2PLACEMENT3D(#945,#10,#7);
#947=IFCEXTRUDEDAREASOLID(#944,#946,#9,304.80000000000001);
#948=IFCCOLOURRGB($,0.50196078431372548,0.50196078431372548,0.50196078431372548);
#949=IFCSURFACESTYLERENDERING(#948,0.,$,$,$,$,IFCNORMALISEDRATIOMEASURE(0.5),IFCSPECULAREXPONENT(10.),.NOTDEFINED.);
#950=IFCSURFACESTYLE('Default Floor',.BOTH.,(#949));
#951=IFCPRESENTATIONSTYLEASSIGNMENT((#950));
#952=IFCSTYLEDITEM(#947,(#951),$);
#953=IFCSHAPEREPRESENTATION(#24,'Body','SweptSolid',(#947));
#954=IFCPRODUCTDEFINITIONSHAPE($,$,(#953));
#955=IFCSLAB('20rBv4HojAY8M3avWLHAN$',#18,'Floor:Floor:Floor:Floor:Floor:Generic - 12":1201617',$,'Floor:Floor:Floor:Floor:Floor:Generic - 12"',#941,#954,'1201617',.FLOOR.);
#956=IFCSLABTYPE('3y$1jK8AT69uZZXVcxo5hN',#18,'Floor:Floor:Floor:Floor:Floor:Generic - 12"',$,$,$,$,'1201614',$,.FLOOR.);
#957=IFCMATERIAL('Default Floor');
#958=IFCPRESENTATIONSTYLEASSIGNMENT((#950));
#959=IFCSTYLEDITEM($,(#958),$);
#960=IFCSTYLEDREPRESENTATION(#22,'Style','Material',(#959));
#961=IFCMATERIALDEFINITIONREPRESENTATION($,$,(#960),#957);
#962=IFCMATERIALLAYER(#957,304.80000000000001,$);
#963=IFCMATERIALLAYERSET((#962),'Floor:Floor:Floor:Floor:Floor:Generic - 12"');
#964=IFCMATERIALLAYERSETUSAGE(#963,.AXIS3.,.POSITIVE.,0.);
#965=IFCPROPERTYSINGLEVALUE('Reference',$,IFCIDENTIFIER('Floor:Floor:Floor:Floor:Generic - 12"'),$);
#966=IFCPROPERTYSET('0kphNHotQJ5mBlvkqmAqCl',#18,'Pset_QuantityTakeOff',$,(#965));
#967=IFCPROPERTYSINGLEVALUE('Reference',$,IFCLABEL('Floor:Floor:Floor:Floor:Generic - 12"'),$);
#968=IFCPROPERTYSET('0iXujj9fPwFetXMU4NF00R',#18,'Pset_ReinforcementBarPitchOfSlab',$,(#967));
#969=IFCPROPERTYSINGLEVALUE('IsExternal',$,IFCBOOLEAN(.F.),$);
#970=IFCPROPERTYSINGLEVALUE('PitchAngle',$,IFCPLANEANGLEMEASURE(0.),$);
#971=IFCPROPERTYSET('3TxUongGnHUG3C$7C2NiPU',#18,'Pset_SlabCommon',$,(#746,#965,#969,#970));
#972=IFCRELDEFINESBYPROPERTIES('3xxBV7xst4ZiJ3$8c2Qmz3',#18,$,$,(#955),#966);
#973=IFCRELDEFINESBYPROPERTIES('2ZQtAYN_UnSwugIYmusUGG',#18,$,$,(#955),#968);
#974=IFCRELDEFINESBYPROPERTIES('3ibpQy$ZLYSmNNS6bRHKHE',#18,$,$,(#955),#971);
#975=IFCCARTESIANPOINT((3791.5000000000005,2700.,0.));
#976=IFCAXIS2PLACEMENT3D(#975,#9,#6);
#977=IFCLOCALPLACEMENT(#42,#976);
#978=IFCCARTESIANPOINT((3729.5000000000005,0.));
#979=IFCPOLYLINE((#4,#978));
#980=IFCSHAPEREPRESENTATION(#23,'Axis','Curve2D',(#979));
#981=IFCCARTESIANPOINT((1864.7500000000002,0.));
#982=IFCAXIS2PLACEMENT2D(#981,#12);
#983=IFCRECTANGLEPROFILEDEF(.AREA.,$,#982,3729.5000000000005,108.00000000000036);
#984=IFCAXIS2PLACEMENT3D(#3,$,$);
#985=IFCEXTRUDEDAREASOLID(#983,#984,#9,3000.);
#986=IFCSTYLEDITEM(#985,(#688),$);
#987=IFCSHAPEREPRESENTATION(#24,'Body','SweptSolid',(#985));
#988=IFCPRODUCTDEFINITIONSHAPE($,$,(#980,#987));
#989=IFCWALLSTANDARDCASE('1iDZV_Brn0Z9GW0EFhIoO4',#18,'Basic Wall:Partition wall:1202004',$,'Basic Wall:Partition wall',#977,#988,'1201622');
#990=IFCMATERIALLAYERSETUSAGE(#788,.AXIS2.,.NEGATIVE.,54.);
#991=IFCPROPERTYSINGLEVALUE('Reference',$,IFCIDENTIFIER('Partition wall'),$);
#992=IFCPROPERTYSET('2187SPA$VueCgzSXGOkATi',#18,'Pset_QuantityTakeOff',$,(#991));
#993=IFCPROPERTYSINGLEVALUE('Reference',$,IFCLABEL('Partition wall'),$);
#994=IFCPROPERTYSET('0g22EhCKiJPWTUPVoQME6b',#18,'Pset_ReinforcementBarPitchOfWall',$,(#993));
#995=IFCPROPERTYSET('1kzm5FLp16o8DzYP2WfopY',#18,'Pset_WallCommon',$,(#744,#745,#746,#991));
#996=IFCRELDEFINESBYPROPERTIES('2laB4TiUIkgE7dNp9CnZfu',#18,$,$,(#989),#992);
#997=IFCRELDEFINESBYPROPERTIES('2eYqKNElYb8_L8AHTS8Kqz',#18,$,$,(#989),#994);
#998=IFCRELDEFINESBYPROPERTIES('3yBg89_a4Aua5nzRdDJnVv',#18,$,$,(#989),#995);
#999=IFCCARTESIANPOINT((128.39755277633677,-90.611866712539737,1006.3407543182374));
#1000=IFCCARTESIANPOINT((125.80937500000009,-90.611866712539737,1026.0000194549561));
#1001=IFCCARTESIANPOINT((130.80936050415048,-90.611866712539737,1007.3397485733033));
#1002=IFCPOLYLOOP((#999,#1000,#1001));
#1003=IFCFACEOUTERBOUND(#1002,.T.);
#1004=IFCFACE((#1003));
#1005=IFCCARTESIANPOINT((123.22119722366342,-90.611866712539737,1006.3407543182374));
#1006=IFCCARTESIANPOINT((125.80937500000009,-90.611866712539737,1006.0000047683716));
#1007=IFCPOLYLOOP((#1005,#999,#1006));
#1008=IFCFACEOUTERBOUND(#1007,.T.);
#1009=IFCFACE((#1008));
#1010=IFCPOLYLOOP((#999,#1005,#1000));
#1011=IFCFACEOUTERBOUND(#1010,.T.);
#1012=IFCFACE((#1011));
#1013=IFCCARTESIANPOINT((134.4696385383607,-90.611866712539737,1021.0000339508057));
#1014=IFCPOLYLOOP((#1001,#1000,#1013));
#1015=IFCFACEOUTERBOUND(#1014,.T.);
#1016=IFCFACE((#1015));
#1017=IFCCARTESIANPOINT((120.8093894958497,-90.611866712539737,1007.3397485733033));
#1018=IFCPOLYLOOP((#1005,#1017,#1000));
#1019=IFCFACEOUTERBOUND(#1018,.T.);
#1020=IFCFACE((#1019));
#1021=IFCCARTESIANPOINT((132.88045501708993,-90.611866712539737,1008.9289684295654));
#1022=IFCCARTESIANPOINT((135.46863279342662,-90.611866712539737,1013.4118343353272));
#1023=IFCCARTESIANPOINT((134.4696385383607,-90.611866712539737,1010.999990272522));
#1024=IFCPOLYLOOP((#1021,#1022,#1023));
#1025=IFCFACEOUTERBOUND(#1024,.T.);
#1026=IFCFACE((#1025));
#1027=IFCPOLYLOOP((#1013,#1022,#1021));
#1028=IFCFACEOUTERBOUND(#1027,.T.);
#1029=IFCFACE((#1028));
#1030=IFCCARTESIANPOINT((135.80938234329233,-90.611866712539737,1015.9999757766724));
#1031=IFCCARTESIANPOINT((135.46863279342662,-90.611866712539737,1018.5881898880006));
#1032=IFCPOLYLOOP((#1030,#1013,#1031));
#1033=IFCFACEOUTERBOUND(#1032,.T.);
#1034=IFCFACE((#1033));
#1035=IFCPOLYLOOP((#1013,#1030,#1022));
#1036=IFCFACEOUTERBOUND(#1035,.T.);
#1037=IFCFACE((#1036));
#1038=IFCPOLYLOOP((#1013,#1021,#1001));
#1039=IFCFACEOUTERBOUND(#1038,.T.);
#1040=IFCFACE((#1039));
#1041=IFCCARTESIANPOINT((118.73829498291025,-90.611866712539737,1008.9289684295654));
#1042=IFCCARTESIANPOINT((117.14911146163949,-90.611866712539737,1021.0000339508057));
#1043=IFCPOLYLOOP((#1017,#1041,#1042));
#1044=IFCFACEOUTERBOUND(#1043,.T.);
#1045=IFCFACE((#1044));
#1046=IFCCARTESIANPOINT((116.15011720657358,-90.611866712539737,1013.4118343353272));
#1047=IFCPOLYLOOP((#1041,#1046,#1042));
#1048=IFCFACEOUTERBOUND(#1047,.T.);
#1049=IFCFACE((#1048));
#1050=IFCCARTESIANPOINT((115.80936765670786,-90.611866712539737,1015.9999757766724));
#1051=IFCPOLYLOOP((#1042,#1046,#1050));
#1052=IFCFACEOUTERBOUND(#1051,.T.);
#1053=IFCFACE((#1052));
#1054=IFCPOLYLOOP((#1017,#1042,#1000));
#1055=IFCFACEOUTERBOUND(#1054,.T.);
#1056=IFCFACE((#1055));
#1057=IFCCARTESIANPOINT((116.15011720657358,-90.611866712539737,1018.5881898880006));
#1058=IFCPOLYLOOP((#1042,#1050,#1057));
#1059=IFCFACEOUTERBOUND(#1058,.T.);
#1060=IFCFACE((#1059));
#1061=IFCCARTESIANPOINT((120.8093894958497,-90.611866712539737,1024.6602756500245));
#1062=IFCCARTESIANPOINT((118.73829498291025,-90.611866712539737,1023.0710557937623));
#1063=IFCPOLYLOOP((#1061,#1042,#1062));
#1064=IFCFACEOUTERBOUND(#1063,.T.);
#1065=IFCFACE((#1064));
#1066=IFCCARTESIANPOINT((130.80936050415048,-90.611866712539737,1024.6602756500245));
#1067=IFCCARTESIANPOINT((128.39755277633677,-90.611866712539737,1025.6592699050905));
#1068=IFCPOLYLOOP((#1066,#1000,#1067));
#1069=IFCFACEOUTERBOUND(#1068,.T.);
#1070=IFCFACE((#1069));
#1071=IFCCARTESIANPOINT((132.88045501708993,-90.611866712539737,1023.0710557937623));
#1072=IFCPOLYLOOP((#1066,#1071,#1013));
#1073=IFCFACEOUTERBOUND(#1072,.T.);
#1074=IFCFACE((#1073));
#1075=IFCCARTESIANPOINT((123.22119722366342,-90.611866712539737,1025.6592699050905));
#1076=IFCPOLYLOOP((#1000,#1061,#1075));
#1077=IFCFACEOUTERBOUND(#1076,.T.);
#1078=IFCFACE((#1077));
#1079=IFCPOLYLOOP((#1013,#1000,#1066));
#1080=IFCFACEOUTERBOUND(#1079,.T.);
#1081=IFCFACE((#1080));
#1082=IFCPOLYLOOP((#1042,#1061,#1000));
#1083=IFCFACEOUTERBOUND(#1082,.T.);
#1084=IFCFACE((#1083));
#1085=IFCCARTESIANPOINT((117.14911146163949,-90.611866712539737,1010.999990272522));
#1086=IFCPOLYLOOP((#1046,#1041,#1085));
#1087=IFCFACEOUTERBOUND(#1086,.T.);
#1088=IFCFACE((#1087));
#1089=IFCCARTESIANPOINT((116.15011720657358,-120.61186149117285,1013.4118343353272));
#1090=IFCCARTESIANPOINT((115.80936765670786,-120.61186149117285,1015.9999757766724));
#1091=IFCPOLYLOOP((#1089,#1090,#1050));
#1092=IFCFACEOUTERBOUND(#1091,.T.);
#1093=IFCFACE((#1092));
#1094=IFCPOLYLOOP((#1050,#1046,#1089));
#1095=IFCFACEOUTERBOUND(#1094,.T.);
#1096=IFCFACE((#1095));
#1097=IFCCARTESIANPOINT((117.14911146163949,-120.61186149117285,1010.999990272522));
#1098=IFCPOLYLOOP((#1097,#1089,#1046));
#1099=IFCFACEOUTERBOUND(#1098,.T.);
#1100=IFCFACE((#1099));
#1101=IFCPOLYLOOP((#1046,#1085,#1097));
#1102=IFCFACEOUTERBOUND(#1101,.T.);
#1103=IFCFACE((#1102));
#1104=IFCCARTESIANPOINT((120.8093894958497,-120.61186149117285,1007.3397485733033));
#1105=IFCPOLYLOOP((#1017,#1104,#1041));
#1106=IFCFACEOUTERBOUND(#1105,.T.);
#1107=IFCFACE((#1106));
#1108=IFCCARTESIANPOINT((118.73829498291025,-120.61186149117285,1008.9289684295654));
#1109=IFCPOLYLOOP((#1108,#1041,#1104));
#1110=IFCFACEOUTERBOUND(#1109,.T.);
#1111=IFCFACE((#1110));
#1112=IFCPOLYLOOP((#1097,#1085,#1108));
#1113=IFCFACEOUTERBOUND(#1112,.T.);
#1114=IFCFACE((#1113));
#1115=IFCPOLYLOOP((#1041,#1108,#1085));
#1116=IFCFACEOUTERBOUND(#1115,.T.);
#1117=IFCFACE((#1116));
#1118=IFCCARTESIANPOINT((123.22119722366342,-120.61186149117285,1006.3407543182374));
#1119=IFCPOLYLOOP((#1005,#1118,#1017));
#1120=IFCFACEOUTERBOUND(#1119,.T.);
#1121=IFCFACE((#1120));
#1122=IFCPOLYLOOP((#1104,#1017,#1118));
#1123=IFCFACEOUTERBOUND(#1122,.T.);
#1124=IFCFACE((#1123));
#1125=IFCCARTESIANPOINT((125.80937500000009,-120.61186149117285,1006.0000047683716));
#1126=IFCPOLYLOOP((#1005,#1006,#1125));
#1127=IFCFACEOUTERBOUND(#1126,.T.);
#1128=IFCFACE((#1127));
#1129=IFCPOLYLOOP((#1125,#1118,#1005));
#1130=IFCFACEOUTERBOUND(#1129,.T.);
#1131=IFCFACE((#1130));
#1132=IFCCARTESIANPOINT((130.80936050415048,-120.61186149117285,1007.3397485733033));
#1133=IFCCARTESIANPOINT((128.39755277633677,-120.61186149117285,1006.3407543182374));
#1134=IFCPOLYLOOP((#1132,#1133,#999));
#1135=IFCFACEOUTERBOUND(#1134,.T.);
#1136=IFCFACE((#1135));
#1137=IFCPOLYLOOP((#999,#1001,#1132));
#1138=IFCFACEOUTERBOUND(#1137,.T.);
#1139=IFCFACE((#1138));
#1140=IFCCARTESIANPOINT((132.88045501708993,-120.61186149117285,1008.9289684295654));
#1141=IFCPOLYLOOP((#1140,#1132,#1001));
#1142=IFCFACEOUTERBOUND(#1141,.T.);
#1143=IFCFACE((#1142));
#1144=IFCPOLYLOOP((#1001,#1021,#1140));
#1145=IFCFACEOUTERBOUND(#1144,.T.);
#1146=IFCFACE((#1145));
#1147=IFCCARTESIANPOINT((135.46863279342662,-120.61186149117285,1013.4118343353272));
#1148=IFCCARTESIANPOINT((134.4696385383607,-120.61186149117285,1010.999990272522));
#1149=IFCPOLYLOOP((#1022,#1147,#1148));
#1150=IFCFACEOUTERBOUND(#1149,.T.);
#1151=IFCFACE((#1150));
#1152=IFCPOLYLOOP((#1148,#1023,#1022));
#1153=IFCFACEOUTERBOUND(#1152,.T.);
#1154=IFCFACE((#1153));
#1155=IFCPOLYLOOP((#1140,#1021,#1148));
#1156=IFCFACEOUTERBOUND(#1155,.T.);
#1157=IFCFACE((#1156));
#1158=IFCPOLYLOOP((#1023,#1148,#1021));
#1159=IFCFACEOUTERBOUND(#1158,.T.);
#1160=IFCFACE((#1159));
#1161=IFCCARTESIANPOINT((135.80938234329233,-120.61186149117285,1015.9999757766724));
#1162=IFCPOLYLOOP((#1030,#1161,#1147));
#1163=IFCFACEOUTERBOUND(#1162,.T.);
#1164=IFCFACE((#1163));
#1165=IFCPOLYLOOP((#1147,#1022,#1030));
#1166=IFCFACEOUTERBOUND(#1165,.T.);
#1167=IFCFACE((#1166));
#1168=IFCPOLYLOOP((#999,#1133,#1006));
#1169=IFCFACEOUTERBOUND(#1168,.T.);
#1170=IFCFACE((#1169));
#1171=IFCPOLYLOOP((#1125,#1006,#1133));
#1172=IFCFACEOUTERBOUND(#1171,.T.);
#1173=IFCFACE((#1172));
#1174=IFCCARTESIANPOINT((135.46863279342662,-120.61186149117285,1018.5881898880006));
#1175=IFCPOLYLOOP((#1174,#1161,#1030));
#1176=IFCFACEOUTERBOUND(#1175,.T.);
#1177=IFCFACE((#1176));
#1178=IFCPOLYLOOP((#1030,#1031,#1174));
#1179=IFCFACEOUTERBOUND(#1178,.T.);
#1180=IFCFACE((#1179));
#1181=IFCCARTESIANPOINT((134.4696385383607,-120.61186149117285,1021.0000339508057));
#1182=IFCPOLYLOOP((#1181,#1174,#1013));
#1183=IFCFACEOUTERBOUND(#1182,.T.);
#1184=IFCFACE((#1183));
#1185=IFCPOLYLOOP((#1031,#1013,#1174));
#1186=IFCFACEOUTERBOUND(#1185,.T.);
#1187=IFCFACE((#1186));
#1188=IFCCARTESIANPOINT((130.80936050415048,-120.61186149117285,1024.6602756500245));
#1189=IFCCARTESIANPOINT((132.88045501708993,-120.61186149117285,1023.0710557937623));
#1190=IFCPOLYLOOP((#1066,#1188,#1189));
#1191=IFCFACEOUTERBOUND(#1190,.T.);
#1192=IFCFACE((#1191));
#1193=IFCPOLYLOOP((#1189,#1071,#1066));
#1194=IFCFACEOUTERBOUND(#1193,.T.);
#1195=IFCFACE((#1194));
#1196=IFCPOLYLOOP((#1181,#1013,#1071));
#1197=IFCFACEOUTERBOUND(#1196,.T.);
#1198=IFCFACE((#1197));
#1199=IFCPOLYLOOP((#1071,#1189,#1181));
#1200=IFCFACEOUTERBOUND(#1199,.T.);
#1201=IFCFACE((#1200));
#1202=IFCCARTESIANPOINT((128.39755277633677,-120.61186149117285,1025.6592699050905));
#1203=IFCPOLYLOOP((#1067,#1202,#1188));
#1204=IFCFACEOUTERBOUND(#1203,.T.);
#1205=IFCFACE((#1204));
#1206=IFCPOLYLOOP((#1188,#1066,#1067));
#1207=IFCFACEOUTERBOUND(#1206,.T.);
#1208=IFCFACE((#1207));
#1209=IFCPOLYLOOP((#1067,#1000,#1202));
#1210=IFCFACEOUTERBOUND(#1209,.T.);
#1211=IFCFACE((#1210));
#1212=IFCCARTESIANPOINT((125.80937500000009,-120.61186149117285,1026.0000194549561));
#1213=IFCPOLYLOOP((#1212,#1202,#1000));
#1214=IFCFACEOUTERBOUND(#1213,.T.);
#1215=IFCFACE((#1214));
#1216=IFCCARTESIANPOINT((120.8093894958497,-120.61186149117285,1024.6602756500245));
#1217=IFCCARTESIANPOINT((123.22119722366342,-120.61186149117285,1025.6592699050905));
#1218=IFCPOLYLOOP((#1216,#1217,#1061));
#1219=IFCFACEOUTERBOUND(#1218,.T.);
#1220=IFCFACE((#1219));
#1221=IFCPOLYLOOP((#1075,#1061,#1217));
#1222=IFCFACEOUTERBOUND(#1221,.T.);
#1223=IFCFACE((#1222));
#1224=IFCCARTESIANPOINT((118.73829498291025,-120.61186149117285,1023.0710557937623));
#1225=IFCPOLYLOOP((#1224,#1216,#1062));
#1226=IFCFACEOUTERBOUND(#1225,.T.);
#1227=IFCFACE((#1226));
#1228=IFCPOLYLOOP((#1061,#1062,#1216));
#1229=IFCFACEOUTERBOUND(#1228,.T.);
#1230=IFCFACE((#1229));
#1231=IFCCARTESIANPOINT((116.15011720657358,-120.61186149117285,1018.5881898880006));
#1232=IFCCARTESIANPOINT((117.14911146163949,-120.61186149117285,1021.0000339508057));
#1233=IFCPOLYLOOP((#1057,#1231,#1232));
#1234=IFCFACEOUTERBOUND(#1233,.T.);
#1235=IFCFACE((#1234));
#1236=IFCPOLYLOOP((#1232,#1042,#1057));
#1237=IFCFACEOUTERBOUND(#1236,.T.);
#1238=IFCFACE((#1237));
#1239=IFCPOLYLOOP((#1224,#1062,#1042));
#1240=IFCFACEOUTERBOUND(#1239,.T.);
#1241=IFCFACE((#1240));
#1242=IFCPOLYLOOP((#1042,#1232,#1224));
#1243=IFCFACEOUTERBOUND(#1242,.T.);
#1244=IFCFACE((#1243));
#1245=IFCPOLYLOOP((#1050,#1090,#1231));
#1246=IFCFACEOUTERBOUND(#1245,.T.);
#1247=IFCFACE((#1246));
#1248=IFCPOLYLOOP((#1231,#1057,#1050));
#1249=IFCFACEOUTERBOUND(#1248,.T.);
#1250=IFCFACE((#1249));
#1251=IFCPOLYLOOP((#1075,#1217,#1212));
#1252=IFCFACEOUTERBOUND(#1251,.T.);
#1253=IFCFACE((#1252));
#1254=IFCPOLYLOOP((#1212,#1000,#1075));
#1255=IFCFACEOUTERBOUND(#1254,.T.);
#1256=IFCFACE((#1255));
#1257=IFCCARTESIANPOINT((116.2358314514161,-122.20341587063605,1015.9999757766724));
#1258=IFCPOLYLOOP((#1097,#1257,#1089));
#1259=IFCFACEOUTERBOUND(#1258,.T.);
#1260=IFCFACE((#1259));
#1261=IFCCARTESIANPOINT((117.5151865005494,-126.97806084152991,1015.9999757766724));
#1262=IFCCARTESIANPOINT((120.78104820251474,-126.57199914452369,1007.9232885360718));
#1263=IFCPOLYLOOP((#1261,#1118,#1262));
#1264=IFCFACEOUTERBOUND(#1263,.T.);
#1265=IFCFACE((#1264));
#1266=IFCCARTESIANPOINT((133.43300123214732,-124.63032078739936,1008.4874256134034));
#1267=IFCCARTESIANPOINT((127.05646457672128,-130.14953331944281,1006.1519577026368));
#1268=IFCCARTESIANPOINT((124.77430009841929,-127.19574377533728,1006.2762233734131));
#1269=IFCPOLYLOOP((#1266,#1267,#1268));
#1270=IFCFACEOUTERBOUND(#1269,.T.);
#1271=IFCFACE((#1270));
#1272=IFCCARTESIANPOINT((118.33697500228891,-130.04496121403508,1015.9999757766724));
#1273=IFCPOLYLOOP((#1261,#1262,#1272));
#1274=IFCFACEOUTERBOUND(#1273,.T.);
#1275=IFCFACE((#1274));
#1276=IFCCARTESIANPOINT((119.15872716903696,-133.11186158654027,1015.9999757766724));
#1277=IFCPOLYLOOP((#1276,#1272,#1262));
#1278=IFCFACEOUTERBOUND(#1277,.T.);
#1279=IFCFACE((#1278));
#1280=IFCPOLYLOOP((#1261,#1108,#1104));
#1281=IFCFACEOUTERBOUND(#1280,.T.);
#1282=IFCFACE((#1281));
#1283=IFCCARTESIANPOINT((116.66229524612436,-123.79496116635138,1015.9999757766724));
#1284=IFCPOLYLOOP((#1108,#1283,#1097));
#1285=IFCFACEOUTERBOUND(#1284,.T.);
#1286=IFCFACE((#1285));
#1287=IFCPOLYLOOP((#1118,#1261,#1104));
#1288=IFCFACEOUTERBOUND(#1287,.T.);
#1289=IFCFACE((#1288));
#1290=IFCPOLYLOOP((#1276,#1262,#1268));
#1291=IFCFACEOUTERBOUND(#1290,.T.);
#1292=IFCFACE((#1291));
#1293=IFCPOLYLOOP((#1262,#1133,#1132));
#1294=IFCFACEOUTERBOUND(#1293,.T.);
#1295=IFCFACE((#1294));
#1296=IFCCARTESIANPOINT((132.30810623168955,-129.11315035816961,1006.4535381317139));
#1297=IFCCARTESIANPOINT((131.2716869354249,-134.36478292939,1006.1519577026368));
#1298=IFCCARTESIANPOINT((125.88887596130381,-135.28362219330603,1007.9447988510133));
#1299=IFCPOLYLOOP((#1296,#1297,#1298));
#1300=IFCFACEOUTERBOUND(#1299,.T.);
#1301=IFCFACE((#1300));
#1302=IFCCARTESIANPOINT((133.79874925613413,-139.28224258419806,1007.3071924209595));
#1303=IFCCARTESIANPOINT((128.3093677520753,-142.26250216957862,1015.9999757766724));
#1304=IFCPOLYLOOP((#1297,#1302,#1303));
#1305=IFCFACEOUTERBOUND(#1304,.T.);
#1306=IFCFACE((#1305));
#1307=IFCPOLYLOOP((#1262,#1118,#1125));
#1308=IFCFACEOUTERBOUND(#1307,.T.);
#1309=IFCFACE((#1308));
#1310=IFCPOLYLOOP((#1262,#1125,#1133));
#1311=IFCFACEOUTERBOUND(#1310,.T.);
#1312=IFCFACE((#1311));
#1313=IFCCARTESIANPOINT((136.79089946746836,-127.98823719021613,1008.4874256134034));
#1314=IFCCARTESIANPOINT((137.2738278388978,-124.14740149971777,1015.9999757766724));
#1315=IFCCARTESIANPOINT((140.80936784744273,-125.61186516281897,1015.9999757766724));
#1316=IFCPOLYLOOP((#1313,#1314,#1315));
#1317=IFCFACEOUTERBOUND(#1316,.T.);
#1318=IFCFACE((#1317));
#1319=IFCPOLYLOOP((#1132,#1268,#1262));
#1320=IFCFACEOUTERBOUND(#1319,.T.);
#1321=IFCFACE((#1320));
#1322=IFCCARTESIANPOINT((140.80936784744273,-125.95260562893684,1013.4118343353272));
#1323=IFCCARTESIANPOINT((140.80936784744273,-126.95160896775062,1010.999990272522));
#1324=IFCPOLYLOOP((#1322,#1323,#1313));
#1325=IFCFACEOUTERBOUND(#1324,.T.);
#1326=IFCFACE((#1325));
#1327=IFCCARTESIANPOINT((140.80936784744273,-138.20005028244788,1006.3407543182374));
#1328=IFCCARTESIANPOINT((134.44318666458139,-143.90604283806616,1015.9999757766724));
#1329=IFCCARTESIANPOINT((131.37625904083262,-143.08427250382238,1015.9999757766724));
#1330=IFCPOLYLOOP((#1327,#1328,#1329));
#1331=IFCFACEOUTERBOUND(#1330,.T.);
#1332=IFCFACE((#1331));
#1333=IFCCARTESIANPOINT((140.80936784744273,-144.27211787697607,1010.999990272522));
#1334=IFCCARTESIANPOINT((140.80936784744273,-145.27112575766378,1013.4118343353272));
#1335=IFCCARTESIANPOINT((139.21782255172738,-145.18541151282125,1015.9999757766724));
#1336=IFCPOLYLOOP((#1333,#1334,#1335));
#1337=IFCFACEOUTERBOUND(#1336,.T.);
#1338=IFCFACE((#1337));
#1339=IFCPOLYLOOP((#1148,#1266,#1268));
#1340=IFCFACEOUTERBOUND(#1339,.T.);
#1341=IFCFACE((#1340));
#1342=IFCPOLYLOOP((#1268,#1132,#1140));
#1343=IFCFACEOUTERBOUND(#1342,.T.);
#1344=IFCFACE((#1343));
#1345=IFCPOLYLOOP((#1296,#1298,#1267));
#1346=IFCFACEOUTERBOUND(#1345,.T.);
#1347=IFCFACE((#1346));
#1348=IFCCARTESIANPOINT((140.80936784744273,-128.54079248902136,1008.9289684295654));
#1349=IFCCARTESIANPOINT((140.80936784744273,-130.61185975071723,1007.3397485733033));
#1350=IFCPOLYLOOP((#1348,#1349,#1302));
#1351=IFCFACEOUTERBOUND(#1350,.T.);
#1352=IFCFACE((#1351));
#1353=IFCPOLYLOOP((#1296,#1266,#1314));
#1354=IFCFACEOUTERBOUND(#1353,.T.);
#1355=IFCFACE((#1354));
#1356=IFCCARTESIANPOINT((121.44641456604013,-135.39952173229986,1015.9999757766724));
#1357=IFCPOLYLOOP((#1267,#1298,#1356));
#1358=IFCFACEOUTERBOUND(#1357,.T.);
#1359=IFCFACE((#1358));
#1360=IFCCARTESIANPOINT((126.02171669006357,-139.97484202381904,1015.9999757766724));
#1361=IFCPOLYLOOP((#1297,#1360,#1298));
#1362=IFCFACEOUTERBOUND(#1361,.T.);
#1363=IFCFACE((#1362));
#1364=IFCCARTESIANPOINT((140.80936784744273,-140.61186709400945,1007.3397485733033));
#1365=IFCPOLYLOOP((#1327,#1364,#1328));
#1366=IFCFACEOUTERBOUND(#1365,.T.);
#1367=IFCFACE((#1366));
#1368=IFCPOLYLOOP((#1266,#1296,#1267));
#1369=IFCFACEOUTERBOUND(#1368,.T.);
#1370=IFCFACE((#1369));
#1371=IFCCARTESIANPOINT((140.80936784744273,-135.61186342236334,1006.0000047683716));
#1372=IFCPOLYLOOP((#1329,#1302,#1371));
#1373=IFCFACEOUTERBOUND(#1372,.T.);
#1374=IFCFACE((#1373));
#1375=IFCPOLYLOOP((#1329,#1371,#1327));
#1376=IFCFACEOUTERBOUND(#1375,.T.);
#1377=IFCFACE((#1376));
#1378=IFCCARTESIANPOINT((140.80936784744273,-142.68293435570533,1008.9289684295654));
#1379=IFCCARTESIANPOINT((137.62627725601206,-144.75895225998693,1015.9999757766724));
#1380=IFCPOLYLOOP((#1328,#1378,#1379));
#1381=IFCFACEOUTERBOUND(#1380,.T.);
#1382=IFCFACE((#1381));
#1383=IFCPOLYLOOP((#1303,#1360,#1297));
#1384=IFCFACEOUTERBOUND(#1383,.T.);
#1385=IFCFACE((#1384));
#1386=IFCPOLYLOOP((#1364,#1378,#1328));
#1387=IFCFACEOUTERBOUND(#1386,.T.);
#1388=IFCFACE((#1387));
#1389=IFCPOLYLOOP((#1302,#1329,#1303));
#1390=IFCFACEOUTERBOUND(#1389,.T.);
#1391=IFCFACE((#1390));
#1392=IFCCARTESIANPOINT((140.80936784744273,-145.61186622378165,1015.9999757766724));
#1393=IFCPOLYLOOP((#1392,#1335,#1334));
#1394=IFCFACEOUTERBOUND(#1393,.T.);
#1395=IFCFACE((#1394));
#1396=IFCPOLYLOOP((#1297,#1296,#1313));
#1397=IFCFACEOUTERBOUND(#1396,.T.);
#1398=IFCFACE((#1397));
#1399=IFCPOLYLOOP((#1268,#1267,#1356));
#1400=IFCFACEOUTERBOUND(#1399,.T.);
#1401=IFCFACE((#1400));
#1402=IFCPOLYLOOP((#1378,#1333,#1379));
#1403=IFCFACEOUTERBOUND(#1402,.T.);
#1404=IFCFACE((#1403));
#1405=IFCPOLYLOOP((#1266,#1147,#1161));
#1406=IFCFACEOUTERBOUND(#1405,.T.);
#1407=IFCFACE((#1406));
#1408=IFCCARTESIANPOINT((123.73406562805185,-137.68718187805945,1015.9999757766724));
#1409=IFCPOLYLOOP((#1356,#1298,#1408));
#1410=IFCFACEOUTERBOUND(#1409,.T.);
#1411=IFCFACE((#1410));
#1412=IFCPOLYLOOP((#1360,#1408,#1298));
#1413=IFCFACEOUTERBOUND(#1412,.T.);
#1414=IFCFACE((#1413));
#1415=IFCPOLYLOOP((#1297,#1313,#1323));
#1416=IFCFACEOUTERBOUND(#1415,.T.);
#1417=IFCFACE((#1416));
#1418=IFCPOLYLOOP((#1261,#1283,#1108));
#1419=IFCFACEOUTERBOUND(#1418,.T.);
#1420=IFCFACE((#1419));
#1421=IFCPOLYLOOP((#1313,#1315,#1322));
#1422=IFCFACEOUTERBOUND(#1421,.T.);
#1423=IFCFACE((#1422));
#1424=IFCPOLYLOOP((#1257,#1090,#1089));
#1425=IFCFACEOUTERBOUND(#1424,.T.);
#1426=IFCFACE((#1425));
#1427=IFCPOLYLOOP((#1302,#1297,#1348));
#1428=IFCFACEOUTERBOUND(#1427,.T.);
#1429=IFCFACE((#1428));
#1430=IFCPOLYLOOP((#1333,#1335,#1379));
#1431=IFCFACEOUTERBOUND(#1430,.T.);
#1432=IFCFACE((#1431));
#1433=IFCPOLYLOOP((#1297,#1323,#1348));
#1434=IFCFACEOUTERBOUND(#1433,.T.);
#1435=IFCFACE((#1434));
#1436=IFCPOLYLOOP((#1097,#1283,#1257));
#1437=IFCFACEOUTERBOUND(#1436,.T.);
#1438=IFCFACE((#1437));
#1439=IFCCARTESIANPOINT((140.80936784744273,-133.02367656227881,1006.3407543182374));
#1440=IFCPOLYLOOP((#1349,#1439,#1302));
#1441=IFCFACEOUTERBOUND(#1440,.T.);
#1442=IFCFACE((#1441));
#1443=IFCPOLYLOOP((#1302,#1439,#1371));
#1444=IFCFACEOUTERBOUND(#1443,.T.);
#1445=IFCFACE((#1444));
#1446=IFCPOLYLOOP((#1268,#1140,#1148));
#1447=IFCFACEOUTERBOUND(#1446,.T.);
#1448=IFCFACE((#1447));
#1449=IFCPOLYLOOP((#1314,#1313,#1296));
#1450=IFCFACEOUTERBOUND(#1449,.T.);
#1451=IFCFACE((#1450));
#1452=IFCPOLYLOOP((#1266,#1148,#1147));
#1453=IFCFACEOUTERBOUND(#1452,.T.);
#1454=IFCFACE((#1453));
#1455=IFCPOLYLOOP((#1356,#1276,#1268));
#1456=IFCFACEOUTERBOUND(#1455,.T.);
#1457=IFCFACE((#1456));
#1458=IFCPOLYLOOP((#1266,#1161,#1314));
#1459=IFCFACEOUTERBOUND(#1458,.T.);
#1460=IFCFACE((#1459));
#1461=IFCCARTESIANPOINT((120.78104820251474,-126.57199914452369,1024.0766630172729));
#1462=IFCPOLYLOOP((#1461,#1261,#1272));
#1463=IFCFACEOUTERBOUND(#1462,.T.);
#1464=IFCFACE((#1463));
#1465=IFCPOLYLOOP((#1461,#1272,#1276));
#1466=IFCFACEOUTERBOUND(#1465,.T.);
#1467=IFCFACE((#1466));
#1468=IFCCARTESIANPOINT((127.05646457672128,-130.14953331944281,1025.848066520691));
#1469=IFCCARTESIANPOINT((132.30810623168955,-129.11315035816961,1025.5464860916138));
#1470=IFCCARTESIANPOINT((133.43300123214732,-124.63032078739936,1023.5125986099243));
#1471=IFCPOLYLOOP((#1468,#1469,#1470));
#1472=IFCFACEOUTERBOUND(#1471,.T.);
#1473=IFCFACE((#1472));
#1474=IFCCARTESIANPOINT((136.79089946746836,-127.98823719021613,1023.5125986099243));
#1475=IFCPOLYLOOP((#1474,#1315,#1314));
#1476=IFCFACEOUTERBOUND(#1475,.T.);
#1477=IFCFACE((#1476));
#1478=IFCCARTESIANPOINT((124.77430009841929,-127.19574377533728,1025.7238008499146));
#1479=IFCPOLYLOOP((#1181,#1189,#1478));
#1480=IFCFACEOUTERBOUND(#1479,.T.);
#1481=IFCFACE((#1480));
#1482=IFCPOLYLOOP((#1470,#1478,#1468));
#1483=IFCFACEOUTERBOUND(#1482,.T.);
#1484=IFCFACE((#1483));
#1485=IFCCARTESIANPOINT((140.80936784744273,-126.95160896775062,1021.0000339508057));
#1486=IFCCARTESIANPOINT((131.2716869354249,-134.36478292939,1025.848066520691));
#1487=IFCPOLYLOOP((#1485,#1474,#1486));
#1488=IFCFACEOUTERBOUND(#1487,.T.);
#1489=IFCFACE((#1488));
#1490=IFCPOLYLOOP((#1478,#1470,#1181));
#1491=IFCFACEOUTERBOUND(#1490,.T.);
#1492=IFCFACE((#1491));
#1493=IFCCARTESIANPOINT((126.13762531280527,-135.53237154480749,1024.0552253723145));
#1494=IFCPOLYLOOP((#1469,#1468,#1493));
#1495=IFCFACEOUTERBOUND(#1494,.T.);
#1496=IFCFACE((#1495));
#1497=IFCPOLYLOOP((#1174,#1181,#1470));
#1498=IFCFACEOUTERBOUND(#1497,.T.);
#1499=IFCFACE((#1498));
#1500=IFCPOLYLOOP((#1469,#1474,#1314));
#1501=IFCFACEOUTERBOUND(#1500,.T.);
#1502=IFCFACE((#1501));
#1503=IFCPOLYLOOP((#1493,#1486,#1469));
#1504=IFCFACEOUTERBOUND(#1503,.T.);
#1505=IFCFACE((#1504));
#1506=IFCCARTESIANPOINT((140.80936784744273,-125.95260562893684,1018.5881898880006));
#1507=IFCPOLYLOOP((#1474,#1506,#1315));
#1508=IFCFACEOUTERBOUND(#1507,.T.);
#1509=IFCFACE((#1508));
#1510=IFCPOLYLOOP((#1231,#1090,#1257));
#1511=IFCFACEOUTERBOUND(#1510,.T.);
#1512=IFCFACE((#1511));
#1513=IFCCARTESIANPOINT((133.79874925613413,-139.28224258419806,1024.6927591323854));
#1514=IFCPOLYLOOP((#1303,#1513,#1486));
#1515=IFCFACEOUTERBOUND(#1514,.T.);
#1516=IFCFACE((#1515));
#1517=IFCPOLYLOOP((#1513,#1303,#1329));
#1518=IFCFACEOUTERBOUND(#1517,.T.);
#1519=IFCFACE((#1518));
#1520=IFCPOLYLOOP((#1224,#1283,#1261));
#1521=IFCFACEOUTERBOUND(#1520,.T.);
#1522=IFCFACE((#1521));
#1523=IFCPOLYLOOP((#1212,#1217,#1461));
#1524=IFCFACEOUTERBOUND(#1523,.T.);
#1525=IFCFACE((#1524));
#1526=IFCPOLYLOOP((#1486,#1360,#1303));
#1527=IFCFACEOUTERBOUND(#1526,.T.);
#1528=IFCFACE((#1527));
#1529=IFCPOLYLOOP((#1216,#1224,#1261));
#1530=IFCFACEOUTERBOUND(#1529,.T.);
#1531=IFCFACE((#1530));
#1532=IFCPOLYLOOP((#1261,#1217,#1216));
#1533=IFCFACEOUTERBOUND(#1532,.T.);
#1534=IFCFACE((#1533));
#1535=IFCPOLYLOOP((#1478,#1276,#1356));
#1536=IFCFACEOUTERBOUND(#1535,.T.);
#1537=IFCFACE((#1536));
#1538=IFCCARTESIANPOINT((140.80936784744273,-138.20005028244788,1025.6592699050905));
#1539=IFCCARTESIANPOINT((140.80936784744273,-135.61186342236334,1026.0000194549561));
#1540=IFCPOLYLOOP((#1329,#1538,#1539));
#1541=IFCFACEOUTERBOUND(#1540,.T.);
#1542=IFCFACE((#1541));
#1543=IFCPOLYLOOP((#1261,#1461,#1217));
#1544=IFCFACEOUTERBOUND(#1543,.T.);
#1545=IFCFACE((#1544));
#1546=IFCPOLYLOOP((#1486,#1474,#1469));
#1547=IFCFACEOUTERBOUND(#1546,.T.);
#1548=IFCFACE((#1547));
#1549=IFCPOLYLOOP((#1314,#1470,#1469));
#1550=IFCFACEOUTERBOUND(#1549,.T.);
#1551=IFCFACE((#1550));
#1552=IFCPOLYLOOP((#1506,#1474,#1485));
#1553=IFCFACEOUTERBOUND(#1552,.T.);
#1554=IFCFACE((#1553));
#1555=IFCCARTESIANPOINT((140.80936784744273,-128.54079248902136,1023.0710557937623));
#1556=IFCPOLYLOOP((#1486,#1555,#1485));
#1557=IFCFACEOUTERBOUND(#1556,.T.);
#1558=IFCFACE((#1557));
#1559=IFCPOLYLOOP((#1224,#1232,#1283));
#1560=IFCFACEOUTERBOUND(#1559,.T.);
#1561=IFCFACE((#1560));
#1562=IFCPOLYLOOP((#1486,#1493,#1360));
#1563=IFCFACEOUTERBOUND(#1562,.T.);
#1564=IFCFACE((#1563));
#1565=IFCPOLYLOOP((#1470,#1161,#1174));
#1566=IFCFACEOUTERBOUND(#1565,.T.);
#1567=IFCFACE((#1566));
#1568=IFCCARTESIANPOINT((140.80936784744273,-142.68293435570533,1023.0710557937623));
#1569=IFCPOLYLOOP((#1328,#1379,#1568));
#1570=IFCFACEOUTERBOUND(#1569,.T.);
#1571=IFCFACE((#1570));
#1572=IFCCARTESIANPOINT((140.80936784744273,-130.61185975071723,1024.6602756500245));
#1573=IFCCARTESIANPOINT((140.80936784744273,-133.02367656227881,1025.6592699050905));
#1574=IFCPOLYLOOP((#1572,#1513,#1573));
#1575=IFCFACEOUTERBOUND(#1574,.T.);
#1576=IFCFACE((#1575));
#1577=IFCCARTESIANPOINT((140.80936784744273,-144.27211787697607,1021.0000339508057));
#1578=IFCPOLYLOOP((#1577,#1379,#1335));
#1579=IFCFACEOUTERBOUND(#1578,.T.);
#1580=IFCFACE((#1579));
#1581=IFCPOLYLOOP((#1232,#1257,#1283));
#1582=IFCFACEOUTERBOUND(#1581,.T.);
#1583=IFCFACE((#1582));
#1584=IFCPOLYLOOP((#1513,#1572,#1555));
#1585=IFCFACEOUTERBOUND(#1584,.T.);
#1586=IFCFACE((#1585));
#1587=IFCCARTESIANPOINT((140.80936784744273,-145.27112575766378,1018.5881898880006));
#1588=IFCPOLYLOOP((#1335,#1392,#1587));
#1589=IFCFACEOUTERBOUND(#1588,.T.);
#1590=IFCFACE((#1589));
#1591=IFCPOLYLOOP((#1513,#1539,#1573));
#1592=IFCFACEOUTERBOUND(#1591,.T.);
#1593=IFCFACE((#1592));
#1594=IFCPOLYLOOP((#1468,#1356,#1493));
#1595=IFCFACEOUTERBOUND(#1594,.T.);
#1596=IFCFACE((#1595));
#1597=IFCPOLYLOOP((#1360,#1493,#1408));
#1598=IFCFACEOUTERBOUND(#1597,.T.);
#1599=IFCFACE((#1598));
#1600=IFCPOLYLOOP((#1356,#1408,#1493));
#1601=IFCFACEOUTERBOUND(#1600,.T.);
#1602=IFCFACE((#1601));
#1603=IFCCARTESIANPOINT((140.80936784744273,-140.61186709400945,1024.6602756500245));
#1604=IFCPOLYLOOP((#1328,#1568,#1603));
#1605=IFCFACEOUTERBOUND(#1604,.T.);
#1606=IFCFACE((#1605));
#1607=IFCPOLYLOOP((#1328,#1603,#1538));
#1608=IFCFACEOUTERBOUND(#1607,.T.);
#1609=IFCFACE((#1608));
#1610=IFCPOLYLOOP((#1188,#1202,#1461));
#1611=IFCFACEOUTERBOUND(#1610,.T.);
#1612=IFCFACE((#1611));
#1613=IFCPOLYLOOP((#1329,#1328,#1538));
#1614=IFCFACEOUTERBOUND(#1613,.T.);
#1615=IFCFACE((#1614));
#1616=IFCPOLYLOOP((#1335,#1587,#1577));
#1617=IFCFACEOUTERBOUND(#1616,.T.);
#1618=IFCFACE((#1617));
#1619=IFCPOLYLOOP((#1356,#1468,#1478));
#1620=IFCFACEOUTERBOUND(#1619,.T.);
#1621=IFCFACE((#1620));
#1622=IFCPOLYLOOP((#1539,#1513,#1329));
#1623=IFCFACEOUTERBOUND(#1622,.T.);
#1624=IFCFACE((#1623));
#1625=IFCPOLYLOOP((#1202,#1212,#1461));
#1626=IFCFACEOUTERBOUND(#1625,.T.);
#1627=IFCFACE((#1626));
#1628=IFCPOLYLOOP((#1555,#1486,#1513));
#1629=IFCFACEOUTERBOUND(#1628,.T.);
#1630=IFCFACE((#1629));
#1631=IFCPOLYLOOP((#1568,#1379,#1577));
#1632=IFCFACEOUTERBOUND(#1631,.T.);
#1633=IFCFACE((#1632));
#1634=IFCPOLYLOOP((#1232,#1231,#1257));
#1635=IFCFACEOUTERBOUND(#1634,.T.);
#1636=IFCFACE((#1635));
#1637=IFCPOLYLOOP((#1478,#1461,#1276));
#1638=IFCFACEOUTERBOUND(#1637,.T.);
#1639=IFCFACE((#1638));
#1640=IFCPOLYLOOP((#1478,#1189,#1188));
#1641=IFCFACEOUTERBOUND(#1640,.T.);
#1642=IFCFACE((#1641));
#1643=IFCPOLYLOOP((#1470,#1314,#1161));
#1644=IFCFACEOUTERBOUND(#1643,.T.);
#1645=IFCFACE((#1644));
#1646=IFCPOLYLOOP((#1461,#1478,#1188));
#1647=IFCFACEOUTERBOUND(#1646,.T.);
#1648=IFCFACE((#1647));
#1649=IFCCARTESIANPOINT((245.80937228202831,-145.27112575766378,1013.4118343353272));
#1650=IFCCARTESIANPOINT((245.80937228202831,-144.27211787697607,1021.0000339508057));
#1651=IFCCARTESIANPOINT((245.80937228202831,-145.61186622378165,1015.9999757766724));
#1652=IFCPOLYLOOP((#1649,#1650,#1651));
#1653=IFCFACEOUTERBOUND(#1652,.T.);
#1654=IFCFACE((#1653));
#1655=IFCCARTESIANPOINT((245.80937228202831,-142.68293435570533,1008.9289684295654));
#1656=IFCCARTESIANPOINT((245.80937228202831,-144.27211787697607,1010.999990272522));
#1657=IFCPOLYLOOP((#1655,#1649,#1656));
#1658=IFCFACEOUTERBOUND(#1657,.T.);
#1659=IFCFACE((#1658));
#1660=IFCCARTESIANPOINT((245.80937228202831,-135.61186342236334,1026.0000194549561));
#1661=IFCCARTESIANPOINT((245.80937228202831,-140.61186709400945,1007.3397485733033));
#1662=IFCPOLYLOOP((#1660,#1655,#1661));
#1663=IFCFACEOUTERBOUND(#1662,.T.);
#1664=IFCFACE((#1663));
#1665=IFCPOLYLOOP((#1650,#1649,#1655));
#1666=IFCFACEOUTERBOUND(#1665,.T.);
#1667=IFCFACE((#1666));
#1668=IFCCARTESIANPOINT((245.80937228202831,-138.20005028244788,1006.3407543182374));
#1669=IFCPOLYLOOP((#1668,#1660,#1661));
#1670=IFCFACEOUTERBOUND(#1669,.T.);
#1671=IFCFACE((#1670));
#1672=IFCCARTESIANPOINT((245.80937228202831,-142.68293435570533,1023.0710557937623));
#1673=IFCPOLYLOOP((#1650,#1660,#1672));
#1674=IFCFACEOUTERBOUND(#1673,.T.);
#1675=IFCFACE((#1674));
#1676=IFCCARTESIANPOINT((245.80937228202831,-145.27112575766378,1018.5881898880006));
#1677=IFCPOLYLOOP((#1650,#1676,#1651));
#1678=IFCFACEOUTERBOUND(#1677,.T.);
#1679=IFCFACE((#1678));
#1680=IFCCARTESIANPOINT((245.80937228202831,-140.61186709400945,1024.6602756500245));
#1681=IFCCARTESIANPOINT((245.80937228202831,-138.20005028244788,1025.6592699050905));
#1682=IFCPOLYLOOP((#1680,#1660,#1681));
#1683=IFCFACEOUTERBOUND(#1682,.T.);
#1684=IFCFACE((#1683));
#1685=IFCPOLYLOOP((#1660,#1680,#1672));
#1686=IFCFACEOUTERBOUND(#1685,.T.);
#1687=IFCFACE((#1686));
#1688=IFCPOLYLOOP((#1655,#1660,#1650));
#1689=IFCFACEOUTERBOUND(#1688,.T.);
#1690=IFCFACE((#1689));
#1691=IFCCARTESIANPOINT((245.80937228202831,-133.02367656227881,1006.3407543182374));
#1692=IFCPOLYLOOP((#1668,#1691,#1660));
#1693=IFCFACEOUTERBOUND(#1692,.T.);
#1694=IFCFACE((#1693));
#1695=IFCCARTESIANPOINT((245.80937228202831,-130.61185975071723,1007.3397485733033));
#1696=IFCPOLYLOOP((#1691,#1695,#1660));
#1697=IFCFACEOUTERBOUND(#1696,.T.);
#1698=IFCFACE((#1697));
#1699=IFCCARTESIANPOINT((245.80937228202831,-126.95160896775062,1021.0000339508057));
#1700=IFCPOLYLOOP((#1695,#1699,#1660));
#1701=IFCFACEOUTERBOUND(#1700,.T.);
#1702=IFCFACE((#1701));
#1703=IFCCARTESIANPOINT((245.80937228202831,-128.54079248902136,1008.9289684295654));
#1704=IFCCARTESIANPOINT((245.80937228202831,-126.95160896775062,1010.999990272522));
#1705=IFCCARTESIANPOINT((245.80937228202831,-125.95260562893684,1013.4118343353272));
#1706=IFCPOLYLOOP((#1703,#1704,#1705));
#1707=IFCFACEOUTERBOUND(#1706,.T.);
#1708=IFCFACE((#1707));
#1709=IFCPOLYLOOP((#1695,#1703,#1699));
#1710=IFCFACEOUTERBOUND(#1709,.T.);
#1711=IFCFACE((#1710));
#1712=IFCPOLYLOOP((#1703,#1705,#1699));
#1713=IFCFACEOUTERBOUND(#1712,.T.);
#1714=IFCFACE((#1713));
#1715=IFCCARTESIANPOINT((245.80937228202831,-130.61185975071723,1024.6602756500245));
#1716=IFCCARTESIANPOINT((245.80937228202831,-128.54079248902136,1023.0710557937623));
#1717=IFCPOLYLOOP((#1715,#1699,#1716));
#1718=IFCFACEOUTERBOUND(#1717,.T.);
#1719=IFCFACE((#1718));
#1720=IFCCARTESIANPOINT((245.80937228202831,-133.02367656227881,1025.6592699050905));
#1721=IFCPOLYLOOP((#1715,#1720,#1660));
#1722=IFCFACEOUTERBOUND(#1721,.T.);
#1723=IFCFACE((#1722));
#1724=IFCCARTESIANPOINT((245.80937228202831,-125.61186516281897,1015.9999757766724));
#1725=IFCCARTESIANPOINT((245.80937228202831,-125.95260562893684,1018.5881898880006));
#1726=IFCPOLYLOOP((#1699,#1724,#1725));
#1727=IFCFACEOUTERBOUND(#1726,.T.);
#1728=IFCFACE((#1727));
#1729=IFCPOLYLOOP((#1660,#1699,#1715));
#1730=IFCFACEOUTERBOUND(#1729,.T.);
#1731=IFCFACE((#1730));
#1732=IFCPOLYLOOP((#1705,#1724,#1699));
#1733=IFCFACEOUTERBOUND(#1732,.T.);
#1734=IFCFACE((#1733));
#1735=IFCCARTESIANPOINT((245.80937228202831,-135.61186342236334,1006.0000047683716));
#1736=IFCPOLYLOOP((#1691,#1668,#1735));
#1737=IFCFACEOUTERBOUND(#1736,.T.);
#1738=IFCFACE((#1737));
#1739=IFCPOLYLOOP((#1649,#1651,#1392));
#1740=IFCFACEOUTERBOUND(#1739,.T.);
#1741=IFCFACE((#1740));
#1742=IFCPOLYLOOP((#1392,#1334,#1649));
#1743=IFCFACEOUTERBOUND(#1742,.T.);
#1744=IFCFACE((#1743));
#1745=IFCPOLYLOOP((#1656,#1649,#1334));
#1746=IFCFACEOUTERBOUND(#1745,.T.);
#1747=IFCFACE((#1746));
#1748=IFCPOLYLOOP((#1334,#1333,#1656));
#1749=IFCFACEOUTERBOUND(#1748,.T.);
#1750=IFCFACE((#1749));
#1751=IFCPOLYLOOP((#1661,#1655,#1378));
#1752=IFCFACEOUTERBOUND(#1751,.T.);
#1753=IFCFACE((#1752));
#1754=IFCPOLYLOOP((#1378,#1364,#1661));
#1755=IFCFACEOUTERBOUND(#1754,.T.);
#1756=IFCFACE((#1755));
#1757=IFCPOLYLOOP((#1655,#1656,#1333));
#1758=IFCFACEOUTERBOUND(#1757,.T.);
#1759=IFCFACE((#1758));
#1760=IFCPOLYLOOP((#1333,#1378,#1655));
#1761=IFCFACEOUTERBOUND(#1760,.T.);
#1762=IFCFACE((#1761));
#1763=IFCPOLYLOOP((#1668,#1661,#1327));
#1764=IFCFACEOUTERBOUND(#1763,.T.);
#1765=IFCFACE((#1764));
#1766=IFCPOLYLOOP((#1364,#1327,#1661));
#1767=IFCFACEOUTERBOUND(#1766,.T.);
#1768=IFCFACE((#1767));
#1769=IFCPOLYLOOP((#1327,#1371,#1668));
#1770=IFCFACEOUTERBOUND(#1769,.T.);
#1771=IFCFACE((#1770));
#1772=IFCPOLYLOOP((#1735,#1668,#1371));
#1773=IFCFACEOUTERBOUND(#1772,.T.);
#1774=IFCFACE((#1773));
#1775=IFCPOLYLOOP((#1695,#1349,#1703));
#1776=IFCFACEOUTERBOUND(#1775,.T.);
#1777=IFCFACE((#1776));
#1778=IFCPOLYLOOP((#1348,#1703,#1349));
#1779=IFCFACEOUTERBOUND(#1778,.T.);
#1780=IFCFACE((#1779));
#1781=IFCPOLYLOOP((#1691,#1439,#1349));
#1782=IFCFACEOUTERBOUND(#1781,.T.);
#1783=IFCFACE((#1782));
#1784=IFCPOLYLOOP((#1349,#1695,#1691));
#1785=IFCFACEOUTERBOUND(#1784,.T.);
#1786=IFCFACE((#1785));
#1787=IFCPOLYLOOP((#1705,#1322,#1315));
#1788=IFCFACEOUTERBOUND(#1787,.T.);
#1789=IFCFACE((#1788));
#1790=IFCPOLYLOOP((#1315,#1724,#1705));
#1791=IFCFACEOUTERBOUND(#1790,.T.);
#1792=IFCFACE((#1791));
#1793=IFCPOLYLOOP((#1704,#1323,#1322));
#1794=IFCFACEOUTERBOUND(#1793,.T.);
#1795=IFCFACE((#1794));
#1796=IFCPOLYLOOP((#1322,#1705,#1704));
#1797=IFCFACEOUTERBOUND(#1796,.T.);
#1798=IFCFACE((#1797));
#1799=IFCPOLYLOOP((#1703,#1348,#1323));
#1800=IFCFACEOUTERBOUND(#1799,.T.);
#1801=IFCFACE((#1800));
#1802=IFCPOLYLOOP((#1323,#1704,#1703));
#1803=IFCFACEOUTERBOUND(#1802,.T.);
#1804=IFCFACE((#1803));
#1805=IFCPOLYLOOP((#1439,#1691,#1371));
#1806=IFCFACEOUTERBOUND(#1805,.T.);
#1807=IFCFACE((#1806));
#1808=IFCPOLYLOOP((#1735,#1371,#1691));
#1809=IFCFACEOUTERBOUND(#1808,.T.);
#1810=IFCFACE((#1809));
#1811=IFCPOLYLOOP((#1506,#1725,#1724));
#1812=IFCFACEOUTERBOUND(#1811,.T.);
#1813=IFCFACE((#1812));
#1814=IFCPOLYLOOP((#1724,#1315,#1506));
#1815=IFCFACEOUTERBOUND(#1814,.T.);
#1816=IFCFACE((#1815));
#1817=IFCPOLYLOOP((#1699,#1725,#1485));
#1818=IFCFACEOUTERBOUND(#1817,.T.);
#1819=IFCFACE((#1818));
#1820=IFCPOLYLOOP((#1506,#1485,#1725));
#1821=IFCFACEOUTERBOUND(#1820,.T.);
#1822=IFCFACE((#1821));
#1823=IFCPOLYLOOP((#1715,#1572,#1573));
#1824=IFCFACEOUTERBOUND(#1823,.T.);
#1825=IFCFACE((#1824));
#1826=IFCPOLYLOOP((#1573,#1720,#1715));
#1827=IFCFACEOUTERBOUND(#1826,.T.);
#1828=IFCFACE((#1827));
#1829=IFCPOLYLOOP((#1716,#1555,#1572));
#1830=IFCFACEOUTERBOUND(#1829,.T.);
#1831=IFCFACE((#1830));
#1832=IFCPOLYLOOP((#1572,#1715,#1716));
#1833=IFCFACEOUTERBOUND(#1832,.T.);
#1834=IFCFACE((#1833));
#1835=IFCPOLYLOOP((#1555,#1716,#1699));
#1836=IFCFACEOUTERBOUND(#1835,.T.);
#1837=IFCFACE((#1836));
#1838=IFCPOLYLOOP((#1699,#1485,#1555));
#1839=IFCFACEOUTERBOUND(#1838,.T.);
#1840=IFCFACE((#1839));
#1841=IFCPOLYLOOP((#1573,#1539,#1660));
#1842=IFCFACEOUTERBOUND(#1841,.T.);
#1843=IFCFACE((#1842));
#1844=IFCPOLYLOOP((#1660,#1720,#1573));
#1845=IFCFACEOUTERBOUND(#1844,.T.);
#1846=IFCFACE((#1845));
#1847=IFCPOLYLOOP((#1603,#1568,#1672));
#1848=IFCFACEOUTERBOUND(#1847,.T.);
#1849=IFCFACE((#1848));
#1850=IFCPOLYLOOP((#1672,#1680,#1603));
#1851=IFCFACEOUTERBOUND(#1850,.T.);
#1852=IFCFACE((#1851));
#1853=IFCPOLYLOOP((#1538,#1603,#1681));
#1854=IFCFACEOUTERBOUND(#1853,.T.);
#1855=IFCFACE((#1854));
#1856=IFCPOLYLOOP((#1680,#1681,#1603));
#1857=IFCFACEOUTERBOUND(#1856,.T.);
#1858=IFCFACE((#1857));
#1859=IFCPOLYLOOP((#1587,#1392,#1676));
#1860=IFCFACEOUTERBOUND(#1859,.T.);
#1861=IFCFACE((#1860));
#1862=IFCPOLYLOOP((#1651,#1676,#1392));
#1863=IFCFACEOUTERBOUND(#1862,.T.);
#1864=IFCFACE((#1863));
#1865=IFCPOLYLOOP((#1650,#1577,#1587));
#1866=IFCFACEOUTERBOUND(#1865,.T.);
#1867=IFCFACE((#1866));
#1868=IFCPOLYLOOP((#1587,#1676,#1650));
#1869=IFCFACEOUTERBOUND(#1868,.T.);
#1870=IFCFACE((#1869));
#1871=IFCPOLYLOOP((#1672,#1568,#1650));
#1872=IFCFACEOUTERBOUND(#1871,.T.);
#1873=IFCFACE((#1872));
#1874=IFCPOLYLOOP((#1577,#1650,#1568));
#1875=IFCFACEOUTERBOUND(#1874,.T.);
#1876=IFCFACE((#1875));
#1877=IFCPOLYLOOP((#1660,#1539,#1538));
#1878=IFCFACEOUTERBOUND(#1877,.T.);
#1879=IFCFACE((#1878));
#1880=IFCPOLYLOOP((#1538,#1681,#1660));
#1881=IFCFACEOUTERBOUND(#1880,.T.);
#1882=IFCFACE((#1881));
#1883=IFCCARTESIANPOINT((152.28715562820443,-90.611866712539737,1008.2354061126709));
#1884=IFCCARTESIANPOINT((144.52258596420299,-90.611866712539737,994.78680839538583));
#1885=IFCCARTESIANPOINT((149.29013652801524,-90.611866712539737,1001.0000192642212));
#1886=IFCPOLYLOOP((#1883,#1884,#1885));
#1887=IFCFACEOUTERBOUND(#1886,.T.);
#1888=IFCFACE((#1887));
#1889=IFCCARTESIANPOINT((149.29013652801524,-90.611866712539737,1031.0000049591065));
#1890=IFCCARTESIANPOINT((153.30936794281016,-90.611866712539737,1015.9999757766724));
#1891=IFCPOLYLOOP((#1889,#1883,#1890));
#1892=IFCFACEOUTERBOUND(#1891,.T.);
#1893=IFCFACE((#1892));
#1894=IFCPOLYLOOP((#1884,#1883,#1889));
#1895=IFCFACEOUTERBOUND(#1894,.T.);
#1896=IFCFACE((#1895));
#1897=IFCCARTESIANPOINT((152.28715562820443,-90.611866712539737,1023.7645454406738));
#1898=IFCPOLYLOOP((#1889,#1890,#1897));
#1899=IFCFACEOUTERBOUND(#1898,.T.);
#1900=IFCFACE((#1899));
#1901=IFCCARTESIANPOINT((123.3093822479249,-90.611866712539737,1046.0000341415405));
#1902=IFCCARTESIANPOINT((138.30937509536753,-90.611866712539737,990.01922149658208));
#1903=IFCPOLYLOOP((#1901,#1902,#1889));
#1904=IFCFACEOUTERBOUND(#1903,.T.);
#1905=IFCFACE((#1904));
#1906=IFCCARTESIANPOINT((131.07395191192637,-90.611866712539737,987.02223873138428));
#1907=IFCPOLYLOOP((#1906,#1902,#1901));
#1908=IFCFACEOUTERBOUND(#1907,.T.);
#1909=IFCFACE((#1908));
#1910=IFCPOLYLOOP((#1902,#1884,#1889));
#1911=IFCFACEOUTERBOUND(#1910,.T.);
#1912=IFCFACE((#1911));
#1913=IFCCARTESIANPOINT((115.54481258392343,-90.611866712539737,987.02223873138428));
#1914=IFCCARTESIANPOINT((123.3093822479249,-90.611866712539737,985.99999008178713));
#1915=IFCPOLYLOOP((#1906,#1913,#1914));
#1916=IFCFACEOUTERBOUND(#1915,.T.);
#1917=IFCFACE((#1916));
#1918=IFCPOLYLOOP((#1913,#1906,#1901));
#1919=IFCFACEOUTERBOUND(#1918,.T.);
#1920=IFCFACE((#1919));
#1921=IFCCARTESIANPOINT((108.30938940048227,-90.611866712539737,990.01922149658208));
#1922=IFCPOLYLOOP((#1901,#1921,#1913));
#1923=IFCFACEOUTERBOUND(#1922,.T.);
#1924=IFCFACE((#1923));
#1925=IFCCARTESIANPOINT((144.52258596420299,-90.611866712539737,1037.2132158279419));
#1926=IFCCARTESIANPOINT((138.30937509536753,-90.611866712539737,1041.9807300567627));
#1927=IFCPOLYLOOP((#1889,#1925,#1926));
#1928=IFCFACEOUTERBOUND(#1927,.T.);
#1929=IFCFACE((#1928));
#1930=IFCCARTESIANPOINT((131.07395191192637,-90.611866712539737,1044.9777854919435));
#1931=IFCPOLYLOOP((#1926,#1930,#1901));
#1932=IFCFACEOUTERBOUND(#1931,.T.);
#1933=IFCFACE((#1932));
#1934=IFCCARTESIANPOINT((97.328627967834564,-90.611866712539737,1031.0000049591065));
#1935=IFCPOLYLOOP((#1901,#1934,#1921));
#1936=IFCFACEOUTERBOUND(#1935,.T.);
#1937=IFCFACE((#1936));
#1938=IFCCARTESIANPOINT((108.30938940048227,-90.611866712539737,1041.9807300567627));
#1939=IFCPOLYLOOP((#1901,#1938,#1934));
#1940=IFCFACEOUTERBOUND(#1939,.T.);
#1941=IFCFACE((#1940));
#1942=IFCCARTESIANPOINT((115.54481258392343,-90.611866712539737,1044.9777854919435));
#1943=IFCPOLYLOOP((#1938,#1901,#1942));
#1944=IFCFACEOUTERBOUND(#1943,.T.);
#1945=IFCFACE((#1944));
#1946=IFCCARTESIANPOINT((102.09617853164683,-90.611866712539737,1037.2132158279419));
#1947=IFCPOLYLOOP((#1938,#1946,#1934));
#1948=IFCFACEOUTERBOUND(#1947,.T.);
#1949=IFCFACE((#1948));
#1950=IFCCARTESIANPOINT((102.09617853164683,-90.611866712539737,994.78680839538583));
#1951=IFCCARTESIANPOINT((94.331608867645357,-90.611866712539737,1008.2354061126709));
#1952=IFCCARTESIANPOINT((97.328627967834564,-90.611866712539737,1001.0000192642212));
#1953=IFCPOLYLOOP((#1950,#1951,#1952));
#1954=IFCFACEOUTERBOUND(#1953,.T.);
#1955=IFCFACE((#1954));
#1956=IFCPOLYLOOP((#1934,#1951,#1950));
#1957=IFCFACEOUTERBOUND(#1956,.T.);
#1958=IFCFACE((#1957));
#1959=IFCCARTESIANPOINT((93.309360218048184,-90.611866712539737,1015.9999757766724));
#1960=IFCCARTESIANPOINT((94.331608867645357,-90.611866712539737,1023.7645454406738));
#1961=IFCPOLYLOOP((#1959,#1934,#1960));
#1962=IFCFACEOUTERBOUND(#1961,.T.);
#1963=IFCFACE((#1962));
#1964=IFCPOLYLOOP((#1934,#1959,#1951));
#1965=IFCFACEOUTERBOUND(#1964,.T.);
#1966=IFCFACE((#1965));
#1967=IFCPOLYLOOP((#1921,#1934,#1950));
#1968=IFCFACEOUTERBOUND(#1967,.T.);
#1969=IFCFACE((#1968));
#1970=IFCPOLYLOOP((#1901,#1889,#1926));
#1971=IFCFACEOUTERBOUND(#1970,.T.);
#1972=IFCFACE((#1971));
#1973=IFCCARTESIANPOINT((152.28715562820443,-82.611864471405084,1008.2354061126709));
#1974=IFCCARTESIANPOINT((149.29013652801524,-82.611864471405084,1001.0000192642212));
#1975=IFCCARTESIANPOINT((144.52258596420299,-82.611864471405084,994.78680839538583));
#1976=IFCPOLYLOOP((#1973,#1974,#1975));
#1977=IFCFACEOUTERBOUND(#1976,.T.);
#1978=IFCFACE((#1977));
#1979=IFCCARTESIANPOINT((149.29013652801524,-82.611864471405084,1031.0000049591065));
#1980=IFCPOLYLOOP((#1979,#1973,#1975));
#1981=IFCFACEOUTERBOUND(#1980,.T.);
#1982=IFCFACE((#1981));
#1983=IFCCARTESIANPOINT((138.30937509536753,-82.611864471405084,990.01922149658208));
#1984=IFCCARTESIANPOINT((123.3093822479249,-82.611864471405084,1046.0000341415405));
#1985=IFCPOLYLOOP((#1983,#1984,#1979));
#1986=IFCFACEOUTERBOUND(#1985,.T.);
#1987=IFCFACE((#1986));
#1988=IFCPOLYLOOP((#1983,#1979,#1975));
#1989=IFCFACEOUTERBOUND(#1988,.T.);
#1990=IFCFACE((#1989));
#1991=IFCCARTESIANPOINT((131.07395191192637,-82.611864471405084,987.02223873138428));
#1992=IFCPOLYLOOP((#1984,#1983,#1991));
#1993=IFCFACEOUTERBOUND(#1992,.T.);
#1994=IFCFACE((#1993));
#1995=IFCCARTESIANPOINT((153.30936794281016,-82.611864471405084,1015.9999757766724));
#1996=IFCCARTESIANPOINT((152.28715562820443,-82.611864471405084,1023.7645454406738));
#1997=IFCPOLYLOOP((#1995,#1979,#1996));
#1998=IFCFACEOUTERBOUND(#1997,.T.);
#1999=IFCFACE((#1998));
#2000=IFCPOLYLOOP((#1979,#1995,#1973));
#2001=IFCFACEOUTERBOUND(#2000,.T.);
#2002=IFCFACE((#2001));
#2003=IFCCARTESIANPOINT((138.30937509536753,-82.611864471405084,1041.9807300567627));
#2004=IFCCARTESIANPOINT((144.52258596420299,-82.611864471405084,1037.2132158279419));
#2005=IFCPOLYLOOP((#1979,#2003,#2004));
#2006=IFCFACEOUTERBOUND(#2005,.T.);
#2007=IFCFACE((#2006));
#2008=IFCCARTESIANPOINT((131.07395191192637,-82.611864471405084,1044.9777854919435));
#2009=IFCPOLYLOOP((#1984,#2008,#2003));
#2010=IFCFACEOUTERBOUND(#2009,.T.);
#2011=IFCFACE((#2010));
#2012=IFCPOLYLOOP((#1984,#2003,#1979));
#2013=IFCFACEOUTERBOUND(#2012,.T.);
#2014=IFCFACE((#2013));
#2015=IFCCARTESIANPOINT((123.3093822479249,-82.611864471405084,985.99999008178713));
#2016=IFCCARTESIANPOINT((115.54481258392343,-82.611864471405084,987.02223873138428));
#2017=IFCPOLYLOOP((#1991,#2015,#2016));
#2018=IFCFACEOUTERBOUND(#2017,.T.);
#2019=IFCFACE((#2018));
#2020=IFCCARTESIANPOINT((108.30938940048227,-82.611864471405084,990.01922149658208));
#2021=IFCPOLYLOOP((#2016,#2020,#1984));
#2022=IFCFACEOUTERBOUND(#2021,.T.);
#2023=IFCFACE((#2022));
#2024=IFCCARTESIANPOINT((102.09617853164683,-82.611864471405084,994.78680839538583));
#2025=IFCCARTESIANPOINT((97.328627967834564,-82.611864471405084,1031.0000049591065));
#2026=IFCPOLYLOOP((#2020,#2024,#2025));
#2027=IFCFACEOUTERBOUND(#2026,.T.);
#2028=IFCFACE((#2027));
#2029=IFCCARTESIANPOINT((94.331608867645357,-82.611864471405084,1008.2354061126709));
#2030=IFCPOLYLOOP((#2024,#2029,#2025));
#2031=IFCFACEOUTERBOUND(#2030,.T.);
#2032=IFCFACE((#2031));
#2033=IFCCARTESIANPOINT((97.328627967834564,-82.611864471405084,1001.0000192642212));
#2034=IFCPOLYLOOP((#2029,#2024,#2033));
#2035=IFCFACEOUTERBOUND(#2034,.T.);
#2036=IFCFACE((#2035));
#2037=IFCCARTESIANPOINT((93.309360218048184,-82.611864471405084,1015.9999757766724));
#2038=IFCPOLYLOOP((#2029,#2037,#2025));
#2039=IFCFACEOUTERBOUND(#2038,.T.);
#2040=IFCFACE((#2039));
#2041=IFCCARTESIANPOINT((108.30938940048227,-82.611864471405084,1041.9807300567627));
#2042=IFCCARTESIANPOINT((115.54481258392343,-82.611864471405084,1044.9777854919435));
#2043=IFCPOLYLOOP((#1984,#2041,#2042));
#2044=IFCFACEOUTERBOUND(#2043,.T.);
#2045=IFCFACE((#2044));
#2046=IFCPOLYLOOP((#2025,#2041,#1984));
#2047=IFCFACEOUTERBOUND(#2046,.T.);
#2048=IFCFACE((#2047));
#2049=IFCCARTESIANPOINT((102.09617853164683,-82.611864471405084,1037.2132158279419));
#2050=IFCPOLYLOOP((#2041,#2025,#2049));
#2051=IFCFACEOUTERBOUND(#2050,.T.);
#2052=IFCFACE((#2051));
#2053=IFCPOLYLOOP((#1984,#2020,#2025));
#2054=IFCFACEOUTERBOUND(#2053,.T.);
#2055=IFCFACE((#2054));
#2056=IFCCARTESIANPOINT((94.331608867645357,-82.611864471405084,1023.7645454406738));
#2057=IFCPOLYLOOP((#2037,#2056,#2025));
#2058=IFCFACEOUTERBOUND(#2057,.T.);
#2059=IFCFACE((#2058));
#2060=IFCPOLYLOOP((#2016,#1984,#1991));
#2061=IFCFACEOUTERBOUND(#2060,.T.);
#2062=IFCFACE((#2061));
#2063=IFCPOLYLOOP((#2056,#2037,#1959));
#2064=IFCFACEOUTERBOUND(#2063,.T.);
#2065=IFCFACE((#2064));
#2066=IFCPOLYLOOP((#1959,#1960,#2056));
#2067=IFCFACEOUTERBOUND(#2066,.T.);
#2068=IFCFACE((#2067));
#2069=IFCPOLYLOOP((#2025,#2056,#1960));
#2070=IFCFACEOUTERBOUND(#2069,.T.);
#2071=IFCFACE((#2070));
#2072=IFCPOLYLOOP((#1960,#1934,#2025));
#2073=IFCFACEOUTERBOUND(#2072,.T.);
#2074=IFCFACE((#2073));
#2075=IFCPOLYLOOP((#1938,#2041,#2049));
#2076=IFCFACEOUTERBOUND(#2075,.T.);
#2077=IFCFACE((#2076));
#2078=IFCPOLYLOOP((#2049,#1946,#1938));
#2079=IFCFACEOUTERBOUND(#2078,.T.);
#2080=IFCFACE((#2079));
#2081=IFCPOLYLOOP((#1934,#1946,#2049));
#2082=IFCFACEOUTERBOUND(#2081,.T.);
#2083=IFCFACE((#2082));
#2084=IFCPOLYLOOP((#2049,#2025,#1934));
#2085=IFCFACEOUTERBOUND(#2084,.T.);
#2086=IFCFACE((#2085));
#2087=IFCPOLYLOOP((#1942,#2042,#1938));
#2088=IFCFACEOUTERBOUND(#2087,.T.);
#2089=IFCFACE((#2088));
#2090=IFCPOLYLOOP((#2041,#1938,#2042));
#2091=IFCFACEOUTERBOUND(#2090,.T.);
#2092=IFCFACE((#2091));
#2093=IFCPOLYLOOP((#1984,#2042,#1942));
#2094=IFCFACEOUTERBOUND(#2093,.T.);
#2095=IFCFACE((#2094));
#2096=IFCPOLYLOOP((#1942,#1901,#1984));
#2097=IFCFACEOUTERBOUND(#2096,.T.);
#2098=IFCFACE((#2097));
#2099=IFCPOLYLOOP((#2008,#1984,#1930));
#2100=IFCFACEOUTERBOUND(#2099,.T.);
#2101=IFCFACE((#2100));
#2102=IFCPOLYLOOP((#1901,#1930,#1984));
#2103=IFCFACEOUTERBOUND(#2102,.T.);
#2104=IFCFACE((#2103));
#2105=IFCPOLYLOOP((#2003,#2008,#1930));
#2106=IFCFACEOUTERBOUND(#2105,.T.);
#2107=IFCFACE((#2106));
#2108=IFCPOLYLOOP((#1930,#1926,#2003));
#2109=IFCFACEOUTERBOUND(#2108,.T.);
#2110=IFCFACE((#2109));
#2111=IFCPOLYLOOP((#1889,#1979,#2004));
#2112=IFCFACEOUTERBOUND(#2111,.T.);
#2113=IFCFACE((#2112));
#2114=IFCPOLYLOOP((#2004,#1925,#1889));
#2115=IFCFACEOUTERBOUND(#2114,.T.);
#2116=IFCFACE((#2115));
#2117=IFCPOLYLOOP((#1926,#1925,#2004));
#2118=IFCFACEOUTERBOUND(#2117,.T.);
#2119=IFCFACE((#2118));
#2120=IFCPOLYLOOP((#2004,#2003,#1926));
#2121=IFCFACEOUTERBOUND(#2120,.T.);
#2122=IFCFACE((#2121));
#2123=IFCPOLYLOOP((#1897,#1996,#1979));
#2124=IFCFACEOUTERBOUND(#2123,.T.);
#2125=IFCFACE((#2124));
#2126=IFCPOLYLOOP((#1979,#1889,#1897));
#2127=IFCFACEOUTERBOUND(#2126,.T.);
#2128=IFCFACE((#2127));
#2129=IFCPOLYLOOP((#1890,#1995,#1996));
#2130=IFCFACEOUTERBOUND(#2129,.T.);
#2131=IFCFACE((#2130));
#2132=IFCPOLYLOOP((#1897,#1890,#1996));
#2133=IFCFACEOUTERBOUND(#2132,.T.);
#2134=IFCFACE((#2133));
#2135=IFCPOLYLOOP((#1973,#1995,#1890));
#2136=IFCFACEOUTERBOUND(#2135,.T.);
#2137=IFCFACE((#2136));
#2138=IFCPOLYLOOP((#1890,#1883,#1973));
#2139=IFCFACEOUTERBOUND(#2138,.T.);
#2140=IFCFACE((#2139));
#2141=IFCPOLYLOOP((#1974,#1973,#1883));
#2142=IFCFACEOUTERBOUND(#2141,.T.);
#2143=IFCFACE((#2142));
#2144=IFCPOLYLOOP((#1883,#1885,#1974));
#2145=IFCFACEOUTERBOUND(#2144,.T.);
#2146=IFCFACE((#2145));
#2147=IFCPOLYLOOP((#1902,#1983,#1975));
#2148=IFCFACEOUTERBOUND(#2147,.T.);
#2149=IFCFACE((#2148));
#2150=IFCPOLYLOOP((#1975,#1884,#1902));
#2151=IFCFACEOUTERBOUND(#2150,.T.);
#2152=IFCFACE((#2151));
#2153=IFCPOLYLOOP((#1885,#1884,#1975));
#2154=IFCFACEOUTERBOUND(#2153,.T.);
#2155=IFCFACE((#2154));
#2156=IFCPOLYLOOP((#1975,#1974,#1885));
#2157=IFCFACEOUTERBOUND(#2156,.T.);
#2158=IFCFACE((#2157));
#2159=IFCPOLYLOOP((#1906,#1991,#1983));
#2160=IFCFACEOUTERBOUND(#2159,.T.);
#2161=IFCFACE((#2160));
#2162=IFCPOLYLOOP((#1983,#1902,#1906));
#2163=IFCFACEOUTERBOUND(#2162,.T.);
#2164=IFCFACE((#2163));
#2165=IFCPOLYLOOP((#2015,#1991,#1906));
#2166=IFCFACEOUTERBOUND(#2165,.T.);
#2167=IFCFACE((#2166));
#2168=IFCPOLYLOOP((#1906,#1914,#2015));
#2169=IFCFACEOUTERBOUND(#2168,.T.);
#2170=IFCFACE((#2169));
#2171=IFCPOLYLOOP((#2016,#2015,#1914));
#2172=IFCFACEOUTERBOUND(#2171,.T.);
#2173=IFCFACE((#2172));
#2174=IFCPOLYLOOP((#1914,#1913,#2016));
#2175=IFCFACEOUTERBOUND(#2174,.T.);
#2176=IFCFACE((#2175));
#2177=IFCPOLYLOOP((#2020,#2016,#1913));
#2178=IFCFACEOUTERBOUND(#2177,.T.);
#2179=IFCFACE((#2178));
#2180=IFCPOLYLOOP((#1913,#1921,#2020));
#2181=IFCFACEOUTERBOUND(#2180,.T.);
#2182=IFCFACE((#2181));
#2183=IFCPOLYLOOP((#1952,#2033,#2024));
#2184=IFCFACEOUTERBOUND(#2183,.T.);
#2185=IFCFACE((#2184));
#2186=IFCPOLYLOOP((#2024,#1950,#1952));
#2187=IFCFACEOUTERBOUND(#2186,.T.);
#2188=IFCFACE((#2187));
#2189=IFCPOLYLOOP((#1921,#1950,#2020));
#2190=IFCFACEOUTERBOUND(#2189,.T.);
#2191=IFCFACE((#2190));
#2192=IFCPOLYLOOP((#2024,#2020,#1950));
#2193=IFCFACEOUTERBOUND(#2192,.T.);
#2194=IFCFACE((#2193));
#2195=IFCPOLYLOOP((#1951,#2029,#1952));
#2196=IFCFACEOUTERBOUND(#2195,.T.);
#2197=IFCFACE((#2196));
#2198=IFCPOLYLOOP((#2033,#1952,#2029));
#2199=IFCFACEOUTERBOUND(#2198,.T.);
#2200=IFCFACE((#2199));
#2201=IFCPOLYLOOP((#2037,#2029,#1951));
#2202=IFCFACEOUTERBOUND(#2201,.T.);
#2203=IFCFACE((#2202));
#2204=IFCPOLYLOOP((#1951,#1959,#2037));
#2205=IFCFACEOUTERBOUND(#2204,.T.);
#2206=IFCFACE((#2205));
#2207=IFCCARTESIANPOINT((116.15011720657358,-30.161868286102354,1013.4118343353272));
#2208=IFCCARTESIANPOINT((117.14911146163949,-30.161868286102354,1021.0000339508057));
#2209=IFCCARTESIANPOINT((115.80936765670786,-30.161868286102354,1015.9999757766724));
#2210=IFCPOLYLOOP((#2207,#2208,#2209));
#2211=IFCFACEOUTERBOUND(#2210,.T.);
#2212=IFCFACE((#2211));
#2213=IFCCARTESIANPOINT((118.73829498291025,-30.161868286102354,1008.9289684295654));
#2214=IFCCARTESIANPOINT((117.14911146163949,-30.161868286102354,1010.999990272522));
#2215=IFCPOLYLOOP((#2213,#2207,#2214));
#2216=IFCFACEOUTERBOUND(#2215,.T.);
#2217=IFCFACE((#2216));
#2218=IFCCARTESIANPOINT((120.8093894958497,-30.161868286102354,1007.3397485733033));
#2219=IFCPOLYLOOP((#2218,#2208,#2213));
#2220=IFCFACEOUTERBOUND(#2219,.T.);
#2221=IFCFACE((#2220));
#2222=IFCPOLYLOOP((#2213,#2208,#2207));
#2223=IFCFACEOUTERBOUND(#2222,.T.);
#2224=IFCFACE((#2223));
#2225=IFCCARTESIANPOINT((125.80937500000009,-30.161868286102354,1026.0000194549561));
#2226=IFCCARTESIANPOINT((123.22119722366342,-30.161868286102354,1006.3407543182374));
#2227=IFCPOLYLOOP((#2225,#2218,#2226));
#2228=IFCFACEOUTERBOUND(#2227,.T.);
#2229=IFCFACE((#2228));
#2230=IFCCARTESIANPOINT((120.8093894958497,-30.161868286102354,1024.6602756500245));
#2231=IFCCARTESIANPOINT((118.73829498291025,-30.161868286102354,1023.0710557937623));
#2232=IFCPOLYLOOP((#2208,#2230,#2231));
#2233=IFCFACEOUTERBOUND(#2232,.T.);
#2234=IFCFACE((#2233));
#2235=IFCCARTESIANPOINT((116.15011720657358,-30.161868286102354,1018.5881898880006));
#2236=IFCPOLYLOOP((#2208,#2235,#2209));
#2237=IFCFACEOUTERBOUND(#2236,.T.);
#2238=IFCFACE((#2237));
#2239=IFCCARTESIANPOINT((123.22119722366342,-30.161868286102354,1025.6592699050905));
#2240=IFCPOLYLOOP((#2230,#2225,#2239));
#2241=IFCFACEOUTERBOUND(#2240,.T.);
#2242=IFCFACE((#2241));
#2243=IFCPOLYLOOP((#2225,#2230,#2208));
#2244=IFCFACEOUTERBOUND(#2243,.T.);
#2245=IFCFACE((#2244));
#2246=IFCPOLYLOOP((#2218,#2225,#2208));
#2247=IFCFACEOUTERBOUND(#2246,.T.);
#2248=IFCFACE((#2247));
#2249=IFCCARTESIANPOINT((128.39755277633677,-30.161868286102354,1006.3407543182374));
#2250=IFCPOLYLOOP((#2226,#2249,#2225));
#2251=IFCFACEOUTERBOUND(#2250,.T.);
#2252=IFCFACE((#2251));
#2253=IFCCARTESIANPOINT((130.80936050415048,-30.161868286102354,1007.3397485733033));
#2254=IFCPOLYLOOP((#2249,#2253,#2225));
#2255=IFCFACEOUTERBOUND(#2254,.T.);
#2256=IFCFACE((#2255));
#2257=IFCCARTESIANPOINT((134.4696385383607,-30.161868286102354,1021.0000339508057));
#2258=IFCPOLYLOOP((#2253,#2257,#2225));
#2259=IFCFACEOUTERBOUND(#2258,.T.);
#2260=IFCFACE((#2259));
#2261=IFCCARTESIANPOINT((132.88045501708993,-30.161868286102354,1008.9289684295654));
#2262=IFCCARTESIANPOINT((134.4696385383607,-30.161868286102354,1010.999990272522));
#2263=IFCCARTESIANPOINT((135.46863279342662,-30.161868286102354,1013.4118343353272));
#2264=IFCPOLYLOOP((#2261,#2262,#2263));
#2265=IFCFACEOUTERBOUND(#2264,.T.);
#2266=IFCFACE((#2265));
#2267=IFCPOLYLOOP((#2253,#2261,#2257));
#2268=IFCFACEOUTERBOUND(#2267,.T.);
#2269=IFCFACE((#2268));
#2270=IFCPOLYLOOP((#2261,#2263,#2257));
#2271=IFCFACEOUTERBOUND(#2270,.T.);
#2272=IFCFACE((#2271));
#2273=IFCCARTESIANPOINT((130.80936050415048,-30.161868286102354,1024.6602756500245));
#2274=IFCCARTESIANPOINT((132.88045501708993,-30.161868286102354,1023.0710557937623));
#2275=IFCPOLYLOOP((#2273,#2257,#2274));
#2276=IFCFACEOUTERBOUND(#2275,.T.);
#2277=IFCFACE((#2276));
#2278=IFCCARTESIANPOINT((128.39755277633677,-30.161868286102354,1025.6592699050905));
#2279=IFCPOLYLOOP((#2273,#2278,#2225));
#2280=IFCFACEOUTERBOUND(#2279,.T.);
#2281=IFCFACE((#2280));
#2282=IFCCARTESIANPOINT((135.80938234329233,-30.161868286102354,1015.9999757766724));
#2283=IFCCARTESIANPOINT((135.46863279342662,-30.161868286102354,1018.5881898880006));
#2284=IFCPOLYLOOP((#2257,#2282,#2283));
#2285=IFCFACEOUTERBOUND(#2284,.T.);
#2286=IFCFACE((#2285));
#2287=IFCPOLYLOOP((#2225,#2257,#2273));
#2288=IFCFACEOUTERBOUND(#2287,.T.);
#2289=IFCFACE((#2288));
#2290=IFCPOLYLOOP((#2263,#2282,#2257));
#2291=IFCFACEOUTERBOUND(#2290,.T.);
#2292=IFCFACE((#2291));
#2293=IFCCARTESIANPOINT((125.80937500000009,-30.161868286102354,1006.0000047683716));
#2294=IFCPOLYLOOP((#2249,#2226,#2293));
#2295=IFCFACEOUTERBOUND(#2294,.T.);
#2296=IFCFACE((#2295));
#2297=IFCCARTESIANPOINT((115.80936765670786,-0.16186442372137125,1015.9999757766724));
#2298=IFCCARTESIANPOINT((116.15011720657358,-0.16186442372137125,1013.4118343353272));
#2299=IFCPOLYLOOP((#2297,#2298,#2209));
#2300=IFCFACEOUTERBOUND(#2299,.T.);
#2301=IFCFACE((#2300));
#2302=IFCPOLYLOOP((#2207,#2209,#2298));
#2303=IFCFACEOUTERBOUND(#2302,.T.);
#2304=IFCFACE((#2303));
#2305=IFCCARTESIANPOINT((117.14911146163949,-0.16186442372137125,1010.999990272522));
#2306=IFCPOLYLOOP((#2298,#2305,#2207));
#2307=IFCFACEOUTERBOUND(#2306,.T.);
#2308=IFCFACE((#2307));
#2309=IFCPOLYLOOP((#2214,#2207,#2305));
#2310=IFCFACEOUTERBOUND(#2309,.T.);
#2311=IFCFACE((#2310));
#2312=IFCCARTESIANPOINT((118.73829498291025,-0.16186442372137125,1008.9289684295654));
#2313=IFCPOLYLOOP((#2218,#2213,#2312));
#2314=IFCFACEOUTERBOUND(#2313,.T.);
#2315=IFCFACE((#2314));
#2316=IFCCARTESIANPOINT((120.8093894958497,-0.16186442372137125,1007.3397485733033));
#2317=IFCPOLYLOOP((#2312,#2316,#2218));
#2318=IFCFACEOUTERBOUND(#2317,.T.);
#2319=IFCFACE((#2318));
#2320=IFCPOLYLOOP((#2214,#2305,#2312));
#2321=IFCFACEOUTERBOUND(#2320,.T.);
#2322=IFCFACE((#2321));
#2323=IFCPOLYLOOP((#2312,#2213,#2214));
#2324=IFCFACEOUTERBOUND(#2323,.T.);
#2325=IFCFACE((#2324));
#2326=IFCPOLYLOOP((#2226,#2218,#2316));
#2327=IFCFACEOUTERBOUND(#2326,.T.);
#2328=IFCFACE((#2327));
#2329=IFCCARTESIANPOINT((123.22119722366342,-0.16186442372137125,1006.3407543182374));
#2330=IFCPOLYLOOP((#2316,#2329,#2226));
#2331=IFCFACEOUTERBOUND(#2330,.T.);
#2332=IFCFACE((#2331));
#2333=IFCPOLYLOOP((#2293,#2226,#2329));
#2334=IFCFACEOUTERBOUND(#2333,.T.);
#2335=IFCFACE((#2334));
#2336=IFCCARTESIANPOINT((125.80937500000009,-0.16186442372137125,1006.0000047683716));
#2337=IFCPOLYLOOP((#2329,#2336,#2293));
#2338=IFCFACEOUTERBOUND(#2337,.T.);
#2339=IFCFACE((#2338));
#2340=IFCCARTESIANPOINT((128.39755277633677,-0.16186442372137125,1006.3407543182374));
#2341=IFCCARTESIANPOINT((130.80936050415048,-0.16186442372137125,1007.3397485733033));
#2342=IFCPOLYLOOP((#2340,#2341,#2253));
#2343=IFCFACEOUTERBOUND(#2342,.T.);
#2344=IFCFACE((#2343));
#2345=IFCPOLYLOOP((#2253,#2249,#2340));
#2346=IFCFACEOUTERBOUND(#2345,.T.);
#2347=IFCFACE((#2346));
#2348=IFCCARTESIANPOINT((132.88045501708993,-0.16186442372137125,1008.9289684295654));
#2349=IFCPOLYLOOP((#2341,#2348,#2253));
#2350=IFCFACEOUTERBOUND(#2349,.T.);
#2351=IFCFACE((#2350));
#2352=IFCPOLYLOOP((#2261,#2253,#2348));
#2353=IFCFACEOUTERBOUND(#2352,.T.);
#2354=IFCFACE((#2353));
#2355=IFCCARTESIANPOINT((135.46863279342662,-0.16186442372137125,1013.4118343353272));
#2356=IFCPOLYLOOP((#2263,#2262,#2355));
#2357=IFCFACEOUTERBOUND(#2356,.T.);
#2358=IFCFACE((#2357));
#2359=IFCCARTESIANPOINT((134.4696385383607,-0.16186442372137125,1010.999990272522));
#2360=IFCPOLYLOOP((#2359,#2355,#2262));
#2361=IFCFACEOUTERBOUND(#2360,.T.);
#2362=IFCFACE((#2361));
#2363=IFCPOLYLOOP((#2261,#2348,#2359));
#2364=IFCFACEOUTERBOUND(#2363,.T.);
#2365=IFCFACE((#2364));
#2366=IFCPOLYLOOP((#2359,#2262,#2261));
#2367=IFCFACEOUTERBOUND(#2366,.T.);
#2368=IFCFACE((#2367));
#2369=IFCPOLYLOOP((#2282,#2263,#2355));
#2370=IFCFACEOUTERBOUND(#2369,.T.);
#2371=IFCFACE((#2370));
#2372=IFCCARTESIANPOINT((135.80938234329233,-0.16186442372137125,1015.9999757766724));
#2373=IFCPOLYLOOP((#2355,#2372,#2282));
#2374=IFCFACEOUTERBOUND(#2373,.T.);
#2375=IFCFACE((#2374));
#2376=IFCPOLYLOOP((#2340,#2249,#2336));
#2377=IFCFACEOUTERBOUND(#2376,.T.);
#2378=IFCFACE((#2377));
#2379=IFCPOLYLOOP((#2293,#2336,#2249));
#2380=IFCFACEOUTERBOUND(#2379,.T.);
#2381=IFCFACE((#2380));
#2382=IFCCARTESIANPOINT((135.46863279342662,-0.16186442372137125,1018.5881898880006));
#2383=IFCPOLYLOOP((#2372,#2382,#2282));
#2384=IFCFACEOUTERBOUND(#2383,.T.);
#2385=IFCFACE((#2384));
#2386=IFCPOLYLOOP((#2283,#2282,#2382));
#2387=IFCFACEOUTERBOUND(#2386,.T.);
#2388=IFCFACE((#2387));
#2389=IFCCARTESIANPOINT((134.4696385383607,-0.16186442372137125,1021.0000339508057));
#2390=IFCPOLYLOOP((#2382,#2389,#2283));
#2391=IFCFACEOUTERBOUND(#2390,.T.);
#2392=IFCFACE((#2391));
#2393=IFCPOLYLOOP((#2257,#2283,#2389));
#2394=IFCFACEOUTERBOUND(#2393,.T.);
#2395=IFCFACE((#2394));
#2396=IFCCARTESIANPOINT((130.80936050415048,-0.16186442372137125,1024.6602756500245));
#2397=IFCPOLYLOOP((#2273,#2274,#2396));
#2398=IFCFACEOUTERBOUND(#2397,.T.);
#2399=IFCFACE((#2398));
#2400=IFCCARTESIANPOINT((132.88045501708993,-0.16186442372137125,1023.0710557937623));
#2401=IFCPOLYLOOP((#2400,#2396,#2274));
#2402=IFCFACEOUTERBOUND(#2401,.T.);
#2403=IFCFACE((#2402));
#2404=IFCPOLYLOOP((#2257,#2389,#2400));
#2405=IFCFACEOUTERBOUND(#2404,.T.);
#2406=IFCFACE((#2405));
#2407=IFCPOLYLOOP((#2400,#2274,#2257));
#2408=IFCFACEOUTERBOUND(#2407,.T.);
#2409=IFCFACE((#2408));
#2410=IFCCARTESIANPOINT((128.39755277633677,-0.16186442372137125,1025.6592699050905));
#2411=IFCPOLYLOOP((#2278,#2273,#2410));
#2412=IFCFACEOUTERBOUND(#2411,.T.);
#2413=IFCFACE((#2412));
#2414=IFCPOLYLOOP((#2396,#2410,#2273));
#2415=IFCFACEOUTERBOUND(#2414,.T.);
#2416=IFCFACE((#2415));
#2417=IFCCARTESIANPOINT((125.80937500000009,-0.16186442372137125,1026.0000194549561));
#2418=IFCPOLYLOOP((#2225,#2278,#2417));
#2419=IFCFACEOUTERBOUND(#2418,.T.);
#2420=IFCFACE((#2419));
#2421=IFCPOLYLOOP((#2410,#2417,#2278));
#2422=IFCFACEOUTERBOUND(#2421,.T.);
#2423=IFCFACE((#2422));
#2424=IFCCARTESIANPOINT((123.22119722366342,-0.16186442372137125,1025.6592699050905));
#2425=IFCCARTESIANPOINT((120.8093894958497,-0.16186442372137125,1024.6602756500245));
#2426=IFCPOLYLOOP((#2424,#2425,#2230));
#2427=IFCFACEOUTERBOUND(#2426,.T.);
#2428=IFCFACE((#2427));
#2429=IFCPOLYLOOP((#2230,#2239,#2424));
#2430=IFCFACEOUTERBOUND(#2429,.T.);
#2431=IFCFACE((#2430));
#2432=IFCCARTESIANPOINT((118.73829498291025,-0.16186442372137125,1023.0710557937623));
#2433=IFCPOLYLOOP((#2425,#2432,#2230));
#2434=IFCFACEOUTERBOUND(#2433,.T.);
#2435=IFCFACE((#2434));
#2436=IFCPOLYLOOP((#2231,#2230,#2432));
#2437=IFCFACEOUTERBOUND(#2436,.T.);
#2438=IFCFACE((#2437));
#2439=IFCCARTESIANPOINT((116.15011720657358,-0.16186442372137125,1018.5881898880006));
#2440=IFCPOLYLOOP((#2235,#2208,#2439));
#2441=IFCFACEOUTERBOUND(#2440,.T.);
#2442=IFCFACE((#2441));
#2443=IFCCARTESIANPOINT((117.14911146163949,-0.16186442372137125,1021.0000339508057));
#2444=IFCPOLYLOOP((#2443,#2439,#2208));
#2445=IFCFACEOUTERBOUND(#2444,.T.);
#2446=IFCFACE((#2445));
#2447=IFCPOLYLOOP((#2231,#2432,#2443));
#2448=IFCFACEOUTERBOUND(#2447,.T.);
#2449=IFCFACE((#2448));
#2450=IFCPOLYLOOP((#2443,#2208,#2231));
#2451=IFCFACEOUTERBOUND(#2450,.T.);
#2452=IFCFACE((#2451));
#2453=IFCPOLYLOOP((#2209,#2235,#2297));
#2454=IFCFACEOUTERBOUND(#2453,.T.);
#2455=IFCFACE((#2454));
#2456=IFCPOLYLOOP((#2439,#2297,#2235));
#2457=IFCFACEOUTERBOUND(#2456,.T.);
#2458=IFCFACE((#2457));
#2459=IFCPOLYLOOP((#2424,#2239,#2225));
#2460=IFCFACEOUTERBOUND(#2459,.T.);
#2461=IFCFACE((#2460));
#2462=IFCPOLYLOOP((#2225,#2417,#2424));
#2463=IFCFACEOUTERBOUND(#2462,.T.);
#2464=IFCFACE((#2463));
#2465=IFCCARTESIANPOINT((116.2358314514161,1.4296808719939609,1015.9999757766724));
#2466=IFCPOLYLOOP((#2305,#2298,#2465));
#2467=IFCFACEOUTERBOUND(#2466,.T.);
#2468=IFCFACE((#2467));
#2469=IFCCARTESIANPOINT((117.5151865005494,6.2043349266356849,1015.9999757766724));
#2470=IFCCARTESIANPOINT((120.78104820251474,5.7982732296294595,1007.9232885360718));
#2471=IFCPOLYLOOP((#2469,#2470,#2329));
#2472=IFCFACEOUTERBOUND(#2471,.T.);
#2473=IFCFACE((#2472));
#2474=IFCCARTESIANPOINT((124.77430009841929,6.4219996929473302,1006.2762233734131));
#2475=IFCCARTESIANPOINT((127.05646457672128,9.3757983208007243,1006.1519577026368));
#2476=IFCCARTESIANPOINT((133.43300123214732,3.8565857887572665,1008.4874256134034));
#2477=IFCPOLYLOOP((#2474,#2475,#2476));
#2478=IFCFACEOUTERBOUND(#2477,.T.);
#2479=IFCFACE((#2478));
#2480=IFCCARTESIANPOINT((118.33697500228891,9.2712262153930087,1015.9999757766724));
#2481=IFCPOLYLOOP((#2470,#2469,#2480));
#2482=IFCFACEOUTERBOUND(#2481,.T.);
#2483=IFCFACE((#2482));
#2484=IFCCARTESIANPOINT((119.15872716903696,12.338135671646061,1015.9999757766724));
#2485=IFCPOLYLOOP((#2470,#2480,#2484));
#2486=IFCFACEOUTERBOUND(#2485,.T.);
#2487=IFCFACE((#2486));
#2488=IFCPOLYLOOP((#2469,#2316,#2312));
#2489=IFCFACEOUTERBOUND(#2488,.T.);
#2490=IFCFACE((#2489));
#2491=IFCCARTESIANPOINT((116.66229524612436,3.0212261677092931,1015.9999757766724));
#2492=IFCPOLYLOOP((#2312,#2305,#2491));
#2493=IFCFACEOUTERBOUND(#2492,.T.);
#2494=IFCFACE((#2493));
#2495=IFCPOLYLOOP((#2329,#2316,#2469));
#2496=IFCFACEOUTERBOUND(#2495,.T.);
#2497=IFCFACE((#2496));
#2498=IFCPOLYLOOP((#2484,#2474,#2470));
#2499=IFCFACEOUTERBOUND(#2498,.T.);
#2500=IFCFACE((#2499));
#2501=IFCPOLYLOOP((#2470,#2341,#2340));
#2502=IFCFACEOUTERBOUND(#2501,.T.);
#2503=IFCFACE((#2502));
#2504=IFCCARTESIANPOINT((125.88887596130381,14.509896278411809,1007.9447988510133));
#2505=IFCCARTESIANPOINT((131.2716869354249,13.591038847000064,1006.1519577026368));
#2506=IFCCARTESIANPOINT((132.30810623168955,8.3394153595275302,1006.4535381317139));
#2507=IFCPOLYLOOP((#2504,#2505,#2506));
#2508=IFCFACEOUTERBOUND(#2507,.T.);
#2509=IFCFACE((#2508));
#2510=IFCCARTESIANPOINT((128.3093677520753,21.488776254684392,1015.9999757766724));
#2511=IFCCARTESIANPOINT((133.79874925613413,18.508507585555972,1007.3071924209595));
#2512=IFCPOLYLOOP((#2510,#2511,#2505));
#2513=IFCFACEOUTERBOUND(#2512,.T.);
#2514=IFCFACE((#2513));
#2515=IFCPOLYLOOP((#2470,#2336,#2329));
#2516=IFCFACEOUTERBOUND(#2515,.T.);
#2517=IFCFACE((#2516));
#2518=IFCPOLYLOOP((#2470,#2340,#2336));
#2519=IFCFACEOUTERBOUND(#2518,.T.);
#2520=IFCFACE((#2519));
#2521=IFCCARTESIANPOINT((140.80936784744273,4.8381392479247474,1015.9999757766724));
#2522=IFCCARTESIANPOINT((137.2738278388978,3.3736574173278231,1015.9999757766724));
#2523=IFCCARTESIANPOINT((136.79089946746836,7.2145021915740388,1008.4874256134034));
#2524=IFCPOLYLOOP((#2521,#2522,#2523));
#2525=IFCFACEOUTERBOUND(#2524,.T.);
#2526=IFCFACE((#2525));
#2527=IFCPOLYLOOP((#2341,#2470,#2474));
#2528=IFCFACEOUTERBOUND(#2527,.T.);
#2529=IFCFACE((#2528));
#2530=IFCCARTESIANPOINT((140.80936784744273,5.1788706302947425,1013.4118343353272));
#2531=IFCCARTESIANPOINT((140.80936784744273,6.1778830528563882,1010.999990272522));
#2532=IFCPOLYLOOP((#2530,#2523,#2531));
#2533=IFCFACEOUTERBOUND(#2532,.T.);
#2534=IFCFACE((#2533));
#2535=IFCCARTESIANPOINT((131.37625904083262,22.310546588928165,1015.9999757766724));
#2536=IFCCARTESIANPOINT((134.44318666458139,23.132316923171942,1015.9999757766724));
#2537=IFCCARTESIANPOINT((140.80936784744273,17.426324367553654,1006.3407543182374));
#2538=IFCPOLYLOOP((#2535,#2536,#2537));
#2539=IFCFACEOUTERBOUND(#2538,.T.);
#2540=IFCFACE((#2539));
#2541=IFCPOLYLOOP((#2298,#2297,#2465));
#2542=IFCFACEOUTERBOUND(#2541,.T.);
#2543=IFCFACE((#2542));
#2544=IFCPOLYLOOP((#2474,#2476,#2359));
#2545=IFCFACEOUTERBOUND(#2544,.T.);
#2546=IFCFACE((#2545));
#2547=IFCPOLYLOOP((#2474,#2348,#2341));
#2548=IFCFACEOUTERBOUND(#2547,.T.);
#2549=IFCFACE((#2548));
#2550=IFCPOLYLOOP((#2506,#2475,#2504));
#2551=IFCFACEOUTERBOUND(#2550,.T.);
#2552=IFCFACE((#2551));
#2553=IFCCARTESIANPOINT((140.80936784744273,7.7670665741271394,1008.9289684295654));
#2554=IFCCARTESIANPOINT((140.80936784744273,9.8381247520751387,1007.3397485733033));
#2555=IFCPOLYLOOP((#2553,#2511,#2554));
#2556=IFCFACEOUTERBOUND(#2555,.T.);
#2557=IFCFACE((#2556));
#2558=IFCPOLYLOOP((#2522,#2476,#2506));
#2559=IFCFACEOUTERBOUND(#2558,.T.);
#2560=IFCFACE((#2559));
#2561=IFCCARTESIANPOINT((121.44641456604013,14.62578673365778,1015.9999757766724));
#2562=IFCPOLYLOOP((#2475,#2561,#2504));
#2563=IFCFACEOUTERBOUND(#2562,.T.);
#2564=IFCFACE((#2563));
#2565=IFCCARTESIANPOINT((126.02171669006357,19.201107025176945,1015.9999757766724));
#2566=IFCPOLYLOOP((#2505,#2504,#2565));
#2567=IFCFACEOUTERBOUND(#2566,.T.);
#2568=IFCFACE((#2567));
#2569=IFCCARTESIANPOINT((140.80936784744273,19.838132095367374,1007.3397485733033));
#2570=IFCPOLYLOOP((#2536,#2569,#2537));
#2571=IFCFACEOUTERBOUND(#2570,.T.);
#2572=IFCFACE((#2571));
#2573=IFCPOLYLOOP((#2476,#2475,#2506));
#2574=IFCFACEOUTERBOUND(#2573,.T.);
#2575=IFCFACE((#2574));
#2576=IFCCARTESIANPOINT((140.80936784744273,14.838128423721257,1006.0000047683716));
#2577=IFCPOLYLOOP((#2535,#2576,#2511));
#2578=IFCFACEOUTERBOUND(#2577,.T.);
#2579=IFCFACE((#2578));
#2580=IFCPOLYLOOP((#2535,#2537,#2576));
#2581=IFCFACEOUTERBOUND(#2580,.T.);
#2582=IFCFACE((#2581));
#2583=IFCCARTESIANPOINT((137.62627725601206,23.985226345092716,1015.9999757766724));
#2584=IFCCARTESIANPOINT((140.80936784744273,21.909208440811099,1008.9289684295654));
#2585=IFCPOLYLOOP((#2536,#2583,#2584));
#2586=IFCFACEOUTERBOUND(#2585,.T.);
#2587=IFCFACE((#2586));
#2588=IFCPOLYLOOP((#2510,#2505,#2565));
#2589=IFCFACEOUTERBOUND(#2588,.T.);
#2590=IFCFACE((#2589));
#2591=IFCPOLYLOOP((#2536,#2584,#2569));
#2592=IFCFACEOUTERBOUND(#2591,.T.);
#2593=IFCFACE((#2592));
#2594=IFCPOLYLOOP((#2511,#2510,#2535));
#2595=IFCFACEOUTERBOUND(#2594,.T.);
#2596=IFCFACE((#2595));
#2597=IFCCARTESIANPOINT((140.80936784744273,24.497386217147771,1013.4118343353272));
#2598=IFCCARTESIANPOINT((139.21782255172738,24.411671972305243,1015.9999757766724));
#2599=IFCCARTESIANPOINT((140.80936784744273,24.838135767013494,1015.9999757766724));
#2600=IFCPOLYLOOP((#2597,#2598,#2599));
#2601=IFCFACEOUTERBOUND(#2600,.T.);
#2602=IFCFACE((#2601));
#2603=IFCPOLYLOOP((#2505,#2523,#2506));
#2604=IFCFACEOUTERBOUND(#2603,.T.);
#2605=IFCFACE((#2604));
#2606=IFCPOLYLOOP((#2474,#2561,#2475));
#2607=IFCFACEOUTERBOUND(#2606,.T.);
#2608=IFCFACE((#2607));
#2609=IFCPOLYLOOP((#2469,#2312,#2491));
#2610=IFCFACEOUTERBOUND(#2609,.T.);
#2611=IFCFACE((#2610));
#2612=IFCPOLYLOOP((#2476,#2372,#2355));
#2613=IFCFACEOUTERBOUND(#2612,.T.);
#2614=IFCFACE((#2613));
#2615=IFCCARTESIANPOINT((123.73406562805185,16.913455963165227,1015.9999757766724));
#2616=IFCPOLYLOOP((#2504,#2561,#2615));
#2617=IFCFACEOUTERBOUND(#2616,.T.);
#2618=IFCFACE((#2617));
#2619=IFCPOLYLOOP((#2504,#2615,#2565));
#2620=IFCFACEOUTERBOUND(#2619,.T.);
#2621=IFCFACE((#2620));
#2622=IFCPOLYLOOP((#2531,#2523,#2505));
#2623=IFCFACEOUTERBOUND(#2622,.T.);
#2624=IFCFACE((#2623));
#2625=IFCCARTESIANPOINT((140.80936784744273,23.498391962081854,1010.999990272522));
#2626=IFCPOLYLOOP((#2583,#2625,#2584));
#2627=IFCFACEOUTERBOUND(#2626,.T.);
#2628=IFCFACE((#2627));
#2629=IFCPOLYLOOP((#2523,#2530,#2521));
#2630=IFCFACEOUTERBOUND(#2629,.T.);
#2631=IFCFACE((#2630));
#2632=IFCPOLYLOOP((#2625,#2598,#2597));
#2633=IFCFACEOUTERBOUND(#2632,.T.);
#2634=IFCFACE((#2633));
#2635=IFCPOLYLOOP((#2511,#2553,#2505));
#2636=IFCFACEOUTERBOUND(#2635,.T.);
#2637=IFCFACE((#2636));
#2638=IFCPOLYLOOP((#2305,#2465,#2491));
#2639=IFCFACEOUTERBOUND(#2638,.T.);
#2640=IFCFACE((#2639));
#2641=IFCPOLYLOOP((#2505,#2553,#2531));
#2642=IFCFACEOUTERBOUND(#2641,.T.);
#2643=IFCFACE((#2642));
#2644=IFCPOLYLOOP((#2583,#2598,#2625));
#2645=IFCFACEOUTERBOUND(#2644,.T.);
#2646=IFCFACE((#2645));
#2647=IFCCARTESIANPOINT((140.80936784744273,12.249950647384587,1006.3407543182374));
#2648=IFCPOLYLOOP((#2554,#2511,#2647));
#2649=IFCFACEOUTERBOUND(#2648,.T.);
#2650=IFCFACE((#2649));
#2651=IFCPOLYLOOP((#2511,#2576,#2647));
#2652=IFCFACEOUTERBOUND(#2651,.T.);
#2653=IFCFACE((#2652));
#2654=IFCPOLYLOOP((#2359,#2348,#2474));
#2655=IFCFACEOUTERBOUND(#2654,.T.);
#2656=IFCFACE((#2655));
#2657=IFCPOLYLOOP((#2522,#2506,#2523));
#2658=IFCFACEOUTERBOUND(#2657,.T.);
#2659=IFCFACE((#2658));
#2660=IFCPOLYLOOP((#2355,#2359,#2476));
#2661=IFCFACEOUTERBOUND(#2660,.T.);
#2662=IFCFACE((#2661));
#2663=IFCPOLYLOOP((#2561,#2474,#2484));
#2664=IFCFACEOUTERBOUND(#2663,.T.);
#2665=IFCFACE((#2664));
#2666=IFCPOLYLOOP((#2522,#2372,#2476));
#2667=IFCFACEOUTERBOUND(#2666,.T.);
#2668=IFCFACE((#2667));
#2669=IFCCARTESIANPOINT((120.78104820251474,5.7982732296294595,1024.0766630172729));
#2670=IFCPOLYLOOP((#2469,#2669,#2480));
#2671=IFCFACEOUTERBOUND(#2670,.T.);
#2672=IFCFACE((#2671));
#2673=IFCPOLYLOOP((#2484,#2480,#2669));
#2674=IFCFACEOUTERBOUND(#2673,.T.);
#2675=IFCFACE((#2674));
#2676=IFCCARTESIANPOINT((127.05646457672128,9.3757983208007243,1025.848066520691));
#2677=IFCCARTESIANPOINT((133.43300123214732,3.8565857887572665,1023.5125986099243));
#2678=IFCCARTESIANPOINT((132.30810623168955,8.3394153595275302,1025.5464860916138));
#2679=IFCPOLYLOOP((#2676,#2677,#2678));
#2680=IFCFACEOUTERBOUND(#2679,.T.);
#2681=IFCFACE((#2680));
#2682=IFCCARTESIANPOINT((136.79089946746836,7.2145021915740388,1023.5125986099243));
#2683=IFCPOLYLOOP((#2522,#2521,#2682));
#2684=IFCFACEOUTERBOUND(#2683,.T.);
#2685=IFCFACE((#2684));
#2686=IFCCARTESIANPOINT((124.77430009841929,6.4219996929473302,1025.7238008499146));
#2687=IFCPOLYLOOP((#2686,#2400,#2389));
#2688=IFCFACEOUTERBOUND(#2687,.T.);
#2689=IFCFACE((#2688));
#2690=IFCPOLYLOOP((#2676,#2686,#2677));
#2691=IFCFACEOUTERBOUND(#2690,.T.);
#2692=IFCFACE((#2691));
#2693=IFCCARTESIANPOINT((140.80936784744273,6.1778830528563882,1021.0000339508057));
#2694=IFCCARTESIANPOINT((131.2716869354249,13.591038847000064,1025.848066520691));
#2695=IFCPOLYLOOP((#2693,#2694,#2682));
#2696=IFCFACEOUTERBOUND(#2695,.T.);
#2697=IFCFACE((#2696));
#2698=IFCPOLYLOOP((#2389,#2677,#2686));
#2699=IFCFACEOUTERBOUND(#2698,.T.);
#2700=IFCFACE((#2699));
#2701=IFCCARTESIANPOINT((126.13762531280527,14.758645629913273,1024.0552253723145));
#2702=IFCPOLYLOOP((#2701,#2676,#2678));
#2703=IFCFACEOUTERBOUND(#2702,.T.);
#2704=IFCFACE((#2703));
#2705=IFCPOLYLOOP((#2382,#2677,#2389));
#2706=IFCFACEOUTERBOUND(#2705,.T.);
#2707=IFCFACE((#2706));
#2708=IFCPOLYLOOP((#2522,#2682,#2678));
#2709=IFCFACEOUTERBOUND(#2708,.T.);
#2710=IFCFACE((#2709));
#2711=IFCPOLYLOOP((#2701,#2678,#2694));
#2712=IFCFACEOUTERBOUND(#2711,.T.);
#2713=IFCFACE((#2712));
#2714=IFCCARTESIANPOINT((140.80936784744273,5.1788706302947425,1018.5881898880006));
#2715=IFCPOLYLOOP((#2682,#2521,#2714));
#2716=IFCFACEOUTERBOUND(#2715,.T.);
#2717=IFCFACE((#2716));
#2718=IFCPOLYLOOP((#2465,#2297,#2439));
#2719=IFCFACEOUTERBOUND(#2718,.T.);
#2720=IFCFACE((#2719));
#2721=IFCCARTESIANPOINT((133.79874925613413,18.508507585555972,1024.6927591323854));
#2722=IFCPOLYLOOP((#2510,#2694,#2721));
#2723=IFCFACEOUTERBOUND(#2722,.T.);
#2724=IFCFACE((#2723));
#2725=IFCPOLYLOOP((#2721,#2535,#2510));
#2726=IFCFACEOUTERBOUND(#2725,.T.);
#2727=IFCFACE((#2726));
#2728=IFCPOLYLOOP((#2432,#2469,#2491));
#2729=IFCFACEOUTERBOUND(#2728,.T.);
#2730=IFCFACE((#2729));
#2731=IFCPOLYLOOP((#2417,#2669,#2424));
#2732=IFCFACEOUTERBOUND(#2731,.T.);
#2733=IFCFACE((#2732));
#2734=IFCPOLYLOOP((#2694,#2510,#2565));
#2735=IFCFACEOUTERBOUND(#2734,.T.);
#2736=IFCFACE((#2735));
#2737=IFCPOLYLOOP((#2469,#2432,#2425));
#2738=IFCFACEOUTERBOUND(#2737,.T.);
#2739=IFCFACE((#2738));
#2740=IFCPOLYLOOP((#2469,#2425,#2424));
#2741=IFCFACEOUTERBOUND(#2740,.T.);
#2742=IFCFACE((#2741));
#2743=IFCPOLYLOOP((#2686,#2561,#2484));
#2744=IFCFACEOUTERBOUND(#2743,.T.);
#2745=IFCFACE((#2744));
#2746=IFCCARTESIANPOINT((140.80936784744273,14.838128423721257,1026.0000194549561));
#2747=IFCCARTESIANPOINT((140.80936784744273,17.426324367553654,1025.6592699050905));
#2748=IFCPOLYLOOP((#2746,#2747,#2535));
#2749=IFCFACEOUTERBOUND(#2748,.T.);
#2750=IFCFACE((#2749));
#2751=IFCPOLYLOOP((#2424,#2669,#2469));
#2752=IFCFACEOUTERBOUND(#2751,.T.);
#2753=IFCFACE((#2752));
#2754=IFCPOLYLOOP((#2694,#2678,#2682));
#2755=IFCFACEOUTERBOUND(#2754,.T.);
#2756=IFCFACE((#2755));
#2757=IFCPOLYLOOP((#2522,#2678,#2677));
#2758=IFCFACEOUTERBOUND(#2757,.T.);
#2759=IFCFACE((#2758));
#2760=IFCPOLYLOOP((#2714,#2693,#2682));
#2761=IFCFACEOUTERBOUND(#2760,.T.);
#2762=IFCFACE((#2761));
#2763=IFCCARTESIANPOINT((140.80936784744273,7.7670665741271394,1023.0710557937623));
#2764=IFCPOLYLOOP((#2694,#2693,#2763));
#2765=IFCFACEOUTERBOUND(#2764,.T.);
#2766=IFCFACE((#2765));
#2767=IFCCARTESIANPOINT((140.80936784744273,21.909208440811099,1023.0710557937623));
#2768=IFCPOLYLOOP((#2536,#2767,#2583));
#2769=IFCFACEOUTERBOUND(#2768,.T.);
#2770=IFCFACE((#2769));
#2771=IFCPOLYLOOP((#2565,#2701,#2694));
#2772=IFCFACEOUTERBOUND(#2771,.T.);
#2773=IFCFACE((#2772));
#2774=IFCPOLYLOOP((#2677,#2382,#2372));
#2775=IFCFACEOUTERBOUND(#2774,.T.);
#2776=IFCFACE((#2775));
#2777=IFCPOLYLOOP((#2491,#2443,#2432));
#2778=IFCFACEOUTERBOUND(#2777,.T.);
#2779=IFCFACE((#2778));
#2780=IFCCARTESIANPOINT((140.80936784744273,9.8381247520751387,1024.6602756500245));
#2781=IFCCARTESIANPOINT((140.80936784744273,12.249950647384587,1025.6592699050905));
#2782=IFCPOLYLOOP((#2780,#2781,#2721));
#2783=IFCFACEOUTERBOUND(#2782,.T.);
#2784=IFCFACE((#2783));
#2785=IFCPOLYLOOP((#2491,#2465,#2443));
#2786=IFCFACEOUTERBOUND(#2785,.T.);
#2787=IFCFACE((#2786));
#2788=IFCCARTESIANPOINT((140.80936784744273,23.498391962081854,1021.0000339508057));
#2789=IFCPOLYLOOP((#2788,#2598,#2583));
#2790=IFCFACEOUTERBOUND(#2789,.T.);
#2791=IFCFACE((#2790));
#2792=IFCPOLYLOOP((#2721,#2763,#2780));
#2793=IFCFACEOUTERBOUND(#2792,.T.);
#2794=IFCFACE((#2793));
#2795=IFCPOLYLOOP((#2443,#2465,#2439));
#2796=IFCFACEOUTERBOUND(#2795,.T.);
#2797=IFCFACE((#2796));
#2798=IFCPOLYLOOP((#2781,#2746,#2721));
#2799=IFCFACEOUTERBOUND(#2798,.T.);
#2800=IFCFACE((#2799));
#2801=IFCPOLYLOOP((#2676,#2701,#2561));
#2802=IFCFACEOUTERBOUND(#2801,.T.);
#2803=IFCFACE((#2802));
#2804=IFCPOLYLOOP((#2701,#2565,#2615));
#2805=IFCFACEOUTERBOUND(#2804,.T.);
#2806=IFCFACE((#2805));
#2807=IFCPOLYLOOP((#2701,#2615,#2561));
#2808=IFCFACEOUTERBOUND(#2807,.T.);
#2809=IFCFACE((#2808));
#2810=IFCCARTESIANPOINT((140.80936784744273,19.838132095367374,1024.6602756500245));
#2811=IFCPOLYLOOP((#2810,#2767,#2536));
#2812=IFCFACEOUTERBOUND(#2811,.T.);
#2813=IFCFACE((#2812));
#2814=IFCPOLYLOOP((#2536,#2747,#2810));
#2815=IFCFACEOUTERBOUND(#2814,.T.);
#2816=IFCFACE((#2815));
#2817=IFCPOLYLOOP((#2396,#2669,#2410));
#2818=IFCFACEOUTERBOUND(#2817,.T.);
#2819=IFCFACE((#2818));
#2820=IFCPOLYLOOP((#2535,#2747,#2536));
#2821=IFCFACEOUTERBOUND(#2820,.T.);
#2822=IFCFACE((#2821));
#2823=IFCCARTESIANPOINT((140.80936784744273,24.497386217147771,1018.5881898880006));
#2824=IFCPOLYLOOP((#2788,#2823,#2598));
#2825=IFCFACEOUTERBOUND(#2824,.T.);
#2826=IFCFACE((#2825));
#2827=IFCPOLYLOOP((#2686,#2676,#2561));
#2828=IFCFACEOUTERBOUND(#2827,.T.);
#2829=IFCFACE((#2828));
#2830=IFCPOLYLOOP((#2746,#2535,#2721));
#2831=IFCFACEOUTERBOUND(#2830,.T.);
#2832=IFCFACE((#2831));
#2833=IFCPOLYLOOP((#2669,#2417,#2410));
#2834=IFCFACEOUTERBOUND(#2833,.T.);
#2835=IFCFACE((#2834));
#2836=IFCPOLYLOOP((#2763,#2721,#2694));
#2837=IFCFACEOUTERBOUND(#2836,.T.);
#2838=IFCFACE((#2837));
#2839=IFCPOLYLOOP((#2767,#2788,#2583));
#2840=IFCFACEOUTERBOUND(#2839,.T.);
#2841=IFCFACE((#2840));
#2842=IFCPOLYLOOP((#2823,#2599,#2598));
#2843=IFCFACEOUTERBOUND(#2842,.T.);
#2844=IFCFACE((#2843));
#2845=IFCPOLYLOOP((#2484,#2669,#2686));
#2846=IFCFACEOUTERBOUND(#2845,.T.);
#2847=IFCFACE((#2846));
#2848=IFCPOLYLOOP((#2686,#2396,#2400));
#2849=IFCFACEOUTERBOUND(#2848,.T.);
#2850=IFCFACE((#2849));
#2851=IFCPOLYLOOP((#2372,#2522,#2677));
#2852=IFCFACEOUTERBOUND(#2851,.T.);
#2853=IFCFACE((#2852));
#2854=IFCPOLYLOOP((#2396,#2686,#2669));
#2855=IFCFACEOUTERBOUND(#2854,.T.);
#2856=IFCFACE((#2855));
#2857=IFCCARTESIANPOINT((245.80937228202831,9.8381247520751387,1007.3397485733033));
#2858=IFCCARTESIANPOINT((245.80937228202831,14.838128423721257,1026.0000194549561));
#2859=IFCCARTESIANPOINT((245.80937228202831,6.1778830528563882,1021.0000339508057));
#2860=IFCPOLYLOOP((#2857,#2858,#2859));
#2861=IFCFACEOUTERBOUND(#2860,.T.);
#2862=IFCFACE((#2861));
#2863=IFCCARTESIANPOINT((245.80937228202831,17.426324367553654,1006.3407543182374));
#2864=IFCCARTESIANPOINT((245.80937228202831,12.249950647384587,1006.3407543182374));
#2865=IFCCARTESIANPOINT((245.80937228202831,14.838128423721257,1006.0000047683716));
#2866=IFCPOLYLOOP((#2863,#2864,#2865));
#2867=IFCFACEOUTERBOUND(#2866,.T.);
#2868=IFCFACE((#2867));
#2869=IFCCARTESIANPOINT((245.80937228202831,19.838132095367374,1007.3397485733033));
#2870=IFCPOLYLOOP((#2858,#2863,#2869));
#2871=IFCFACEOUTERBOUND(#2870,.T.);
#2872=IFCFACE((#2871));
#2873=IFCPOLYLOOP((#2858,#2857,#2864));
#2874=IFCFACEOUTERBOUND(#2873,.T.);
#2875=IFCFACE((#2874));
#2876=IFCPOLYLOOP((#2864,#2863,#2858));
#2877=IFCFACEOUTERBOUND(#2876,.T.);
#2878=IFCFACE((#2877));
#2879=IFCCARTESIANPOINT((245.80937228202831,7.7670665741271394,1008.9289684295654));
#2880=IFCCARTESIANPOINT((245.80937228202831,5.1788706302947425,1013.4118343353272));
#2881=IFCCARTESIANPOINT((245.80937228202831,6.1778830528563882,1010.999990272522));
#2882=IFCPOLYLOOP((#2879,#2880,#2881));
#2883=IFCFACEOUTERBOUND(#2882,.T.);
#2884=IFCFACE((#2883));
#2885=IFCPOLYLOOP((#2859,#2880,#2879));
#2886=IFCFACEOUTERBOUND(#2885,.T.);
#2887=IFCFACE((#2886));
#2888=IFCCARTESIANPOINT((245.80937228202831,4.8381392479247474,1015.9999757766724));
#2889=IFCCARTESIANPOINT((245.80937228202831,5.1788706302947425,1018.5881898880006));
#2890=IFCPOLYLOOP((#2888,#2859,#2889));
#2891=IFCFACEOUTERBOUND(#2890,.T.);
#2892=IFCFACE((#2891));
#2893=IFCPOLYLOOP((#2859,#2888,#2880));
#2894=IFCFACEOUTERBOUND(#2893,.T.);
#2895=IFCFACE((#2894));
#2896=IFCPOLYLOOP((#2859,#2879,#2857));
#2897=IFCFACEOUTERBOUND(#2896,.T.);
#2898=IFCFACE((#2897));
#2899=IFCCARTESIANPOINT((245.80937228202831,21.909208440811099,1008.9289684295654));
#2900=IFCPOLYLOOP((#2858,#2869,#2899));
#2901=IFCFACEOUTERBOUND(#2900,.T.);
#2902=IFCFACE((#2901));
#2903=IFCCARTESIANPOINT((245.80937228202831,24.497386217147771,1013.4118343353272));
#2904=IFCCARTESIANPOINT((245.80937228202831,23.498391962081854,1021.0000339508057));
#2905=IFCPOLYLOOP((#2899,#2903,#2904));
#2906=IFCFACEOUTERBOUND(#2905,.T.);
#2907=IFCFACE((#2906));
#2908=IFCCARTESIANPOINT((245.80937228202831,24.838135767013494,1015.9999757766724));
#2909=IFCPOLYLOOP((#2904,#2903,#2908));
#2910=IFCFACEOUTERBOUND(#2909,.T.);
#2911=IFCFACE((#2910));
#2912=IFCPOLYLOOP((#2899,#2904,#2858));
#2913=IFCFACEOUTERBOUND(#2912,.T.);
#2914=IFCFACE((#2913));
#2915=IFCCARTESIANPOINT((245.80937228202831,24.497386217147771,1018.5881898880006));
#2916=IFCPOLYLOOP((#2904,#2908,#2915));
#2917=IFCFACEOUTERBOUND(#2916,.T.);
#2918=IFCFACE((#2917));
#2919=IFCCARTESIANPOINT((245.80937228202831,19.838132095367374,1024.6602756500245));
#2920=IFCCARTESIANPOINT((245.80937228202831,21.909208440811099,1023.0710557937623));
#2921=IFCPOLYLOOP((#2919,#2904,#2920));
#2922=IFCFACEOUTERBOUND(#2921,.T.);
#2923=IFCFACE((#2922));
#2924=IFCCARTESIANPOINT((245.80937228202831,9.8381247520751387,1024.6602756500245));
#2925=IFCCARTESIANPOINT((245.80937228202831,12.249950647384587,1025.6592699050905));
#2926=IFCPOLYLOOP((#2924,#2858,#2925));
#2927=IFCFACEOUTERBOUND(#2926,.T.);
#2928=IFCFACE((#2927));
#2929=IFCCARTESIANPOINT((245.80937228202831,7.7670665741271394,1023.0710557937623));
#2930=IFCPOLYLOOP((#2924,#2929,#2859));
#2931=IFCFACEOUTERBOUND(#2930,.T.);
#2932=IFCFACE((#2931));
#2933=IFCCARTESIANPOINT((245.80937228202831,17.426324367553654,1025.6592699050905));
#2934=IFCPOLYLOOP((#2858,#2919,#2933));
#2935=IFCFACEOUTERBOUND(#2934,.T.);
#2936=IFCFACE((#2935));
#2937=IFCPOLYLOOP((#2859,#2858,#2924));
#2938=IFCFACEOUTERBOUND(#2937,.T.);
#2939=IFCFACE((#2938));
#2940=IFCPOLYLOOP((#2904,#2919,#2858));
#2941=IFCFACEOUTERBOUND(#2940,.T.);
#2942=IFCFACE((#2941));
#2943=IFCCARTESIANPOINT((245.80937228202831,23.498391962081854,1010.999990272522));
#2944=IFCPOLYLOOP((#2903,#2899,#2943));
#2945=IFCFACEOUTERBOUND(#2944,.T.);
#2946=IFCFACE((#2945));
#2947=IFCPOLYLOOP((#2908,#2903,#2597));
#2948=IFCFACEOUTERBOUND(#2947,.T.);
#2949=IFCFACE((#2948));
#2950=IFCPOLYLOOP((#2597,#2599,#2908));
#2951=IFCFACEOUTERBOUND(#2950,.T.);
#2952=IFCFACE((#2951));
#2953=IFCPOLYLOOP((#2903,#2943,#2625));
#2954=IFCFACEOUTERBOUND(#2953,.T.);
#2955=IFCFACE((#2954));
#2956=IFCPOLYLOOP((#2625,#2597,#2903));
#2957=IFCFACEOUTERBOUND(#2956,.T.);
#2958=IFCFACE((#2957));
#2959=IFCPOLYLOOP((#2899,#2869,#2584));
#2960=IFCFACEOUTERBOUND(#2959,.T.);
#2961=IFCFACE((#2960));
#2962=IFCPOLYLOOP((#2569,#2584,#2869));
#2963=IFCFACEOUTERBOUND(#2962,.T.);
#2964=IFCFACE((#2963));
#2965=IFCPOLYLOOP((#2943,#2899,#2584));
#2966=IFCFACEOUTERBOUND(#2965,.T.);
#2967=IFCFACE((#2966));
#2968=IFCPOLYLOOP((#2584,#2625,#2943));
#2969=IFCFACEOUTERBOUND(#2968,.T.);
#2970=IFCFACE((#2969));
#2971=IFCPOLYLOOP((#2869,#2863,#2537));
#2972=IFCFACEOUTERBOUND(#2971,.T.);
#2973=IFCFACE((#2972));
#2974=IFCPOLYLOOP((#2537,#2569,#2869));
#2975=IFCFACEOUTERBOUND(#2974,.T.);
#2976=IFCFACE((#2975));
#2977=IFCPOLYLOOP((#2576,#2537,#2865));
#2978=IFCFACEOUTERBOUND(#2977,.T.);
#2979=IFCFACE((#2978));
#2980=IFCPOLYLOOP((#2863,#2865,#2537));
#2981=IFCFACEOUTERBOUND(#2980,.T.);
#2982=IFCFACE((#2981));
#2983=IFCPOLYLOOP((#2554,#2857,#2879));
#2984=IFCFACEOUTERBOUND(#2983,.T.);
#2985=IFCFACE((#2984));
#2986=IFCPOLYLOOP((#2879,#2553,#2554));
#2987=IFCFACEOUTERBOUND(#2986,.T.);
#2988=IFCFACE((#2987));
#2989=IFCPOLYLOOP((#2647,#2864,#2857));
#2990=IFCFACEOUTERBOUND(#2989,.T.);
#2991=IFCFACE((#2990));
#2992=IFCPOLYLOOP((#2857,#2554,#2647));
#2993=IFCFACEOUTERBOUND(#2992,.T.);
#2994=IFCFACE((#2993));
#2995=IFCPOLYLOOP((#2530,#2880,#2888));
#2996=IFCFACEOUTERBOUND(#2995,.T.);
#2997=IFCFACE((#2996));
#2998=IFCPOLYLOOP((#2888,#2521,#2530));
#2999=IFCFACEOUTERBOUND(#2998,.T.);
#3000=IFCFACE((#2999));
#3001=IFCPOLYLOOP((#2531,#2881,#2880));
#3002=IFCFACEOUTERBOUND(#3001,.T.);
#3003=IFCFACE((#3002));
#3004=IFCPOLYLOOP((#2880,#2530,#2531));
#3005=IFCFACEOUTERBOUND(#3004,.T.);
#3006=IFCFACE((#3005));
#3007=IFCPOLYLOOP((#2553,#2879,#2881));
#3008=IFCFACEOUTERBOUND(#3007,.T.);
#3009=IFCFACE((#3008));
#3010=IFCPOLYLOOP((#2881,#2531,#2553));
#3011=IFCFACEOUTERBOUND(#3010,.T.);
#3012=IFCFACE((#3011));
#3013=IFCPOLYLOOP((#2864,#2647,#2576));
#3014=IFCFACEOUTERBOUND(#3013,.T.);
#3015=IFCFACE((#3014));
#3016=IFCPOLYLOOP((#2576,#2865,#2864));
#3017=IFCFACEOUTERBOUND(#3016,.T.);
#3018=IFCFACE((#3017));
#3019=IFCPOLYLOOP((#2714,#2521,#2889));
#3020=IFCFACEOUTERBOUND(#3019,.T.);
#3021=IFCFACE((#3020));
#3022=IFCPOLYLOOP((#2888,#2889,#2521));
#3023=IFCFACEOUTERBOUND(#3022,.T.);
#3024=IFCFACE((#3023));
#3025=IFCPOLYLOOP((#2714,#2889,#2859));
#3026=IFCFACEOUTERBOUND(#3025,.T.);
#3027=IFCFACE((#3026));
#3028=IFCPOLYLOOP((#2693,#2714,#2859));
#3029=IFCFACEOUTERBOUND(#3028,.T.);
#3030=IFCFACE((#3029));
#3031=IFCPOLYLOOP((#2780,#2924,#2781));
#3032=IFCFACEOUTERBOUND(#3031,.T.);
#3033=IFCFACE((#3032));
#3034=IFCPOLYLOOP((#2925,#2781,#2924));
#3035=IFCFACEOUTERBOUND(#3034,.T.);
#3036=IFCFACE((#3035));
#3037=IFCPOLYLOOP((#2763,#2929,#2780));
#3038=IFCFACEOUTERBOUND(#3037,.T.);
#3039=IFCFACE((#3038));
#3040=IFCPOLYLOOP((#2924,#2780,#2929));
#3041=IFCFACEOUTERBOUND(#3040,.T.);
#3042=IFCFACE((#3041));
#3043=IFCPOLYLOOP((#2763,#2693,#2859));
#3044=IFCFACEOUTERBOUND(#3043,.T.);
#3045=IFCFACE((#3044));
#3046=IFCPOLYLOOP((#2859,#2929,#2763));
#3047=IFCFACEOUTERBOUND(#3046,.T.);
#3048=IFCFACE((#3047));
#3049=IFCPOLYLOOP((#2746,#2781,#2925));
#3050=IFCFACEOUTERBOUND(#3049,.T.);
#3051=IFCFACE((#3050));
#3052=IFCPOLYLOOP((#2925,#2858,#2746));
#3053=IFCFACEOUTERBOUND(#3052,.T.);
#3054=IFCFACE((#3053));
#3055=IFCPOLYLOOP((#2810,#2919,#2767));
#3056=IFCFACEOUTERBOUND(#3055,.T.);
#3057=IFCFACE((#3056));
#3058=IFCPOLYLOOP((#2920,#2767,#2919));
#3059=IFCFACEOUTERBOUND(#3058,.T.);
#3060=IFCFACE((#3059));
#3061=IFCPOLYLOOP((#2747,#2933,#2810));
#3062=IFCFACEOUTERBOUND(#3061,.T.);
#3063=IFCFACE((#3062));
#3064=IFCPOLYLOOP((#2919,#2810,#2933));
#3065=IFCFACEOUTERBOUND(#3064,.T.);
#3066=IFCFACE((#3065));
#3067=IFCPOLYLOOP((#2823,#2915,#2599));
#3068=IFCFACEOUTERBOUND(#3067,.T.);
#3069=IFCFACE((#3068));
#3070=IFCPOLYLOOP((#2908,#2599,#2915));
#3071=IFCFACEOUTERBOUND(#3070,.T.);
#3072=IFCFACE((#3071));
#3073=IFCPOLYLOOP((#2788,#2904,#2823));
#3074=IFCFACEOUTERBOUND(#3073,.T.);
#3075=IFCFACE((#3074));
#3076=IFCPOLYLOOP((#2915,#2823,#2904));
#3077=IFCFACEOUTERBOUND(#3076,.T.);
#3078=IFCFACE((#3077));
#3079=IFCPOLYLOOP((#2767,#2920,#2788));
#3080=IFCFACEOUTERBOUND(#3079,.T.);
#3081=IFCFACE((#3080));
#3082=IFCPOLYLOOP((#2904,#2788,#2920));
#3083=IFCFACEOUTERBOUND(#3082,.T.);
#3084=IFCFACE((#3083));
#3085=IFCPOLYLOOP((#2858,#2933,#2747));
#3086=IFCFACEOUTERBOUND(#3085,.T.);
#3087=IFCFACE((#3086));
#3088=IFCPOLYLOOP((#2747,#2746,#2858));
#3089=IFCFACEOUTERBOUND(#3088,.T.);
#3090=IFCFACE((#3089));
#3091=IFCCARTESIANPOINT((97.328627967834564,-30.161868286102354,1031.0000049591065));
#3092=IFCCARTESIANPOINT((102.09617853164683,-30.161868286102354,1037.2132158279419));
#3093=IFCCARTESIANPOINT((108.30938940048227,-30.161868286102354,1041.9807300567627));
#3094=IFCPOLYLOOP((#3091,#3092,#3093));
#3095=IFCFACEOUTERBOUND(#3094,.T.);
#3096=IFCFACE((#3095));
#3097=IFCCARTESIANPOINT((123.3093822479249,-30.161868286102354,1046.0000341415405));
#3098=IFCPOLYLOOP((#3091,#3093,#3097));
#3099=IFCFACEOUTERBOUND(#3098,.T.);
#3100=IFCFACE((#3099));
#3101=IFCCARTESIANPOINT((108.30938940048227,-30.161868286102354,990.01922149658208));
#3102=IFCPOLYLOOP((#3101,#3091,#3097));
#3103=IFCFACEOUTERBOUND(#3102,.T.);
#3104=IFCFACE((#3103));
#3105=IFCCARTESIANPOINT((115.54481258392343,-30.161868286102354,1044.9777854919435));
#3106=IFCPOLYLOOP((#3097,#3093,#3105));
#3107=IFCFACEOUTERBOUND(#3106,.T.);
#3108=IFCFACE((#3107));
#3109=IFCCARTESIANPOINT((115.54481258392343,-30.161868286102354,987.02223873138428));
#3110=IFCPOLYLOOP((#3109,#3101,#3097));
#3111=IFCFACEOUTERBOUND(#3110,.T.);
#3112=IFCFACE((#3111));
#3113=IFCCARTESIANPOINT((93.309360218048184,-30.161868286102354,1015.9999757766724));
#3114=IFCCARTESIANPOINT((94.331608867645357,-30.161868286102354,1023.7645454406738));
#3115=IFCPOLYLOOP((#3091,#3113,#3114));
#3116=IFCFACEOUTERBOUND(#3115,.T.);
#3117=IFCFACE((#3116));
#3118=IFCCARTESIANPOINT((94.331608867645357,-30.161868286102354,1008.2354061126709));
#3119=IFCPOLYLOOP((#3091,#3118,#3113));
#3120=IFCFACEOUTERBOUND(#3119,.T.);
#3121=IFCFACE((#3120));
#3122=IFCCARTESIANPOINT((102.09617853164683,-30.161868286102354,994.78680839538583));
#3123=IFCCARTESIANPOINT((97.328627967834564,-30.161868286102354,1001.0000192642212));
#3124=IFCPOLYLOOP((#3118,#3122,#3123));
#3125=IFCFACEOUTERBOUND(#3124,.T.);
#3126=IFCFACE((#3125));
#3127=IFCPOLYLOOP((#3122,#3118,#3091));
#3128=IFCFACEOUTERBOUND(#3127,.T.);
#3129=IFCFACE((#3128));
#3130=IFCPOLYLOOP((#3101,#3122,#3091));
#3131=IFCFACEOUTERBOUND(#3130,.T.);
#3132=IFCFACE((#3131));
#3133=IFCCARTESIANPOINT((131.07395191192637,-30.161868286102354,1044.9777854919435));
#3134=IFCCARTESIANPOINT((138.30937509536753,-30.161868286102354,1041.9807300567627));
#3135=IFCPOLYLOOP((#3097,#3133,#3134));
#3136=IFCFACEOUTERBOUND(#3135,.T.);
#3137=IFCFACE((#3136));
#3138=IFCCARTESIANPOINT((144.52258596420299,-30.161868286102354,1037.2132158279419));
#3139=IFCCARTESIANPOINT((149.29013652801524,-30.161868286102354,1031.0000049591065));
#3140=IFCPOLYLOOP((#3134,#3138,#3139));
#3141=IFCFACEOUTERBOUND(#3140,.T.);
#3142=IFCFACE((#3141));
#3143=IFCCARTESIANPOINT((144.52258596420299,-30.161868286102354,994.78680839538583));
#3144=IFCPOLYLOOP((#3097,#3139,#3143));
#3145=IFCFACEOUTERBOUND(#3144,.T.);
#3146=IFCFACE((#3145));
#3147=IFCCARTESIANPOINT((153.30936794281016,-30.161868286102354,1015.9999757766724));
#3148=IFCCARTESIANPOINT((152.28715562820443,-30.161868286102354,1008.2354061126709));
#3149=IFCPOLYLOOP((#3139,#3147,#3148));
#3150=IFCFACEOUTERBOUND(#3149,.T.);
#3151=IFCFACE((#3150));
#3152=IFCCARTESIANPOINT((152.28715562820443,-30.161868286102354,1023.7645454406738));
#3153=IFCPOLYLOOP((#3147,#3139,#3152));
#3154=IFCFACEOUTERBOUND(#3153,.T.);
#3155=IFCFACE((#3154));
#3156=IFCPOLYLOOP((#3143,#3139,#3148));
#3157=IFCFACEOUTERBOUND(#3156,.T.);
#3158=IFCFACE((#3157));
#3159=IFCCARTESIANPOINT((131.07395191192637,-30.161868286102354,987.02223873138428));
#3160=IFCCARTESIANPOINT((123.3093822479249,-30.161868286102354,985.99999008178713));
#3161=IFCPOLYLOOP((#3109,#3159,#3160));
#3162=IFCFACEOUTERBOUND(#3161,.T.);
#3163=IFCFACE((#3162));
#3164=IFCPOLYLOOP((#3097,#3159,#3109));
#3165=IFCFACEOUTERBOUND(#3164,.T.);
#3166=IFCFACE((#3165));
#3167=IFCCARTESIANPOINT((138.30937509536753,-30.161868286102354,990.01922149658208));
#3168=IFCPOLYLOOP((#3097,#3167,#3159));
#3169=IFCFACEOUTERBOUND(#3168,.T.);
#3170=IFCFACE((#3169));
#3171=IFCPOLYLOOP((#3167,#3097,#3143));
#3172=IFCFACEOUTERBOUND(#3171,.T.);
#3173=IFCFACE((#3172));
#3174=IFCCARTESIANPOINT((149.29013652801524,-30.161868286102354,1001.0000192642212));
#3175=IFCPOLYLOOP((#3148,#3174,#3143));
#3176=IFCFACEOUTERBOUND(#3175,.T.);
#3177=IFCFACE((#3176));
#3178=IFCPOLYLOOP((#3139,#3097,#3134));
#3179=IFCFACEOUTERBOUND(#3178,.T.);
#3180=IFCFACE((#3179));
#3181=IFCCARTESIANPOINT((102.09617853164683,-38.161870527236999,994.78680839538583));
#3182=IFCCARTESIANPOINT((94.331608867645357,-38.161870527236999,1008.2354061126709));
#3183=IFCCARTESIANPOINT((97.328627967834564,-38.161870527236999,1001.0000192642212));
#3184=IFCPOLYLOOP((#3181,#3182,#3183));
#3185=IFCFACEOUTERBOUND(#3184,.T.);
#3186=IFCFACE((#3185));
#3187=IFCCARTESIANPOINT((108.30938940048227,-38.161870527236999,990.01922149658208));
#3188=IFCCARTESIANPOINT((97.328627967834564,-38.161870527236999,1031.0000049591065));
#3189=IFCPOLYLOOP((#3187,#3188,#3181));
#3190=IFCFACEOUTERBOUND(#3189,.T.);
#3191=IFCFACE((#3190));
#3192=IFCCARTESIANPOINT((115.54481258392343,-38.161870527236999,987.02223873138428));
#3193=IFCCARTESIANPOINT((123.3093822479249,-38.161870527236999,985.99999008178713));
#3194=IFCCARTESIANPOINT((131.07395191192637,-38.161870527236999,987.02223873138428));
#3195=IFCPOLYLOOP((#3192,#3193,#3194));
#3196=IFCFACEOUTERBOUND(#3195,.T.);
#3197=IFCFACE((#3196));
#3198=IFCCARTESIANPOINT((123.3093822479249,-38.161870527236999,1046.0000341415405));
#3199=IFCPOLYLOOP((#3198,#3188,#3187));
#3200=IFCFACEOUTERBOUND(#3199,.T.);
#3201=IFCFACE((#3200));
#3202=IFCPOLYLOOP((#3198,#3187,#3192));
#3203=IFCFACEOUTERBOUND(#3202,.T.);
#3204=IFCFACE((#3203));
#3205=IFCCARTESIANPOINT((93.309360218048184,-38.161870527236999,1015.9999757766724));
#3206=IFCCARTESIANPOINT((94.331608867645357,-38.161870527236999,1023.7645454406738));
#3207=IFCPOLYLOOP((#3205,#3188,#3206));
#3208=IFCFACEOUTERBOUND(#3207,.T.);
#3209=IFCFACE((#3208));
#3210=IFCPOLYLOOP((#3188,#3205,#3182));
#3211=IFCFACEOUTERBOUND(#3210,.T.);
#3212=IFCFACE((#3211));
#3213=IFCCARTESIANPOINT((108.30938940048227,-38.161870527236999,1041.9807300567627));
#3214=IFCCARTESIANPOINT((102.09617853164683,-38.161870527236999,1037.2132158279419));
#3215=IFCPOLYLOOP((#3188,#3213,#3214));
#3216=IFCFACEOUTERBOUND(#3215,.T.);
#3217=IFCFACE((#3216));
#3218=IFCPOLYLOOP((#3188,#3182,#3181));
#3219=IFCFACEOUTERBOUND(#3218,.T.);
#3220=IFCFACE((#3219));
#3221=IFCPOLYLOOP((#3188,#3198,#3213));
#3222=IFCFACEOUTERBOUND(#3221,.T.);
#3223=IFCFACE((#3222));
#3224=IFCPOLYLOOP((#3198,#3192,#3194));
#3225=IFCFACEOUTERBOUND(#3224,.T.);
#3226=IFCFACE((#3225));
#3227=IFCCARTESIANPOINT((138.30937509536753,-38.161870527236999,990.01922149658208));
#3228=IFCCARTESIANPOINT((144.52258596420299,-38.161870527236999,994.78680839538583));
#3229=IFCPOLYLOOP((#3227,#3228,#3198));
#3230=IFCFACEOUTERBOUND(#3229,.T.);
#3231=IFCFACE((#3230));
#3232=IFCCARTESIANPOINT((152.28715562820443,-38.161870527236999,1008.2354061126709));
#3233=IFCCARTESIANPOINT((149.29013652801524,-38.161870527236999,1001.0000192642212));
#3234=IFCPOLYLOOP((#3232,#3228,#3233));
#3235=IFCFACEOUTERBOUND(#3234,.T.);
#3236=IFCFACE((#3235));
#3237=IFCCARTESIANPOINT((149.29013652801524,-38.161870527236999,1031.0000049591065));
#3238=IFCCARTESIANPOINT((153.30936794281016,-38.161870527236999,1015.9999757766724));
#3239=IFCPOLYLOOP((#3237,#3232,#3238));
#3240=IFCFACEOUTERBOUND(#3239,.T.);
#3241=IFCFACE((#3240));
#3242=IFCPOLYLOOP((#3228,#3232,#3237));
#3243=IFCFACEOUTERBOUND(#3242,.T.);
#3244=IFCFACE((#3243));
#3245=IFCCARTESIANPOINT((152.28715562820443,-38.161870527236999,1023.7645454406738));
#3246=IFCPOLYLOOP((#3238,#3245,#3237));
#3247=IFCFACEOUTERBOUND(#3246,.T.);
#3248=IFCFACE((#3247));
#3249=IFCCARTESIANPOINT((138.30937509536753,-38.161870527236999,1041.9807300567627));
#3250=IFCCARTESIANPOINT((131.07395191192637,-38.161870527236999,1044.9777854919435));
#3251=IFCPOLYLOOP((#3198,#3249,#3250));
#3252=IFCFACEOUTERBOUND(#3251,.T.);
#3253=IFCFACE((#3252));
#3254=IFCCARTESIANPOINT((115.54481258392343,-38.161870527236999,1044.9777854919435));
#3255=IFCPOLYLOOP((#3198,#3254,#3213));
#3256=IFCFACEOUTERBOUND(#3255,.T.);
#3257=IFCFACE((#3256));
#3258=IFCCARTESIANPOINT((144.52258596420299,-38.161870527236999,1037.2132158279419));
#3259=IFCPOLYLOOP((#3249,#3237,#3258));
#3260=IFCFACEOUTERBOUND(#3259,.T.);
#3261=IFCFACE((#3260));
#3262=IFCPOLYLOOP((#3237,#3249,#3198));
#3263=IFCFACEOUTERBOUND(#3262,.T.);
#3264=IFCFACE((#3263));
#3265=IFCPOLYLOOP((#3228,#3237,#3198));
#3266=IFCFACEOUTERBOUND(#3265,.T.);
#3267=IFCFACE((#3266));
#3268=IFCPOLYLOOP((#3198,#3194,#3227));
#3269=IFCFACEOUTERBOUND(#3268,.T.);
#3270=IFCFACE((#3269));
#3271=IFCPOLYLOOP((#3205,#3206,#3114));
#3272=IFCFACEOUTERBOUND(#3271,.T.);
#3273=IFCFACE((#3272));
#3274=IFCPOLYLOOP((#3114,#3113,#3205));
#3275=IFCFACEOUTERBOUND(#3274,.T.);
#3276=IFCFACE((#3275));
#3277=IFCPOLYLOOP((#3206,#3188,#3114));
#3278=IFCFACEOUTERBOUND(#3277,.T.);
#3279=IFCFACE((#3278));
#3280=IFCPOLYLOOP((#3091,#3114,#3188));
#3281=IFCFACEOUTERBOUND(#3280,.T.);
#3282=IFCFACE((#3281));
#3283=IFCPOLYLOOP((#3213,#3093,#3092));
#3284=IFCFACEOUTERBOUND(#3283,.T.);
#3285=IFCFACE((#3284));
#3286=IFCPOLYLOOP((#3092,#3214,#3213));
#3287=IFCFACEOUTERBOUND(#3286,.T.);
#3288=IFCFACE((#3287));
#3289=IFCPOLYLOOP((#3091,#3188,#3214));
#3290=IFCFACEOUTERBOUND(#3289,.T.);
#3291=IFCFACE((#3290));
#3292=IFCPOLYLOOP((#3214,#3092,#3091));
#3293=IFCFACEOUTERBOUND(#3292,.T.);
#3294=IFCFACE((#3293));
#3295=IFCPOLYLOOP((#3254,#3105,#3093));
#3296=IFCFACEOUTERBOUND(#3295,.T.);
#3297=IFCFACE((#3296));
#3298=IFCPOLYLOOP((#3093,#3213,#3254));
#3299=IFCFACEOUTERBOUND(#3298,.T.);
#3300=IFCFACE((#3299));
#3301=IFCPOLYLOOP((#3198,#3097,#3105));
#3302=IFCFACEOUTERBOUND(#3301,.T.);
#3303=IFCFACE((#3302));
#3304=IFCPOLYLOOP((#3105,#3254,#3198));
#3305=IFCFACEOUTERBOUND(#3304,.T.);
#3306=IFCFACE((#3305));
#3307=IFCPOLYLOOP((#3198,#3250,#3097));
#3308=IFCFACEOUTERBOUND(#3307,.T.);
#3309=IFCFACE((#3308));
#3310=IFCPOLYLOOP((#3133,#3097,#3250));
#3311=IFCFACEOUTERBOUND(#3310,.T.);
#3312=IFCFACE((#3311));
#3313=IFCPOLYLOOP((#3250,#3249,#3133));
#3314=IFCFACEOUTERBOUND(#3313,.T.);
#3315=IFCFACE((#3314));
#3316=IFCPOLYLOOP((#3134,#3133,#3249));
#3317=IFCFACEOUTERBOUND(#3316,.T.);
#3318=IFCFACE((#3317));
#3319=IFCPOLYLOOP((#3237,#3139,#3138));
#3320=IFCFACEOUTERBOUND(#3319,.T.);
#3321=IFCFACE((#3320));
#3322=IFCPOLYLOOP((#3138,#3258,#3237));
#3323=IFCFACEOUTERBOUND(#3322,.T.);
#3324=IFCFACE((#3323));
#3325=IFCPOLYLOOP((#3134,#3249,#3258));
#3326=IFCFACEOUTERBOUND(#3325,.T.);
#3327=IFCFACE((#3326));
#3328=IFCPOLYLOOP((#3258,#3138,#3134));
#3329=IFCFACEOUTERBOUND(#3328,.T.);
#3330=IFCFACE((#3329));
#3331=IFCPOLYLOOP((#3245,#3152,#3139));
#3332=IFCFACEOUTERBOUND(#3331,.T.);
#3333=IFCFACE((#3332));
#3334=IFCPOLYLOOP((#3139,#3237,#3245));
#3335=IFCFACEOUTERBOUND(#3334,.T.);
#3336=IFCFACE((#3335));
#3337=IFCPOLYLOOP((#3238,#3147,#3152));
#3338=IFCFACEOUTERBOUND(#3337,.T.);
#3339=IFCFACE((#3338));
#3340=IFCPOLYLOOP((#3152,#3245,#3238));
#3341=IFCFACEOUTERBOUND(#3340,.T.);
#3342=IFCFACE((#3341));
#3343=IFCPOLYLOOP((#3238,#3232,#3148));
#3344=IFCFACEOUTERBOUND(#3343,.T.);
#3345=IFCFACE((#3344));
#3346=IFCPOLYLOOP((#3148,#3147,#3238));
#3347=IFCFACEOUTERBOUND(#3346,.T.);
#3348=IFCFACE((#3347));
#3349=IFCPOLYLOOP((#3232,#3233,#3174));
#3350=IFCFACEOUTERBOUND(#3349,.T.);
#3351=IFCFACE((#3350));
#3352=IFCPOLYLOOP((#3174,#3148,#3232));
#3353=IFCFACEOUTERBOUND(#3352,.T.);
#3354=IFCFACE((#3353));
#3355=IFCPOLYLOOP((#3227,#3167,#3228));
#3356=IFCFACEOUTERBOUND(#3355,.T.);
#3357=IFCFACE((#3356));
#3358=IFCPOLYLOOP((#3143,#3228,#3167));
#3359=IFCFACEOUTERBOUND(#3358,.T.);
#3360=IFCFACE((#3359));
#3361=IFCPOLYLOOP((#3174,#3233,#3143));
#3362=IFCFACEOUTERBOUND(#3361,.T.);
#3363=IFCFACE((#3362));
#3364=IFCPOLYLOOP((#3228,#3143,#3233));
#3365=IFCFACEOUTERBOUND(#3364,.T.);
#3366=IFCFACE((#3365));
#3367=IFCPOLYLOOP((#3194,#3159,#3227));
#3368=IFCFACEOUTERBOUND(#3367,.T.);
#3369=IFCFACE((#3368));
#3370=IFCPOLYLOOP((#3167,#3227,#3159));
#3371=IFCFACEOUTERBOUND(#3370,.T.);
#3372=IFCFACE((#3371));
#3373=IFCPOLYLOOP((#3193,#3160,#3194));
#3374=IFCFACEOUTERBOUND(#3373,.T.);
#3375=IFCFACE((#3374));
#3376=IFCPOLYLOOP((#3159,#3194,#3160));
#3377=IFCFACEOUTERBOUND(#3376,.T.);
#3378=IFCFACE((#3377));
#3379=IFCPOLYLOOP((#3193,#3192,#3160));
#3380=IFCFACEOUTERBOUND(#3379,.T.);
#3381=IFCFACE((#3380));
#3382=IFCPOLYLOOP((#3109,#3160,#3192));
#3383=IFCFACEOUTERBOUND(#3382,.T.);
#3384=IFCFACE((#3383));
#3385=IFCPOLYLOOP((#3192,#3187,#3101));
#3386=IFCFACEOUTERBOUND(#3385,.T.);
#3387=IFCFACE((#3386));
#3388=IFCPOLYLOOP((#3101,#3109,#3192));
#3389=IFCFACEOUTERBOUND(#3388,.T.);
#3390=IFCFACE((#3389));
#3391=IFCPOLYLOOP((#3183,#3123,#3122));
#3392=IFCFACEOUTERBOUND(#3391,.T.);
#3393=IFCFACE((#3392));
#3394=IFCPOLYLOOP((#3122,#3181,#3183));
#3395=IFCFACEOUTERBOUND(#3394,.T.);
#3396=IFCFACE((#3395));
#3397=IFCPOLYLOOP((#3101,#3187,#3122));
#3398=IFCFACEOUTERBOUND(#3397,.T.);
#3399=IFCFACE((#3398));
#3400=IFCPOLYLOOP((#3181,#3122,#3187));
#3401=IFCFACEOUTERBOUND(#3400,.T.);
#3402=IFCFACE((#3401));
#3403=IFCPOLYLOOP((#3182,#3118,#3123));
#3404=IFCFACEOUTERBOUND(#3403,.T.);
#3405=IFCFACE((#3404));
#3406=IFCPOLYLOOP((#3123,#3183,#3182));
#3407=IFCFACEOUTERBOUND(#3406,.T.);
#3408=IFCFACE((#3407));
#3409=IFCPOLYLOOP((#3205,#3113,#3118));
#3410=IFCFACEOUTERBOUND(#3409,.T.);
#3411=IFCFACE((#3410));
#3412=IFCPOLYLOOP((#3118,#3182,#3205));
#3413=IFCFACEOUTERBOUND(#3412,.T.);
#3414=IFCFACE((#3413));
#3415=IFCCARTESIANPOINT((1015.9999878883364,-184.21186295744712,0.));
#3416=IFCCARTESIANPOINT((965.20003633499164,-134.9993644714051,0.));
#3417=IFCCARTESIANPOINT((1015.9999878883364,-38.161870527236999,0.));
#3418=IFCPOLYLOOP((#3415,#3416,#3417));
#3419=IFCFACEOUTERBOUND(#3418,.T.);
#3420=IFCFACE((#3419));
#3421=IFCCARTESIANPOINT((965.20003633499164,-184.21186295744712,0.));
#3422=IFCPOLYLOOP((#3416,#3415,#3421));
#3423=IFCFACEOUTERBOUND(#3422,.T.);
#3424=IFCFACE((#3423));
#3425=IFCCARTESIANPOINT((949.3249878883363,-134.9993644714051,0.));
#3426=IFCCARTESIANPOINT((965.20003633499164,-87.374364471405087,0.));
#3427=IFCPOLYLOOP((#3425,#3426,#3416));
#3428=IFCFACEOUTERBOUND(#3427,.T.);
#3429=IFCFACE((#3428));
#3430=IFCPOLYLOOP((#3416,#3426,#3417));
#3431=IFCFACEOUTERBOUND(#3430,.T.);
#3432=IFCFACE((#3431));
#3433=IFCCARTESIANPOINT((965.20003633499164,-38.161870527236999,0.));
#3434=IFCPOLYLOOP((#3417,#3426,#3433));
#3435=IFCFACEOUTERBOUND(#3434,.T.);
#3436=IFCFACE((#3435));
#3437=IFCCARTESIANPOINT((949.3249878883363,-87.374364471405087,0.));
#3438=IFCPOLYLOOP((#3437,#3426,#3425));
#3439=IFCFACEOUTERBOUND(#3438,.T.);
#3440=IFCFACE((#3439));
#3441=IFCCARTESIANPOINT((965.20003633499164,-38.161870527236999,2133.5999999999999));
#3442=IFCPOLYLOOP((#3441,#3433,#3426));
#3443=IFCFACEOUTERBOUND(#3442,.T.);
#3444=IFCFACE((#3443));
#3445=IFCCARTESIANPOINT((965.20003633499164,-87.374364471405087,2133.5999999999999));
#3446=IFCPOLYLOOP((#3426,#3445,#3441));
#3447=IFCFACEOUTERBOUND(#3446,.T.);
#3448=IFCFACE((#3447));
#3449=IFCPOLYLOOP((#3417,#3433,#3441));
#3450=IFCFACEOUTERBOUND(#3449,.T.);
#3451=IFCFACE((#3450));
#3452=IFCCARTESIANPOINT((1015.9999878883364,-38.161870527236999,2235.2000484466553));
#3453=IFCCARTESIANPOINT((50.80000000000009,-38.161870527236999,2133.5999999999999));
#3454=IFCPOLYLOOP((#3452,#3441,#3453));
#3455=IFCFACEOUTERBOUND(#3454,.T.);
#3456=IFCFACE((#3455));
#3457=IFCPOLYLOOP((#3417,#3441,#3452));
#3458=IFCFACEOUTERBOUND(#3457,.T.);
#3459=IFCFACE((#3458));
#3460=IFCCARTESIANPOINT((50.80000000000009,-38.161870527236999,0.));
#3461=IFCCARTESIANPOINT((1.2111663908598302E-05,-38.161870527236999,0.));
#3462=IFCPOLYLOOP((#3460,#3461,#3453));
#3463=IFCFACEOUTERBOUND(#3462,.T.);
#3464=IFCFACE((#3463));
#3465=IFCCARTESIANPOINT((1.2111663908598302E-05,-38.161870527236999,2235.2000484466553));
#3466=IFCPOLYLOOP((#3452,#3453,#3465));
#3467=IFCFACEOUTERBOUND(#3466,.T.);
#3468=IFCFACE((#3467));
#3469=IFCPOLYLOOP((#3465,#3453,#3461));
#3470=IFCFACEOUTERBOUND(#3469,.T.);
#3471=IFCFACE((#3470));
#3472=IFCCARTESIANPOINT((1015.9999878883364,-184.21186295744712,2235.2000484466553));
#3473=IFCPOLYLOOP((#3472,#3415,#3452));
#3474=IFCFACEOUTERBOUND(#3473,.T.);
#3475=IFCFACE((#3474));
#3476=IFCPOLYLOOP((#3417,#3452,#3415));
#3477=IFCFACEOUTERBOUND(#3476,.T.);
#3478=IFCFACE((#3477));
#3479=IFCCARTESIANPOINT((1.2111663908598302E-05,-184.21186295744712,0.));
#3480=IFCCARTESIANPOINT((50.80000000000009,-184.21186295744712,0.));
#3481=IFCCARTESIANPOINT((50.80000000000009,-184.21186295744712,2133.5999999999999));
#3482=IFCPOLYLOOP((#3479,#3480,#3481));
#3483=IFCFACEOUTERBOUND(#3482,.T.);
#3484=IFCFACE((#3483));
#3485=IFCCARTESIANPOINT((1.2111663908598302E-05,-184.21186295744712,2235.2000484466553));
#3486=IFCCARTESIANPOINT((965.20003633499164,-184.21186295744712,2133.5999999999999));
#3487=IFCPOLYLOOP((#3485,#3481,#3486));
#3488=IFCFACEOUTERBOUND(#3487,.T.);
#3489=IFCFACE((#3488));
#3490=IFCPOLYLOOP((#3479,#3481,#3485));
#3491=IFCFACEOUTERBOUND(#3490,.T.);
#3492=IFCFACE((#3491));
#3493=IFCPOLYLOOP((#3421,#3415,#3486));
#3494=IFCFACEOUTERBOUND(#3493,.T.);
#3495=IFCFACE((#3494));
#3496=IFCPOLYLOOP((#3485,#3486,#3472));
#3497=IFCFACEOUTERBOUND(#3496,.T.);
#3498=IFCFACE((#3497));
#3499=IFCPOLYLOOP((#3472,#3486,#3415));
#3500=IFCFACEOUTERBOUND(#3499,.T.);
#3501=IFCFACE((#3500));
#3502=IFCCARTESIANPOINT((965.20003633499164,-134.9993644714051,2133.5999999999999));
#3503=IFCPOLYLOOP((#3502,#3416,#3421));
#3504=IFCFACEOUTERBOUND(#3503,.T.);
#3505=IFCFACE((#3504));
#3506=IFCPOLYLOOP((#3421,#3486,#3502));
#3507=IFCFACEOUTERBOUND(#3506,.T.);
#3508=IFCFACE((#3507));
#3509=IFCCARTESIANPOINT((50.80000000000009,-134.9993644714051,0.));
#3510=IFCCARTESIANPOINT((66.675012111663918,-134.9993644714051,0.));
#3511=IFCCARTESIANPOINT((66.675012111663918,-134.9993644714051,2117.7249515533449));
#3512=IFCPOLYLOOP((#3509,#3510,#3511));
#3513=IFCFACEOUTERBOUND(#3512,.T.);
#3514=IFCFACE((#3513));
#3515=IFCCARTESIANPOINT((50.80000000000009,-134.9993644714051,2133.5999999999999));
#3516=IFCCARTESIANPOINT((949.3249878883363,-134.9993644714051,2117.7249515533449));
#3517=IFCPOLYLOOP((#3515,#3511,#3516));
#3518=IFCFACEOUTERBOUND(#3517,.T.);
#3519=IFCFACE((#3518));
#3520=IFCPOLYLOOP((#3509,#3511,#3515));
#3521=IFCFACEOUTERBOUND(#3520,.T.);
#3522=IFCFACE((#3521));
#3523=IFCPOLYLOOP((#3425,#3416,#3516));
#3524=IFCFACEOUTERBOUND(#3523,.T.);
#3525=IFCFACE((#3524));
#3526=IFCPOLYLOOP((#3515,#3516,#3502));
#3527=IFCFACEOUTERBOUND(#3526,.T.);
#3528=IFCFACE((#3527));
#3529=IFCPOLYLOOP((#3502,#3516,#3416));
#3530=IFCFACEOUTERBOUND(#3529,.T.);
#3531=IFCFACE((#3530));
#3532=IFCCARTESIANPOINT((949.3249878883363,-87.374364471405087,2117.7249515533449));
#3533=IFCPOLYLOOP((#3532,#3437,#3425));
#3534=IFCFACEOUTERBOUND(#3533,.T.);
#3535=IFCFACE((#3534));
#3536=IFCPOLYLOOP((#3425,#3516,#3532));
#3537=IFCFACEOUTERBOUND(#3536,.T.);
#3538=IFCFACE((#3537));
#3539=IFCPOLYLOOP((#3426,#3437,#3532));
#3540=IFCFACEOUTERBOUND(#3539,.T.);
#3541=IFCFACE((#3540));
#3542=IFCCARTESIANPOINT((66.675012111663918,-87.374364471405087,2117.7249515533449));
#3543=IFCPOLYLOOP((#3445,#3532,#3542));
#3544=IFCFACEOUTERBOUND(#3543,.T.);
#3545=IFCFACE((#3544));
#3546=IFCPOLYLOOP((#3426,#3532,#3445));
#3547=IFCFACEOUTERBOUND(#3546,.T.);
#3548=IFCFACE((#3547));
#3549=IFCCARTESIANPOINT((66.675012111663918,-87.374364471405087,0.));
#3550=IFCCARTESIANPOINT((50.80000000000009,-87.374364471405087,0.));
#3551=IFCPOLYLOOP((#3549,#3550,#3542));
#3552=IFCFACEOUTERBOUND(#3551,.T.);
#3553=IFCFACE((#3552));
#3554=IFCCARTESIANPOINT((50.80000000000009,-87.374364471405087,2133.5999999999999));
#3555=IFCPOLYLOOP((#3445,#3542,#3554));
#3556=IFCFACEOUTERBOUND(#3555,.T.);
#3557=IFCFACE((#3556));
#3558=IFCPOLYLOOP((#3554,#3542,#3550));
#3559=IFCFACEOUTERBOUND(#3558,.T.);
#3560=IFCFACE((#3559));
#3561=IFCPOLYLOOP((#3453,#3441,#3445));
#3562=IFCFACEOUTERBOUND(#3561,.T.);
#3563=IFCFACE((#3562));
#3564=IFCPOLYLOOP((#3445,#3554,#3453));
#3565=IFCFACEOUTERBOUND(#3564,.T.);
#3566=IFCFACE((#3565));
#3567=IFCPOLYLOOP((#3502,#3486,#3515));
#3568=IFCFACEOUTERBOUND(#3567,.T.);
#3569=IFCFACE((#3568));
#3570=IFCPOLYLOOP((#3481,#3515,#3486));
#3571=IFCFACEOUTERBOUND(#3570,.T.);
#3572=IFCFACE((#3571));
#3573=IFCPOLYLOOP((#3532,#3516,#3511));
#3574=IFCFACEOUTERBOUND(#3573,.T.);
#3575=IFCFACE((#3574));
#3576=IFCPOLYLOOP((#3511,#3542,#3532));
#3577=IFCFACEOUTERBOUND(#3576,.T.);
#3578=IFCFACE((#3577));
#3579=IFCPOLYLOOP((#3461,#3550,#3479));
#3580=IFCFACEOUTERBOUND(#3579,.T.);
#3581=IFCFACE((#3580));
#3582=IFCPOLYLOOP((#3550,#3461,#3460));
#3583=IFCFACEOUTERBOUND(#3582,.T.);
#3584=IFCFACE((#3583));
#3585=IFCPOLYLOOP((#3479,#3509,#3480));
#3586=IFCFACEOUTERBOUND(#3585,.T.);
#3587=IFCFACE((#3586));
#3588=IFCPOLYLOOP((#3550,#3509,#3479));
#3589=IFCFACEOUTERBOUND(#3588,.T.);
#3590=IFCFACE((#3589));
#3591=IFCPOLYLOOP((#3550,#3549,#3509));
#3592=IFCFACEOUTERBOUND(#3591,.T.);
#3593=IFCFACE((#3592));
#3594=IFCPOLYLOOP((#3510,#3509,#3549));
#3595=IFCFACEOUTERBOUND(#3594,.T.);
#3596=IFCFACE((#3595));
#3597=IFCPOLYLOOP((#3550,#3460,#3453));
#3598=IFCFACEOUTERBOUND(#3597,.T.);
#3599=IFCFACE((#3598));
#3600=IFCPOLYLOOP((#3453,#3554,#3550));
#3601=IFCFACEOUTERBOUND(#3600,.T.);
#3602=IFCFACE((#3601));
#3603=IFCPOLYLOOP((#3485,#3465,#3479));
#3604=IFCFACEOUTERBOUND(#3603,.T.);
#3605=IFCFACE((#3604));
#3606=IFCPOLYLOOP((#3461,#3479,#3465));
#3607=IFCFACEOUTERBOUND(#3606,.T.);
#3608=IFCFACE((#3607));
#3609=IFCPOLYLOOP((#3515,#3481,#3480));
#3610=IFCFACEOUTERBOUND(#3609,.T.);
#3611=IFCFACE((#3610));
#3612=IFCPOLYLOOP((#3480,#3509,#3515));
#3613=IFCFACEOUTERBOUND(#3612,.T.);
#3614=IFCFACE((#3613));
#3615=IFCPOLYLOOP((#3542,#3511,#3510));
#3616=IFCFACEOUTERBOUND(#3615,.T.);
#3617=IFCFACE((#3616));
#3618=IFCPOLYLOOP((#3510,#3549,#3542));
#3619=IFCFACEOUTERBOUND(#3618,.T.);
#3620=IFCFACE((#3619));
#3621=IFCPOLYLOOP((#3485,#3472,#3452));
#3622=IFCFACEOUTERBOUND(#3621,.T.);
#3623=IFCFACE((#3622));
#3624=IFCPOLYLOOP((#3452,#3465,#3485));
#3625=IFCFACEOUTERBOUND(#3624,.T.);
#3626=IFCFACE((#3625));
#3627=IFCCARTESIANPOINT((965.20003633499164,-82.611864471405084,2133.5999999999999));
#3628=IFCCARTESIANPOINT((50.80000000000009,-82.611864471405084,2133.5999999999999));
#3629=IFCCARTESIANPOINT((50.80000000000009,-82.611864471405084,0.));
#3630=IFCPOLYLOOP((#3627,#3628,#3629));
#3631=IFCFACEOUTERBOUND(#3630,.T.);
#3632=IFCFACE((#3631));
#3633=IFCCARTESIANPOINT((965.20003633499164,-82.611864471405084,0.));
#3634=IFCPOLYLOOP((#3629,#3633,#3627));
#3635=IFCFACEOUTERBOUND(#3634,.T.);
#3636=IFCFACE((#3635));
#3637=IFCPOLYLOOP((#3460,#3453,#3441));
#3638=IFCFACEOUTERBOUND(#3637,.T.);
#3639=IFCFACE((#3638));
#3640=IFCPOLYLOOP((#3441,#3433,#3460));
#3641=IFCFACEOUTERBOUND(#3640,.T.);
#3642=IFCFACE((#3641));
#3643=IFCPOLYLOOP((#3460,#3629,#3453));
#3644=IFCFACEOUTERBOUND(#3643,.T.);
#3645=IFCFACE((#3644));
#3646=IFCPOLYLOOP((#3628,#3453,#3629));
#3647=IFCFACEOUTERBOUND(#3646,.T.);
#3648=IFCFACE((#3647));
#3649=IFCPOLYLOOP((#3433,#3633,#3460));
#3650=IFCFACEOUTERBOUND(#3649,.T.);
#3651=IFCFACE((#3650));
#3652=IFCPOLYLOOP((#3629,#3460,#3633));
#3653=IFCFACEOUTERBOUND(#3652,.T.);
#3654=IFCFACE((#3653));
#3655=IFCPOLYLOOP((#3441,#3627,#3633));
#3656=IFCFACEOUTERBOUND(#3655,.T.);
#3657=IFCFACE((#3656));
#3658=IFCPOLYLOOP((#3633,#3433,#3441));
#3659=IFCFACEOUTERBOUND(#3658,.T.);
#3660=IFCFACE((#3659));
#3661=IFCPOLYLOOP((#3453,#3628,#3627));
#3662=IFCFACEOUTERBOUND(#3661,.T.);
#3663=IFCFACE((#3662));
#3664=IFCPOLYLOOP((#3627,#3441,#3453));
#3665=IFCFACEOUTERBOUND(#3664,.T.);
#3666=IFCFACE((#3665));
#3667=IFCCLOSEDSHELL((#1004,#1009,#1012,#1016,#1020,#1026,#1029,#1034,#1037,#1040,#1045,#1049,#1053,#1056,#1060,#1065,#1070,#1074,#1078,#1081,#1084,#1088,#1093,#1096,#1100,#1103,#1107,#1111,#1114,#1117,#1121,#1124,#1128,#1131,#1136,#1139,#1143,#1146,#1151,#1154,#1157,#1160,#1164,#1167,#1170,#1173,#1177,#1180,#1184,#1187,#1192,#1195,#1198,#1201,#1205,#1208,#1211,#1215,#1220,#1223,#1227,#1230,#1235,#1238,#1241,#1244,#1247,#1250,#1253,#1256,#1260,#1265,#1271,#1275,#1279,#1282,#1286,#1289,#1292,#1295,#1301,#1306,#1309,#1312,#1318,#1321,#1326,#1332,#1338,#1341,#1344,#1347,#1352,#1355,#1359,#1363,#1367,#1370,#1374,#1377,#1382,#1385,#1388,#1391,#1395,#1398,#1401,#1404,#1407,#1411,#1414,#1417,#1420,#1423,#1426,#1429,#1432,#1435,#1438,#1442,#1445,#1448,#1451,#1454,#1457,#1460,#1464,#1467,#1473,#1477,#1481,#1484,#1489,#1492,#1496,#1499,#1502,#1505,#1509,#1512,#1516,#1519,#1522,#1525,#1528,#1531,#1534,#1537,#1542,#1545,#1548,#1551,#1554,#1558,#1561,#1564,#1567,#1571,#1576,#1580,#1583,#1586,#1590,#1593,#1596,#1599,#1602,#1606,#1609,#1612,#1615,#1618,#1621,#1624,#1627,#1630,#1633,#1636,#1639,#1642,#1645,#1648,#1654,#1659,#1664,#1667,#1671,#1675,#1679,#1684,#1687,#1690,#1694,#1698,#1702,#1708,#1711,#1714,#1719,#1723,#1728,#1731,#1734,#1738,#1741,#1744,#1747,#1750,#1753,#1756,#1759,#1762,#1765,#1768,#1771,#1774,#1777,#1780,#1783,#1786,#1789,#1792,#1795,#1798,#1801,#1804,#1807,#1810,#1813,#1816,#1819,#1822,#1825,#1828,#1831,#1834,#1837,#1840,#1843,#1846,#1849,#1852,#1855,#1858,#1861,#1864,#1867,#1870,#1873,#1876,#1879,#1882,#1888,#1893,#1896,#1900,#1905,#1909,#1912,#1917,#1920,#1924,#1929,#1933,#1937,#1941,#1945,#1949,#1955,#1958,#1963,#1966,#1969,#1972,#1978,#1982,#1987,#1990,#1994,#1999,#2002,#2007,#2011,#2014,#2019,#2023,#2028,#2032,#2036,#2040,#2045,#2048,#2052,#2055,#2059,#2062,#2065,#2068,#2071,#2074,#2077,#2080,#2083,#2086,#2089,#2092,#2095,#2098,#2101,#2104,#2107,#2110,#2113,#2116,#2119,#2122,#2125,#2128,#2131,#2134,#2137,#2140,#2143,#2146,#2149,#2152,#2155,#2158,#2161,#2164,#2167,#2170,#2173,#2176,#2179,#2182,#2185,#2188,#2191,#2194,#2197,#2200,#2203,#2206,#2212,#2217,#2221,#2224,#2229,#2234,#2238,#2242,#2245,#2248,#2252,#2256,#2260,#2266,#2269,#2272,#2277,#2281,#2286,#2289,#2292,#2296,#2301,#2304,#2308,#2311,#2315,#2319,#2322,#2325,#2328,#2332,#2335,#2339,#2344,#2347,#2351,#2354,#2358,#2362,#2365,#2368,#2371,#2375,#2378,#2381,#2385,#2388,#2392,#2395,#2399,#2403,#2406,#2409,#2413,#2416,#2420,#2423,#2428,#2431,#2435,#2438,#2442,#2446,#2449,#2452,#2455,#2458,#2461,#2464,#2468,#2473,#2479,#2483,#2487,#2490,#2494,#2497,#2500,#2503,#2509,#2514,#2517,#2520,#2526,#2529,#2534,#2540,#2543,#2546,#2549,#2552,#2557,#2560,#2564,#2568,#2572,#2575,#2579,#2582,#2587,#2590,#2593,#2596,#2602,#2605,#2608,#2611,#2614,#2618,#2621,#2624,#2628,#2631,#2634,#2637,#2640,#2643,#2646,#2650,#2653,#2656,#2659,#2662,#2665,#2668,#2672,#2675,#2681,#2685,#2689,#2692,#2697,#2700,#2704,#2707,#2710,#2713,#2717,#2720,#2724,#2727,#2730,#2733,#2736,#2739,#2742,#2745,#2750,#2753,#2756,#2759,#2762,#2766,#2770,#2773,#2776,#2779,#2784,#2787,#2791,#2794,#2797,#2800,#2803,#2806,#2809,#2813,#2816,#2819,#2822,#2826,#2829,#2832,#2835,#2838,#2841,#2844,#2847,#2850,#2853,#2856,#2862,#2868,#2872,#2875,#2878,#2884,#2887,#2892,#2895,#2898,#2902,#2907,#2911,#2914,#2918,#2923,#2928,#2932,#2936,#2939,#2942,#2946,#2949,#2952,#2955,#2958,#2961,#2964,#2967,#2970,#2973,#2976,#2979,#2982,#2985,#2988,#2991,#2994,#2997,#3000,#3003,#3006,#3009,#3012,#3015,#3018,#3021,#3024,#3027,#3030,#3033,#3036,#3039,#3042,#3045,#3048,#3051,#3054,#3057,#3060,#3063,#3066,#3069,#3072,#3075,#3078,#3081,#3084,#3087,#3090,#3096,#3100,#3104,#3108,#3112,#3117,#3121,#3126,#3129,#3132,#3137,#3142,#3146,#3151,#3155,#3158,#3163,#3166,#3170,#3173,#3177,#3180,#3186,#3191,#3197,#3201,#3204,#3209,#3212,#3217,#3220,#3223,#3226,#3231,#3236,#3241,#3244,#3248,#3253,#3257,#3261,#3264,#3267,#3270,#3273,#3276,#3279,#3282,#3285,#3288,#3291,#3294,#3297,#3300,#3303,#3306,#3309,#3312,#3315,#3318,#3321,#3324,#3327,#3330,#3333,#3336,#3339,#3342,#3345,#3348,#3351,#3354,#3357,#3360,#3363,#3366,#3369,#3372,#3375,#3378,#3381,#3384,#3387,#3390,#3393,#3396,#3399,#3402,#3405,#3408,#3411,#3414,#3420,#3424,#3429,#3432,#3436,#3440,#3444,#3448,#3451,#3456,#3459,#3464,#3468,#3471,#3475,#3478,#3484,#3489,#3492,#3495,#3498,#3501,#3505,#3508,#3514,#3519,#3522,#3525,#3528,#3531,#3535,#3538,#3541,#3545,#3548,#3553,#3557,#3560,#3563,#3566,#3569,#3572,#3575,#3578,#3581,#3584,#3587,#3590,#3593,#3596,#3599,#3602,#3605,#3608,#3611,#3614,#3617,#3620,#3623,#3626,#3632,#3636,#3639,#3642,#3645,#3648,#3651,#3654,#3657,#3660,#3663,#3666));
#3668=IFCFACETEDBREP(#3667);
#3669=IFCCOLOURRGB($,0.67843137254901964,0.51764705882352946,0.37647058823529411);
#3670=IFCSURFACESTYLERENDERING(#3669,0.,$,$,$,$,IFCNORMALISEDRATIOMEASURE(0.5),IFCSPECULAREXPONENT(64.),.NOTDEFINED.);
#3671=IFCSURFACESTYLE('Wood - Birch 2269',.BOTH.,(#3670));
#3672=IFCPRESENTATIONSTYLEASSIGNMENT((#3671));
#3673=IFCSTYLEDITEM(#3668,(#3672),$);
#3674=IFCSHAPEREPRESENTATION(#24,'Body','Brep',(#3668));
#3675=IFCAXIS2PLACEMENT3D(#3,$,$);
#3676=IFCREPRESENTATIONMAP(#3675,#3674);
#3677=IFCDOORLININGPROPERTIES('3y$1jK8AT69uZZXVYxo5hE',#18,'Door-Passage-Single-Flush:36" x 84":36" x 84" : Door-Passage-Single-Flush:36" x 84":36" x 84":36" x 84" : Door-Passage-Single-Flush:36" x 84" : Door-Passage-Single-Flush:36" x 84":36" x 84" : Door-Passage-Single-Flush:36" x 84":36" x 84":36" x 84" : Door-Passage-Single-Flush:36" x 84":36" x 84":36" x 84" : Door-Passage-Single-Flush:36" x 84" : Door-Passage-Single-Flush:36" x 84":36" x 84" : Door-Passage-Single-Flush:36" x 84" : Door-Passage-Single-Flush:36" x 84":36" x 84" : Door-Passage-Single-Flush:36" x 84":36" x 84":36" x 84" : Door-Passage-Single-Flush:36" x 84" : Door-Passage-Single-Flush:36" x 84":36" x 84" : Door-Passage-Single-Flush:36" x 84":1201623',$,$,$,$,$,$,$,$,$,$,$,$);
#3678=IFCDOORPANELPROPERTIES('3y$1jK8AT69uZZXVkxo5hE',#18,'Door-Passage-Single-Flush:36" x 84":36" x 84" : Door-Passage-Single-Flush:36" x 84":36" x 84":36" x 84" : Door-Passage-Single-Flush:36" x 84" : Door-Passage-Single-Flush:36" x 84":36" x 84" : Door-Passage-Single-Flush:36" x 84":36" x 84":36" x 84" : Door-Passage-Single-Flush:36" x 84":36" x 84":36" x 84" : Door-Passage-Single-Flush:36" x 84" : Door-Passage-Single-Flush:36" x 84":36" x 84" : Door-Passage-Single-Flush:36" x 84" : Door-Passage-Single-Flush:36" x 84":36" x 84" : Door-Passage-Single-Flush:36" x 84":36" x 84":36" x 84" : Door-Passage-Single-Flush:36" x 84" : Door-Passage-Single-Flush:36" x 84":36" x 84" : Door-Passage-Single-Flush:36" x 84":1201623:1',$,$,.SWINGING.,$,.NOTDEFINED.,$);
#3679=IFCDOORSTYLE('3H$SWa5gRxRxIDCWFjx8af',#18,'Door-Passage-Single-Flush:36" x 84":36" x 84" : Door-Passage-Single-Flush:36" x 84":36" x 84":36" x 84" : Door-Passage-Single-Flush:36" x 84" : Door-Passage-Single-Flush:36" x 84":36" x 84" : Door-Passage-Single-Flush:36" x 84":1201623',$,$,(#3677,#3678,#3697,#3698),(#3676),'1200730',.SINGLE_SWING_RIGHT.,.NOTDEFINED.,.F.,.F.);
#3680=IFCMATERIAL('Wood - Birch 2269');
#3681=IFCPRESENTATIONSTYLEASSIGNMENT((#3671));
#3682=IFCSTYLEDITEM($,(#3681),$);
#3683=IFCSTYLEDREPRESENTATION(#22,'Style','Material',(#3682));
#3684=IFCMATERIALDEFINITIONREPRESENTATION($,$,(#3683),#3680);
#3685=IFCMAPPEDITEM(#3676,#379);
#3686=IFCSHAPEREPRESENTATION(#24,'Body','MappedRepresentation',(#3685));
#3687=IFCPRODUCTDEFINITIONSHAPE($,$,(#3686));
#3688=IFCCARTESIANPOINT((-1422.,-1221.261868,0.));
#3689=IFCAXIS2PLACEMENT3D(#3688,#9,#6);
#3691=IFCDOOR('0Qtcn7X097yu33tgJHTlYV',#18,'Door-Passage-Single-Flush:36" x 84":36" x 84" : Door-Passage-Single-Flush:36" x 84":36" x 84":36" x 84" : Door-Passage-Single-Flush:36" x 84" : Door-Passage-Single-Flush:36" x 84":36" x 84" : Door-Passage-Single-Flush:36" x 84":36" x 84":36" x 84" : Door-Passage-Single-Flush:36" x 84":36" x 84":36" x 84" : Door-Passage-Single-Flush:36" x 84" : Door-Passage-Single-Flush:36" x 84":36" x 84" : Door-Passage-Single-Flush:36" x 84" : Door-Passage-Single-Flush:36" x 84":36" x 84" : Door-Passage-Single-Flush:36" x 84":36" x 84":36" x 84" : Door-Passage-Single-Flush:36" x 84" : Door-Passage-Single-Flush:36" x 84":36" x 84" : Door-Passage-Single-Flush:36" x 84":1201623',$,'Door-Passage-Single-Flush:36" x 84":36" x 84" : Door-Passage-Single-Flush:36" x 84":36" x 84":36" x 84" : Door-Passage-Single-Flush:36" x 84" : Door-Passage-Single-Flush:36" x 84":36" x 84" : Door-Passage-Single-Flush:36" x 84":36" x 84":36" x 84" : Door-Passage-Single-Flush:36" x 84":36" x 84":36" x 84" : Door-Passage-Single-Flush:36" x 84" : Door-Passage-Single-Flush:36" x 84":36" x 84" : Door-Passage-Single-Flush:36" x 84" : Door-Passage-Single-Flush:36" x 84":36" x 84" : Door-Passage-Single-Flush:36" x 84":36" x 84":36" x 84" : Door-Passage-Single-Flush:36" x 84" : Door-Passage-Single-Flush:36" x 84":36" x 84" : Door-Passage-Single-Flush:36" x 84"',#5146,#3687,'1201623',2235.1999999999998,1016.0000000000002);
#3692=IFCPROPERTYSINGLEVALUE('Reference',$,IFCIDENTIFIER('36" x 84"'),$);
#3693=IFCPROPERTYSET('1rgQRx2tECVxPpvQJfwI0u',#18,'Pset_DoorCommon',$,(#744,#3692));
#3694=IFCPROPERTYSET('3Rqace0dsCdYeBTnT$TUSV',#18,'Pset_QuantityTakeOff',$,(#3692));
#3695=IFCRELDEFINESBYPROPERTIES('0zILX5d07qKKCZcl4DWMlp',#18,$,$,(#3691),#3693);
#3696=IFCRELDEFINESBYPROPERTIES('3NsGLcE85g7aTkWcAlA82k',#18,$,$,(#3691),#3694);
#3697=IFCPROPERTYSET('3OwfkUFRMSarCo$E75E9qz',#18,'Pset_DoorCommon',$,(#744,#3692));
#3698=IFCPROPERTYSET('32EY2c4X50GUcn34MbHKMo',#18,'Pset_QuantityTakeOff',$,(#3692));
#3699=IFCCARTESIANPOINT((876.29999999993265,-12.761868000000192,1181.1000000000436));
#3700=IFCCARTESIANPOINT((38.099999999903893,-12.761868000000192,1181.1000000000436));
#3701=IFCCARTESIANPOINT((38.099999999903893,-19.111867999894319,1181.1000000000436));
#3702=IFCCARTESIANPOINT((876.29999999993265,-19.111867999894319,1181.1000000000436));
#3703=IFCPOLYLOOP((#3699,#3700,#3701,#3702));
#3704=IFCFACEOUTERBOUND(#3703,.T.);
#3705=IFCFACE((#3704));
#3706=IFCCARTESIANPOINT((876.29999999993265,-12.761868000000192,38.099999999996754));
#3707=IFCCARTESIANPOINT((38.099999999903893,-12.761868000000192,38.099999999996754));
#3708=IFCPOLYLOOP((#3700,#3699,#3706,#3707));
#3709=IFCFACEOUTERBOUND(#3708,.T.);
#3710=IFCFACE((#3709));
#3711=IFCCARTESIANPOINT((38.099999999903893,-19.111867999894319,38.099999999996754));
#3712=IFCPOLYLOOP((#3701,#3700,#3707,#3711));
#3713=IFCFACEOUTERBOUND(#3712,.T.);
#3714=IFCFACE((#3713));
#3715=IFCCARTESIANPOINT((876.29999999993265,-19.111867999894319,38.099999999996754));
#3716=IFCPOLYLOOP((#3702,#3701,#3711,#3715));
#3717=IFCFACEOUTERBOUND(#3716,.T.);
#3718=IFCFACE((#3717));
#3719=IFCPOLYLOOP((#3699,#3702,#3715,#3706));
#3720=IFCFACEOUTERBOUND(#3719,.T.);
#3721=IFCFACE((#3720));
#3722=IFCPOLYLOOP((#3706,#3715,#3711,#3707));
#3723=IFCFACEOUTERBOUND(#3722,.T.);
#3724=IFCFACE((#3723));
#3725=IFCCARTESIANPOINT((38.099999999904036,-31.811868000003848,38.099999999996754));
#3726=IFCCARTESIANPOINT((38.099999999904036,-25.461867999911149,38.099999999996754));
#3727=IFCCARTESIANPOINT((876.29999999993265,-25.461867999911149,38.099999999996754));
#3728=IFCCARTESIANPOINT((876.29999999993265,-31.811868000003848,38.099999999996754));
#3729=IFCPOLYLOOP((#3725,#3726,#3727,#3728));
#3730=IFCFACEOUTERBOUND(#3729,.T.);
#3731=IFCFACE((#3730));
#3732=IFCCARTESIANPOINT((876.29999999993265,-31.811868000003848,1181.1000000000436));
#3733=IFCCARTESIANPOINT((38.099999999904036,-31.811868000003848,1181.1000000000436));
#3734=IFCPOLYLOOP((#3732,#3733,#3725,#3728));
#3735=IFCFACEOUTERBOUND(#3734,.T.);
#3736=IFCFACE((#3735));
#3737=IFCCARTESIANPOINT((876.29999999993265,-25.461867999911149,1181.1000000000436));
#3738=IFCPOLYLOOP((#3737,#3732,#3728,#3727));
#3739=IFCFACEOUTERBOUND(#3738,.T.);
#3740=IFCFACE((#3739));
#3741=IFCCARTESIANPOINT((38.099999999904036,-25.461867999911149,1181.1000000000436));
#3742=IFCPOLYLOOP((#3741,#3737,#3727,#3726));
#3743=IFCFACEOUTERBOUND(#3742,.T.);
#3744=IFCFACE((#3743));
#3745=IFCPOLYLOOP((#3733,#3741,#3726,#3725));
#3746=IFCFACEOUTERBOUND(#3745,.T.);
#3747=IFCFACE((#3746));
#3748=IFCPOLYLOOP((#3733,#3732,#3737,#3741));
#3749=IFCFACEOUTERBOUND(#3748,.T.);
#3750=IFCFACE((#3749));
#3751=IFCCARTESIANPOINT((876.29999999993231,-44.511868000006139,38.099999999996584));
#3752=IFCCARTESIANPOINT((876.29999999993277,-0.061868000006361348,38.099999999996584));
#3753=IFCCARTESIANPOINT((38.099999999904036,-0.061868000003654181,38.099999999996584));
#3754=IFCCARTESIANPOINT((38.099999999903623,-44.511868000002821,38.099999999996584));
#3755=IFCPOLYLOOP((#3751,#3752,#3753,#3754));
#3756=IFCFACEOUTERBOUND(#3755,.T.);
#3757=IFCFACE((#3756));
#3758=IFCCARTESIANPOINT((901.69999999992876,-0.061868000006530546,12.70000000000009));
#3759=IFCCARTESIANPOINT((901.69999999992899,-44.511868000006309,12.70000000000009));
#3760=IFCCARTESIANPOINT((12.699999999907234,-44.511868000003467,12.70000000000009));
#3761=IFCCARTESIANPOINT((12.699999999907167,-0.06186800000301123,12.70000000000009));
#3762=IFCPOLYLOOP((#3758,#3759,#3760,#3761));
#3763=IFCFACEOUTERBOUND(#3762,.T.);
#3764=IFCFACE((#3763));
#3765=IFCCARTESIANPOINT((38.099999999904036,-0.061868000003688021,1181.1000000000527));
#3766=IFCCARTESIANPOINT((38.099999999903623,-44.511868000002856,1181.1000000000527));
#3767=IFCPOLYLOOP((#3754,#3753,#3765,#3766));
#3768=IFCFACEOUTERBOUND(#3767,.T.);
#3769=IFCFACE((#3768));
#3770=IFCCARTESIANPOINT((12.699999999907302,-44.511868000003467,1206.5000000000489));
#3771=IFCCARTESIANPOINT((12.699999999907234,-0.06186800000301123,1206.5000000000489));
#3772=IFCPOLYLOOP((#3761,#3760,#3770,#3771));
#3773=IFCFACEOUTERBOUND(#3772,.T.);
#3774=IFCFACE((#3773));
#3775=IFCCARTESIANPOINT((876.29999999993265,-0.061868000006361348,1181.1000000000527));
#3776=IFCCARTESIANPOINT((876.29999999993231,-44.511868000006139,1181.1000000000527));
#3777=IFCPOLYLOOP((#3766,#3765,#3775,#3776));
#3778=IFCFACEOUTERBOUND(#3777,.T.);
#3779=IFCFACE((#3778));
#3780=IFCCARTESIANPOINT((901.69999999992876,-44.511868000006309,1206.5000000000489));
#3781=IFCCARTESIANPOINT((901.69999999992899,-0.061868000006530546,1206.5000000000489));
#3782=IFCPOLYLOOP((#3771,#3770,#3780,#3781));
#3783=IFCFACEOUTERBOUND(#3782,.T.);
#3784=IFCFACE((#3783));
#3785=IFCPOLYLOOP((#3776,#3775,#3752,#3751));
#3786=IFCFACEOUTERBOUND(#3785,.T.);
#3787=IFCFACE((#3786));
#3788=IFCPOLYLOOP((#3759,#3780,#3770,#3760));
#3789=IFCFACEOUTERBOUND(#3788,.T.);
#3790=IFCPOLYLOOP((#3754,#3766,#3776,#3751));
#3791=IFCFACEBOUND(#3790,.T.);
#3792=IFCFACE((#3789,#3791));
#3793=IFCPOLYLOOP((#3781,#3780,#3759,#3758));
#3794=IFCFACEOUTERBOUND(#3793,.T.);
#3795=IFCFACE((#3794));
#3796=IFCPOLYLOOP((#3761,#3771,#3781,#3758));
#3797=IFCFACEOUTERBOUND(#3796,.T.);
#3798=IFCPOLYLOOP((#3752,#3775,#3765,#3753));
#3799=IFCFACEBOUND(#3798,.T.);
#3800=IFCFACE((#3797,#3799));
#3801=IFCCARTESIANPOINT((0.,-429.76186800000028,1219.200000000003));
#3802=IFCCARTESIANPOINT((0.,-429.76186800000028,0.));
#3803=IFCCARTESIANPOINT((914.39999999999804,-429.76186800000028,0.));
#3804=IFCCARTESIANPOINT((914.39999999999804,-429.76186800000028,1219.200000000003));
#3805=IFCCARTESIANPOINT((901.69999999992865,-429.76186800000028,1206.5000000000487));
#3806=IFCCARTESIANPOINT((901.69999999992865,-429.76186800000028,12.700000000000767));
#3807=IFCCARTESIANPOINT((12.699999999907911,-429.76186800000028,12.700000000000767));
#3808=IFCCARTESIANPOINT((12.699999999907911,-429.76186800000028,1206.5000000000487));
#3809=IFCPOLYLOOP((#3801,#3802,#3803,#3804));
#3810=IFCFACEOUTERBOUND(#3809,.T.);
#3811=IFCPOLYLOOP((#3805,#3806,#3807,#3808));
#3812=IFCFACEBOUND(#3811,.T.);
#3813=IFCFACE((#3810,#3812));
#3814=IFCCARTESIANPOINT((0.,-108.01186800000012,1219.200000000003));
#3815=IFCCARTESIANPOINT((914.39999999999804,-108.01186800000012,1219.200000000003));
#3816=IFCCARTESIANPOINT((914.39999999999804,-108.01186800000012,0.));
#3817=IFCCARTESIANPOINT((0.,-108.01186800000012,0.));
#3818=IFCCARTESIANPOINT((901.69999999992865,-108.01186800000012,1206.5000000000487));
#3819=IFCCARTESIANPOINT((12.699999999907911,-108.01186800000012,1206.5000000000487));
#3820=IFCCARTESIANPOINT((12.699999999907911,-108.01186800000012,12.700000000000767));
#3821=IFCCARTESIANPOINT((901.69999999992865,-108.01186800000012,12.700000000000767));
#3822=IFCPOLYLOOP((#3814,#3815,#3816,#3817));
#3823=IFCFACEOUTERBOUND(#3822,.T.);
#3824=IFCPOLYLOOP((#3818,#3819,#3820,#3821));
#3825=IFCFACEBOUND(#3824,.T.);
#3826=IFCFACE((#3823,#3825));
#3827=IFCPOLYLOOP((#3802,#3801,#3814,#3817));
#3828=IFCFACEOUTERBOUND(#3827,.T.);
#3829=IFCFACE((#3828));
#3830=IFCPOLYLOOP((#3803,#3802,#3817,#3816));
#3831=IFCFACEOUTERBOUND(#3830,.T.);
#3832=IFCFACE((#3831));
#3833=IFCPOLYLOOP((#3804,#3803,#3816,#3815));
#3834=IFCFACEOUTERBOUND(#3833,.T.);
#3835=IFCFACE((#3834));
#3836=IFCPOLYLOOP((#3801,#3804,#3815,#3814));
#3837=IFCFACEOUTERBOUND(#3836,.T.);
#3838=IFCFACE((#3837));
#3839=IFCPOLYLOOP((#3806,#3805,#3818,#3821));
#3840=IFCFACEOUTERBOUND(#3839,.T.);
#3841=IFCFACE((#3840));
#3842=IFCPOLYLOOP((#3807,#3806,#3821,#3820));
#3843=IFCFACEOUTERBOUND(#3842,.T.);
#3844=IFCFACE((#3843));
#3845=IFCPOLYLOOP((#3808,#3807,#3820,#3819));
#3846=IFCFACEOUTERBOUND(#3845,.T.);
#3847=IFCFACE((#3846));
#3848=IFCPOLYLOOP((#3805,#3808,#3819,#3818));
#3849=IFCFACEOUTERBOUND(#3848,.T.);
#3850=IFCFACE((#3849));
#3851=IFCCARTESIANPOINT((914.40000000000373,6.2881319999918901,1219.1999999999982));
#3852=IFCCARTESIANPOINT((0.,6.2881319999948682,1219.1999999999982));
#3853=IFCPOLYLOOP((#3815,#3851,#3852,#3814));
#3854=IFCFACEOUTERBOUND(#3853,.T.);
#3855=IFCFACE((#3854));
#3856=IFCCARTESIANPOINT((0.,6.2881319999948682,0.));
#3857=IFCPOLYLOOP((#3814,#3852,#3856,#3817));
#3858=IFCFACEOUTERBOUND(#3857,.T.);
#3859=IFCFACE((#3858));
#3860=IFCCARTESIANPOINT((914.40000000000384,6.2881319999918901,0.));
#3861=IFCPOLYLOOP((#3817,#3856,#3860,#3816));
#3862=IFCFACEOUTERBOUND(#3861,.T.);
#3863=IFCFACE((#3862));
#3864=IFCCARTESIANPOINT((882.65000000006705,-108.01186800000012,1187.4500000000619));
#3865=IFCCARTESIANPOINT((882.65000000006683,-108.01186800000012,31.749999999934037));
#3866=IFCCARTESIANPOINT((31.749999999936744,-108.01186800000012,31.749999999933767));
#3867=IFCCARTESIANPOINT((31.749999999936879,-108.01186800000012,1187.4500000000619));
#3868=IFCPOLYLOOP((#3814,#3817,#3816,#3815));
#3869=IFCFACEOUTERBOUND(#3868,.T.);
#3870=IFCPOLYLOOP((#3864,#3865,#3866,#3867));
#3871=IFCFACEBOUND(#3870,.T.);
#3872=IFCFACE((#3869,#3871));
#3873=IFCPOLYLOOP((#3816,#3860,#3851,#3815));
#3874=IFCFACEOUTERBOUND(#3873,.T.);
#3875=IFCFACE((#3874));
#3876=IFCCARTESIANPOINT((12.700000000000903,6.2881319999948344,1206.499999999998));
#3877=IFCCARTESIANPOINT((12.700000000001038,6.2881319999948344,12.69999999999779));
#3878=IFCCARTESIANPOINT((901.70000000000391,6.2881319999919247,12.699999999997519));
#3879=IFCCARTESIANPOINT((901.70000000000368,6.2881319999919247,1206.499999999998));
#3880=IFCPOLYLOOP((#3851,#3860,#3856,#3852));
#3881=IFCFACEOUTERBOUND(#3880,.T.);
#3882=IFCPOLYLOOP((#3876,#3877,#3878,#3879));
#3883=IFCFACEBOUND(#3882,.T.);
#3884=IFCFACE((#3881,#3883));
#3885=IFCCARTESIANPOINT((882.65000000006739,-44.511868000006309,1187.4500000000619));
#3886=IFCCARTESIANPOINT((31.749999999937149,-44.511868000003126,1187.4500000000619));
#3887=IFCPOLYLOOP((#3885,#3864,#3867,#3886));
#3888=IFCFACEOUTERBOUND(#3887,.T.);
#3889=IFCFACE((#3888));
#3890=IFCPOLYLOOP((#3879,#3780,#3770,#3876));
#3891=IFCFACEOUTERBOUND(#3890,.T.);
#3892=IFCFACE((#3891));
#3893=IFCCARTESIANPOINT((31.749999999937014,-44.511868000003126,31.749999999933767));
#3894=IFCPOLYLOOP((#3886,#3867,#3866,#3893));
#3895=IFCFACEOUTERBOUND(#3894,.T.);
#3896=IFCFACE((#3895));
#3897=IFCPOLYLOOP((#3876,#3770,#3760,#3877));
#3898=IFCFACEOUTERBOUND(#3897,.T.);
#3899=IFCFACE((#3898));
#3900=IFCCARTESIANPOINT((882.65000000006705,-44.511868000006238,31.749999999934037));
#3901=IFCPOLYLOOP((#3893,#3866,#3865,#3900));
#3902=IFCFACEOUTERBOUND(#3901,.T.);
#3903=IFCFACE((#3902));
#3904=IFCPOLYLOOP((#3877,#3760,#3759,#3878));
#3905=IFCFACEOUTERBOUND(#3904,.T.);
#3906=IFCFACE((#3905));
#3907=IFCPOLYLOOP((#3900,#3865,#3864,#3885));
#3908=IFCFACEOUTERBOUND(#3907,.T.);
#3909=IFCFACE((#3908));
#3910=IFCPOLYLOOP((#3780,#3759,#3760,#3770));
#3911=IFCFACEOUTERBOUND(#3910,.T.);
#3912=IFCPOLYLOOP((#3886,#3893,#3900,#3885));
#3913=IFCFACEBOUND(#3912,.T.);
#3914=IFCFACE((#3911,#3913));
#3915=IFCPOLYLOOP((#3878,#3759,#3780,#3879));
#3916=IFCFACEOUTERBOUND(#3915,.T.);
#3917=IFCFACE((#3916));
#3918=IFCCLOSEDSHELL((#3705,#3710,#3714,#3718,#3721,#3724,#3731,#3736,#3740,#3744,#3747,#3750,#3757,#3764,#3769,#3774,#3779,#3784,#3787,#3792,#3795,#3800,#3813,#3826,#3829,#3832,#3835,#3838,#3841,#3844,#3847,#3850,#3855,#3859,#3863,#3872,#3875,#3884,#3889,#3892,#3896,#3899,#3903,#3906,#3909,#3914,#3917));
#3919=IFCFACETEDBREP(#3918);
#3920=IFCSTYLEDITEM(#3919,(#368),$);
#3921=IFCSHAPEREPRESENTATION(#24,'Body','Brep',(#3919));
#3922=IFCAXIS2PLACEMENT3D(#3,$,$);
#3923=IFCREPRESENTATIONMAP(#3922,#3921);
#3924=IFCWINDOWLININGPROPERTIES('3y$1jK8AT69uZZXVYxo5h1',#18,'Window-Fixed:36" x 48":36" x 48" : Window-Fixed:36" x 48":36" x 48":36" x 48" : Window-Fixed:36" x 48" : Window-Fixed:36" x 48":36" x 48" : Window-Fixed:36" x 48":36" x 48":36" x 48" : Window-Fixed:36" x 48":36" x 48":36" x 48" : Window-Fixed:36" x 48" : Window-Fixed:36" x 48":36" x 48" : Window-Fixed:36" x 48" : Window-Fixed:36" x 48":36" x 48" : Window-Fixed:36" x 48":36" x 48":36" x 48" : Window-Fixed:36" x 48" : Window-Fixed:36" x 48":36" x 48" : Window-Fixed:36" x 48":1201624',$,$,$,$,$,$,$,$,$,$);
#3925=IFCWINDOWSTYLE('3J9nVZuakhiPXzcBDF6OZo',#18,'Window-Fixed:36" x 48":36" x 48" : Window-Fixed:36" x 48":36" x 48":36" x 48" : Window-Fixed:36" x 48" : Window-Fixed:36" x 48":36" x 48" : Window-Fixed:36" x 48":1201624',$,$,(#3924,#3939,#3941),(#3923),'1201017',.NOTDEFINED.,.NOTDEFINED.,.F.,.F.);
#3926=IFCMAPPEDITEM(#3923,#379);
#3927=IFCSHAPEREPRESENTATION(#24,'Body','MappedRepresentation',(#3926));
#3928=IFCPRODUCTDEFINITIONSHAPE($,$,(#3927));
#3929=IFCCARTESIANPOINT((-4221.2618680000005,4377.0999999999813,914.39999999999941));
#3930=IFCAXIS2PLACEMENT3D(#3929,#9,#7);
#3932=IFCWINDOW('0Qtcn7X097yu33tgJHTkS_',#18,'Window-Fixed:36" x 48":36" x 48" : Window-Fixed:36" x 48":36" x 48":36" x 48" : Window-Fixed:36" x 48" : Window-Fixed:36" x 48":36" x 48" : Window-Fixed:36" x 48":36" x 48":36" x 48" : Window-Fixed:36" x 48":36" x 48":36" x 48" : Window-Fixed:36" x 48" : Window-Fixed:36" x 48":36" x 48" : Window-Fixed:36" x 48" : Window-Fixed:36" x 48":36" x 48" : Window-Fixed:36" x 48":36" x 48":36" x 48" : Window-Fixed:36" x 48" : Window-Fixed:36" x 48":36" x 48" : Window-Fixed:36" x 48":1201624',$,'Window-Fixed:36" x 48":36" x 48" : Window-Fixed:36" x 48":36" x 48":36" x 48" : Window-Fixed:36" x 48" : Window-Fixed:36" x 48":36" x 48" : Window-Fixed:36" x 48":36" x 48":36" x 48" : Window-Fixed:36" x 48":36" x 48":36" x 48" : Window-Fixed:36" x 48" : Window-Fixed:36" x 48":36" x 48" : Window-Fixed:36" x 48" : Window-Fixed:36" x 48":36" x 48" : Window-Fixed:36" x 48":36" x 48":36" x 48" : Window-Fixed:36" x 48" : Window-Fixed:36" x 48":36" x 48" : Window-Fixed:36" x 48"',#5167,#3928,'1201624',1219.2000000000016,914.39999999999952);
#3933=IFCPROPERTYSINGLEVALUE('Reference',$,IFCIDENTIFIER('36" x 48"'),$);
#3934=IFCPROPERTYSET('2o09rifkP6JqcD62cr2Og5',#18,'Pset_QuantityTakeOff',$,(#3933));
#3935=IFCPROPERTYSINGLEVALUE('FireRating',$,IFCLABEL('0.5h'),$);
#3936=IFCPROPERTYSET('0Ut6XGUuGxJzkTFd7LY7XF',#18,'Pset_WindowCommon',$,(#744,#3933,#3935));
#3937=IFCRELDEFINESBYPROPERTIES('3UerjiEZkZqPffCn7NkQQY',#18,$,$,(#3932),#3934);
#3938=IFCRELDEFINESBYPROPERTIES('3Djlm6nAFyeklkHJlM_jbX',#18,$,$,(#3932),#3936);
#3939=IFCPROPERTYSET('28tpjsUHfh4sS9kQrGdufy',#18,'Pset_QuantityTakeOff',$,(#3933));
#3940=IFCPROPERTYSINGLEVALUE('FireRating',$,IFCLABEL('0.5h'),$);
#3941=IFCPROPERTYSET('2Mxz6bFaDmIju3xHZRJ93H',#18,'Pset_WindowCommon',$,(#744,#3933,#3940));
#3942=IFCMAPPEDITEM(#3923,#379);
#3943=IFCSHAPEREPRESENTATION(#24,'Body','MappedRepresentation',(#3942));
#3944=IFCPRODUCTDEFINITIONSHAPE($,$,(#3943));
#3945=IFCCARTESIANPOINT((-4221.2618680000005,708.49999999998693,914.39999999999941));
#3946=IFCAXIS2PLACEMENT3D(#3945,#9,#7);
#3948=IFCWINDOW('0Qtcn7X097yu33tgJHTkUm',#18,'Window-Fixed:36" x 48":36" x 48" : Window-Fixed:36" x 48":36" x 48":36" x 48" : Window-Fixed:36" x 48" : Window-Fixed:36" x 48":36" x 48" : Window-Fixed:36" x 48":36" x 48":36" x 48" : Window-Fixed:36" x 48":36" x 48":36" x 48" : Window-Fixed:36" x 48" : Window-Fixed:36" x 48":36" x 48" : Window-Fixed:36" x 48" : Window-Fixed:36" x 48":36" x 48" : Window-Fixed:36" x 48":36" x 48":36" x 48" : Window-Fixed:36" x 48" : Window-Fixed:36" x 48":36" x 48" : Window-Fixed:36" x 48":1201625',$,'Window-Fixed:36" x 48":36" x 48" : Window-Fixed:36" x 48":36" x 48":36" x 48" : Window-Fixed:36" x 48" : Window-Fixed:36" x 48":36" x 48" : Window-Fixed:36" x 48":36" x 48":36" x 48" : Window-Fixed:36" x 48":36" x 48":36" x 48" : Window-Fixed:36" x 48" : Window-Fixed:36" x 48":36" x 48" : Window-Fixed:36" x 48" : Window-Fixed:36" x 48":36" x 48" : Window-Fixed:36" x 48":36" x 48":36" x 48" : Window-Fixed:36" x 48" : Window-Fixed:36" x 48":36" x 48" : Window-Fixed:36" x 48"',#5188,#3944,'1201625',1219.2000000000016,914.39999999999952);
#3949=IFCPROPERTYSET('2PEOpzVGeWHo2p9MkgEJZW',#18,'Pset_QuantityTakeOff',$,(#3933));
#3950=IFCPROPERTYSINGLEVALUE('FireRating',$,IFCLABEL('0.5h'),$);
#3951=IFCPROPERTYSET('1cil35sLf_G7S_Pv$_7A2$',#18,'Pset_WindowCommon',$,(#744,#3933,#3950));
#3952=IFCRELDEFINESBYPROPERTIES('02UbkWR$UIiULCIxkBO$w7',#18,$,$,(#3948),#3949);
#3953=IFCRELDEFINESBYPROPERTIES('1YN8fbL4Ug$BcniCqAM$f$',#18,$,$,(#3948),#3951);
#3954=IFCCARTESIANPOINT((6434.3428411517425,-1208.5000000000257));
#3955=IFCCARTESIANPOINT((-5805.2589419698988,-1208.4999999999861));
#3956=IFCPOLYLINE((#3954,#3955));
#3957=IFCGRIDAXIS('8',#3956,.T.);
#3958=IFCGEOMETRICCURVESET((#3956));
#3959=IFCCOLOURRGB($,0.,0.,0.);
#3960=IFCCURVESTYLE($,$,$,#3959);
#3961=IFCPRESENTATIONSTYLEASSIGNMENT((#3960));
#3962=IFCSTYLEDITEM(#3958,(#3961),$);
#3963=IFCCARTESIANPOINT((6434.3428411517689,7208.4999999999718));
#3964=IFCCARTESIANPOINT((-5805.2589419698706,7208.5000000000082));
#3965=IFCPOLYLINE((#3963,#3964));
#3966=IFCGRIDAXIS('10',#3965,.T.);
#3967=IFCGEOMETRICCURVESET((#3965));
#3968=IFCCOLOURRGB($,0.,0.,0.);
#3969=IFCCURVESTYLE($,$,$,#3968);
#3970=IFCPRESENTATIONSTYLEASSIGNMENT((#3969));
#3971=IFCSTYLEDITEM(#3967,(#3970),$);
#3972=IFCCARTESIANPOINT((152400.,2874.));
#3973=IFCCARTESIANPOINT((-152798.57246912955,2874.));
#3974=IFCPOLYLINE((#3972,#3973));
#3975=IFCGRIDAXIS('15',#3974,.T.);
#3976=IFCGEOMETRICCURVESET((#3974));
#3977=IFCCOLOURRGB($,0.,0.,0.);
#3978=IFCCURVESTYLE($,$,$,#3977);
#3979=IFCPRESENTATIONSTYLEASSIGNMENT((#3978));
#3980=IFCSTYLEDITEM(#3976,(#3979),$);
#3981=IFCCARTESIANPOINT((152400.,3126.));
#3982=IFCCARTESIANPOINT((-152798.57246912955,3126.));
#3983=IFCPOLYLINE((#3981,#3982));
#3984=IFCGRIDAXIS('16',#3983,.T.);
#3985=IFCGEOMETRICCURVESET((#3983));
#3986=IFCCOLOURRGB($,0.,0.,0.);
#3987=IFCCURVESTYLE($,$,$,#3986);
#3988=IFCPRESENTATIONSTYLEASSIGNMENT((#3987));
#3989=IFCSTYLEDITEM(#3985,(#3988),$);
#3990=IFCCARTESIANPOINT((4336.7890850012127,2586.));
#3991=IFCCARTESIANPOINT((62.,2586.));
#3992=IFCPOLYLINE((#3990,#3991));
#3993=IFCGRIDAXIS('17',#3992,.T.);
#3994=IFCGEOMETRICCURVESET((#3992));
#3995=IFCCOLOURRGB($,0.,0.,0.);
#3996=IFCCURVESTYLE($,$,$,#3995);
#3997=IFCPRESENTATIONSTYLEASSIGNMENT((#3996));
#3998=IFCSTYLEDITEM(#3994,(#3997),$);
#3999=IFCCARTESIANPOINT((4336.7890850012154,3414.));
#4000=IFCCARTESIANPOINT((62.,3414.));
#4001=IFCPOLYLINE((#3999,#4000));
#4002=IFCGRIDAXIS('18',#4001,.T.);
#4003=IFCGEOMETRICCURVESET((#4001));
#4004=IFCCOLOURRGB($,0.,0.,0.);
#4005=IFCCURVESTYLE($,$,$,#4004);
#4006=IFCPRESENTATIONSTYLEASSIGNMENT((#4005));
#4007=IFCSTYLEDITEM(#4003,(#4006),$);
#4008=IFCCARTESIANPOINT((4208.5000000000136,9435.0061832160518));
#4009=IFCCARTESIANPOINT((4208.4999999999936,-2625.0728218227782));
#4010=IFCPOLYLINE((#4008,#4009));
#4011=IFCGRIDAXIS('9',#4010,.T.);
#4012=IFCGEOMETRICCURVESET((#4010));
#4013=IFCCOLOURRGB($,0.,0.,0.);
#4014=IFCCURVESTYLE($,$,$,#4013);
#4015=IFCPRESENTATIONSTYLEASSIGNMENT((#4014));
#4016=IFCSTYLEDITEM(#4012,(#4015),$);
#4017=IFCCARTESIANPOINT((-4208.4999999999864,9435.0061832160645));
#4018=IFCCARTESIANPOINT((-4208.5000000000064,-2625.072821822765));
#4019=IFCPOLYLINE((#4017,#4018));
#4020=IFCGRIDAXIS('7',#4019,.T.);
#4021=IFCGEOMETRICCURVESET((#4019));
#4022=IFCCOLOURRGB($,0.,0.,0.);
#4023=IFCCURVESTYLE($,$,$,#4022);
#4024=IFCPRESENTATIONSTYLEASSIGNMENT((#4023));
#4025=IFCSTYLEDITEM(#4021,(#4024),$);
#4026=IFCCARTESIANPOINT((62.,7650.8051367088028));
#4027=IFCCARTESIANPOINT((62.,-1100.4316020733406));
#4028=IFCPOLYLINE((#4026,#4027));
#4029=IFCGRIDAXIS('23',#4028,.T.);
#4030=IFCGEOMETRICCURVESET((#4028));
#4031=IFCCOLOURRGB($,0.,0.,0.);
#4032=IFCCURVESTYLE($,$,$,#4031);
#4033=IFCPRESENTATIONSTYLEASSIGNMENT((#4032));
#4034=IFCSTYLEDITEM(#4030,(#4033),$);
#4035=IFCCARTESIANPOINT((-62.,7650.8051367088028));
#4036=IFCCARTESIANPOINT((-62.,-1100.4316020733406));
#4037=IFCPOLYLINE((#4035,#4036));
#4038=IFCGRIDAXIS('24',#4037,.T.);
#4039=IFCGEOMETRICCURVESET((#4037));
#4040=IFCCOLOURRGB($,0.,0.,0.);
#4041=IFCCURVESTYLE($,$,$,#4040);
#4042=IFCPRESENTATIONSTYLEASSIGNMENT((#4041));
#4043=IFCSTYLEDITEM(#4039,(#4042),$);
#4044=IFCCARTESIANPOINT((1322.,-152400.));
#4045=IFCCARTESIANPOINT((1322.,152400.));
#4046=IFCPOLYLINE((#4044,#4045));
#4047=IFCGRIDAXIS('13',#4046,.T.);
#4048=IFCGEOMETRICCURVESET((#4046));
#4049=IFCCOLOURRGB($,0.,0.,0.);
#4050=IFCCURVESTYLE($,$,$,#4049);
#4051=IFCPRESENTATIONSTYLEASSIGNMENT((#4050));
#4052=IFCSTYLEDITEM(#4048,(#4051),$);
#4053=IFCCARTESIANPOINT((1531.5000000001664,-152400.));
#4054=IFCCARTESIANPOINT((1531.4999999997635,152400.));
#4055=IFCPOLYLINE((#4053,#4054));
#4056=IFCGRIDAXIS('14',#4055,.T.);
#4057=IFCGEOMETRICCURVESET((#4055));
#4058=IFCCOLOURRGB($,0.,0.,0.);
#4059=IFCCURVESTYLE($,$,$,#4058);
#4060=IFCPRESENTATIONSTYLEASSIGNMENT((#4059));
#4061=IFCSTYLEDITEM(#4057,(#4060),$);
#4062=IFCSHAPEREPRESENTATION(#26,'FootPrint','GeometricCurveSet',(#3958,#3967,#3976,#3985,#3994,#4003,#4012,#4021,#4030,#4039,#4048,#4057));
#4063=IFCPRODUCTDEFINITIONSHAPE($,$,(#4062));
#4064=IFCLOCALPLACEMENT(#30,#34);
#4065=IFCGRID('0THjc21llcAwzUhwCycYMA',#18,'Default Grid',$,$,#4064,#4063,(#3957,#3966,#3975,#3984,#3993,#4002),(#4011,#4020,#4029,#4038),(#4047,#4056));
#4066=IFCCARTESIANPOINT((6434.3428411517425,-1208.5000000000257));
#4067=IFCCARTESIANPOINT((-5805.2589419698988,-1208.4999999999861));
#4068=IFCPOLYLINE((#4066,#4067));
#4069=IFCGRIDAXIS('8',#4068,.T.);
#4070=IFCGEOMETRICCURVESET((#4068));
#4071=IFCCOLOURRGB($,0.,0.,0.);
#4072=IFCCURVESTYLE($,$,$,#4071);
#4073=IFCPRESENTATIONSTYLEASSIGNMENT((#4072));
#4074=IFCSTYLEDITEM(#4070,(#4073),$);
#4075=IFCCARTESIANPOINT((6434.3428411517689,7208.4999999999718));
#4076=IFCCARTESIANPOINT((-5805.2589419698706,7208.5000000000082));
#4077=IFCPOLYLINE((#4075,#4076));
#4078=IFCGRIDAXIS('10',#4077,.T.);
#4079=IFCGEOMETRICCURVESET((#4077));
#4080=IFCCOLOURRGB($,0.,0.,0.);
#4081=IFCCURVESTYLE($,$,$,#4080);
#4082=IFCPRESENTATIONSTYLEASSIGNMENT((#4081));
#4083=IFCSTYLEDITEM(#4079,(#4082),$);
#4084=IFCCARTESIANPOINT((152400.,2874.));
#4085=IFCCARTESIANPOINT((-152798.57246912955,2874.));
#4086=IFCPOLYLINE((#4084,#4085));
#4087=IFCGRIDAXIS('15',#4086,.T.);
#4088=IFCGEOMETRICCURVESET((#4086));
#4089=IFCCOLOURRGB($,0.,0.,0.);
#4090=IFCCURVESTYLE($,$,$,#4089);
#4091=IFCPRESENTATIONSTYLEASSIGNMENT((#4090));
#4092=IFCSTYLEDITEM(#4088,(#4091),$);
#4093=IFCCARTESIANPOINT((152400.,3126.));
#4094=IFCCARTESIANPOINT((-152798.57246912955,3126.));
#4095=IFCPOLYLINE((#4093,#4094));
#4096=IFCGRIDAXIS('16',#4095,.T.);
#4097=IFCGEOMETRICCURVESET((#4095));
#4098=IFCCOLOURRGB($,0.,0.,0.);
#4099=IFCCURVESTYLE($,$,$,#4098);
#4100=IFCPRESENTATIONSTYLEASSIGNMENT((#4099));
#4101=IFCSTYLEDITEM(#4097,(#4100),$);
#4102=IFCCARTESIANPOINT((4336.7890850012127,2586.));
#4103=IFCCARTESIANPOINT((62.,2586.));
#4104=IFCPOLYLINE((#4102,#4103));
#4105=IFCGRIDAXIS('17',#4104,.T.);
#4106=IFCGEOMETRICCURVESET((#4104));
#4107=IFCCOLOURRGB($,0.,0.,0.);
#4108=IFCCURVESTYLE($,$,$,#4107);
#4109=IFCPRESENTATIONSTYLEASSIGNMENT((#4108));
#4110=IFCSTYLEDITEM(#4106,(#4109),$);
#4111=IFCCARTESIANPOINT((4336.7890850012154,3414.));
#4112=IFCCARTESIANPOINT((62.,3414.));
#4113=IFCPOLYLINE((#4111,#4112));
#4114=IFCGRIDAXIS('18',#4113,.T.);
#4115=IFCGEOMETRICCURVESET((#4113));
#4116=IFCCOLOURRGB($,0.,0.,0.);
#4117=IFCCURVESTYLE($,$,$,#4116);
#4118=IFCPRESENTATIONSTYLEASSIGNMENT((#4117));
#4119=IFCSTYLEDITEM(#4115,(#4118),$);
#4120=IFCCARTESIANPOINT((4208.5000000000136,9435.0061832160518));
#4121=IFCCARTESIANPOINT((4208.4999999999936,-2625.0728218227782));
#4122=IFCPOLYLINE((#4120,#4121));
#4123=IFCGRIDAXIS('9',#4122,.T.);
#4124=IFCGEOMETRICCURVESET((#4122));
#4125=IFCCOLOURRGB($,0.,0.,0.);
#4126=IFCCURVESTYLE($,$,$,#4125);
#4127=IFCPRESENTATIONSTYLEASSIGNMENT((#4126));
#4128=IFCSTYLEDITEM(#4124,(#4127),$);
#4129=IFCCARTESIANPOINT((-4208.4999999999864,9435.0061832160645));
#4130=IFCCARTESIANPOINT((-4208.5000000000064,-2625.072821822765));
#4131=IFCPOLYLINE((#4129,#4130));
#4132=IFCGRIDAXIS('7',#4131,.T.);
#4133=IFCGEOMETRICCURVESET((#4131));
#4134=IFCCOLOURRGB($,0.,0.,0.);
#4135=IFCCURVESTYLE($,$,$,#4134);
#4136=IFCPRESENTATIONSTYLEASSIGNMENT((#4135));
#4137=IFCSTYLEDITEM(#4133,(#4136),$);
#4138=IFCCARTESIANPOINT((62.,7650.8051367088028));
#4139=IFCCARTESIANPOINT((62.,-1100.4316020733406));
#4140=IFCPOLYLINE((#4138,#4139));
#4141=IFCGRIDAXIS('23',#4140,.T.);
#4142=IFCGEOMETRICCURVESET((#4140));
#4143=IFCCOLOURRGB($,0.,0.,0.);
#4144=IFCCURVESTYLE($,$,$,#4143);
#4145=IFCPRESENTATIONSTYLEASSIGNMENT((#4144));
#4146=IFCSTYLEDITEM(#4142,(#4145),$);
#4147=IFCCARTESIANPOINT((-62.,7650.8051367088028));
#4148=IFCCARTESIANPOINT((-62.,-1100.4316020733406));
#4149=IFCPOLYLINE((#4147,#4148));
#4150=IFCGRIDAXIS('24',#4149,.T.);
#4151=IFCGEOMETRICCURVESET((#4149));
#4152=IFCCOLOURRGB($,0.,0.,0.);
#4153=IFCCURVESTYLE($,$,$,#4152);
#4154=IFCPRESENTATIONSTYLEASSIGNMENT((#4153));
#4155=IFCSTYLEDITEM(#4151,(#4154),$);
#4156=IFCCARTESIANPOINT((1322.,-152400.));
#4157=IFCCARTESIANPOINT((1322.,152400.));
#4158=IFCPOLYLINE((#4156,#4157));
#4159=IFCGRIDAXIS('13',#4158,.T.);
#4160=IFCGEOMETRICCURVESET((#4158));
#4161=IFCCOLOURRGB($,0.,0.,0.);
#4162=IFCCURVESTYLE($,$,$,#4161);
#4163=IFCPRESENTATIONSTYLEASSIGNMENT((#4162));
#4164=IFCSTYLEDITEM(#4160,(#4163),$);
#4165=IFCCARTESIANPOINT((1531.5000000001664,-152400.));
#4166=IFCCARTESIANPOINT((1531.4999999997635,152400.));
#4167=IFCPOLYLINE((#4165,#4166));
#4168=IFCGRIDAXIS('14',#4167,.T.);
#4169=IFCGEOMETRICCURVESET((#4167));
#4170=IFCCOLOURRGB($,0.,0.,0.);
#4171=IFCCURVESTYLE($,$,$,#4170);
#4172=IFCPRESENTATIONSTYLEASSIGNMENT((#4171));
#4173=IFCSTYLEDITEM(#4169,(#4172),$);
#4174=IFCSHAPEREPRESENTATION(#26,'FootPrint','GeometricCurveSet',(#4070,#4079,#4088,#4097,#4106,#4115,#4124,#4133,#4142,#4151,#4160,#4169));
#4175=IFCPRODUCTDEFINITIONSHAPE($,$,(#4174));
#4176=IFCLOCALPLACEMENT(#30,#38);
#4177=IFCGRID('3RcGjlHjjZF6r2CTnd3DUU',#18,'Default Grid',$,$,#4176,#4175,(#4069,#4078,#4087,#4096,#4105,#4114),(#4123,#4132,#4141,#4150),(#4159,#4168));
#4178=IFCCARTESIANPOINT((6434.3428411517425,-1208.5000000000257));
#4179=IFCCARTESIANPOINT((-5805.2589419698988,-1208.4999999999861));
#4180=IFCPOLYLINE((#4178,#4179));
#4181=IFCGRIDAXIS('8',#4180,.T.);
#4182=IFCGEOMETRICCURVESET((#4180));
#4183=IFCCOLOURRGB($,0.,0.,0.);
#4184=IFCCURVESTYLE($,$,$,#4183);
#4185=IFCPRESENTATIONSTYLEASSIGNMENT((#4184));
#4186=IFCSTYLEDITEM(#4182,(#4185),$);
#4187=IFCCARTESIANPOINT((6434.3428411517689,7208.4999999999718));
#4188=IFCCARTESIANPOINT((-5805.2589419698706,7208.5000000000082));
#4189=IFCPOLYLINE((#4187,#4188));
#4190=IFCGRIDAXIS('10',#4189,.T.);
#4191=IFCGEOMETRICCURVESET((#4189));
#4192=IFCCOLOURRGB($,0.,0.,0.);
#4193=IFCCURVESTYLE($,$,$,#4192);
#4194=IFCPRESENTATIONSTYLEASSIGNMENT((#4193));
#4195=IFCSTYLEDITEM(#4191,(#4194),$);
#4196=IFCCARTESIANPOINT((152400.,2874.));
#4197=IFCCARTESIANPOINT((-152798.57246912955,2874.));
#4198=IFCPOLYLINE((#4196,#4197));
#4199=IFCGRIDAXIS('15',#4198,.T.);
#4200=IFCGEOMETRICCURVESET((#4198));
#4201=IFCCOLOURRGB($,0.,0.,0.);
#4202=IFCCURVESTYLE($,$,$,#4201);
#4203=IFCPRESENTATIONSTYLEASSIGNMENT((#4202));
#4204=IFCSTYLEDITEM(#4200,(#4203),$);
#4205=IFCCARTESIANPOINT((152400.,3126.));
#4206=IFCCARTESIANPOINT((-152798.57246912955,3126.));
#4207=IFCPOLYLINE((#4205,#4206));
#4208=IFCGRIDAXIS('16',#4207,.T.);
#4209=IFCGEOMETRICCURVESET((#4207));
#4210=IFCCOLOURRGB($,0.,0.,0.);
#4211=IFCCURVESTYLE($,$,$,#4210);
#4212=IFCPRESENTATIONSTYLEASSIGNMENT((#4211));
#4213=IFCSTYLEDITEM(#4209,(#4212),$);
#4214=IFCCARTESIANPOINT((4336.7890850012127,2586.));
#4215=IFCCARTESIANPOINT((62.,2586.));
#4216=IFCPOLYLINE((#4214,#4215));
#4217=IFCGRIDAXIS('17',#4216,.T.);
#4218=IFCGEOMETRICCURVESET((#4216));
#4219=IFCCOLOURRGB($,0.,0.,0.);
#4220=IFCCURVESTYLE($,$,$,#4219);
#4221=IFCPRESENTATIONSTYLEASSIGNMENT((#4220));
#4222=IFCSTYLEDITEM(#4218,(#4221),$);
#4223=IFCCARTESIANPOINT((4336.7890850012154,3414.));
#4224=IFCCARTESIANPOINT((62.,3414.));
#4225=IFCPOLYLINE((#4223,#4224));
#4226=IFCGRIDAXIS('18',#4225,.T.);
#4227=IFCGEOMETRICCURVESET((#4225));
#4228=IFCCOLOURRGB($,0.,0.,0.);
#4229=IFCCURVESTYLE($,$,$,#4228);
#4230=IFCPRESENTATIONSTYLEASSIGNMENT((#4229));
#4231=IFCSTYLEDITEM(#4227,(#4230),$);
#4232=IFCCARTESIANPOINT((4208.5000000000136,9435.0061832160518));
#4233=IFCCARTESIANPOINT((4208.4999999999936,-2625.0728218227782));
#4234=IFCPOLYLINE((#4232,#4233));
#4235=IFCGRIDAXIS('9',#4234,.T.);
#4236=IFCGEOMETRICCURVESET((#4234));
#4237=IFCCOLOURRGB($,0.,0.,0.);
#4238=IFCCURVESTYLE($,$,$,#4237);
#4239=IFCPRESENTATIONSTYLEASSIGNMENT((#4238));
#4240=IFCSTYLEDITEM(#4236,(#4239),$);
#4241=IFCCARTESIANPOINT((-4208.4999999999864,9435.0061832160645));
#4242=IFCCARTESIANPOINT((-4208.5000000000064,-2625.072821822765));
#4243=IFCPOLYLINE((#4241,#4242));
#4244=IFCGRIDAXIS('7',#4243,.T.);
#4245=IFCGEOMETRICCURVESET((#4243));
#4246=IFCCOLOURRGB($,0.,0.,0.);
#4247=IFCCURVESTYLE($,$,$,#4246);
#4248=IFCPRESENTATIONSTYLEASSIGNMENT((#4247));
#4249=IFCSTYLEDITEM(#4245,(#4248),$);
#4250=IFCCARTESIANPOINT((62.,7650.8051367088028));
#4251=IFCCARTESIANPOINT((62.,-1100.4316020733406));
#4252=IFCPOLYLINE((#4250,#4251));
#4253=IFCGRIDAXIS('23',#4252,.T.);
#4254=IFCGEOMETRICCURVESET((#4252));
#4255=IFCCOLOURRGB($,0.,0.,0.);
#4256=IFCCURVESTYLE($,$,$,#4255);
#4257=IFCPRESENTATIONSTYLEASSIGNMENT((#4256));
#4258=IFCSTYLEDITEM(#4254,(#4257),$);
#4259=IFCCARTESIANPOINT((-62.,7650.8051367088028));
#4260=IFCCARTESIANPOINT((-62.,-1100.4316020733406));
#4261=IFCPOLYLINE((#4259,#4260));
#4262=IFCGRIDAXIS('24',#4261,.T.);
#4263=IFCGEOMETRICCURVESET((#4261));
#4264=IFCCOLOURRGB($,0.,0.,0.);
#4265=IFCCURVESTYLE($,$,$,#4264);
#4266=IFCPRESENTATIONSTYLEASSIGNMENT((#4265));
#4267=IFCSTYLEDITEM(#4263,(#4266),$);
#4268=IFCCARTESIANPOINT((1322.,-152400.));
#4269=IFCCARTESIANPOINT((1322.,152400.));
#4270=IFCPOLYLINE((#4268,#4269));
#4271=IFCGRIDAXIS('13',#4270,.T.);
#4272=IFCGEOMETRICCURVESET((#4270));
#4273=IFCCOLOURRGB($,0.,0.,0.);
#4274=IFCCURVESTYLE($,$,$,#4273);
#4275=IFCPRESENTATIONSTYLEASSIGNMENT((#4274));
#4276=IFCSTYLEDITEM(#4272,(#4275),$);
#4277=IFCCARTESIANPOINT((1531.5000000001664,-152400.));
#4278=IFCCARTESIANPOINT((1531.4999999997635,152400.));
#4279=IFCPOLYLINE((#4277,#4278));
#4280=IFCGRIDAXIS('14',#4279,.T.);
#4281=IFCGEOMETRICCURVESET((#4279));
#4282=IFCCOLOURRGB($,0.,0.,0.);
#4283=IFCCURVESTYLE($,$,$,#4282);
#4284=IFCPRESENTATIONSTYLEASSIGNMENT((#4283));
#4285=IFCSTYLEDITEM(#4281,(#4284),$);
#4286=IFCSHAPEREPRESENTATION(#26,'FootPrint','GeometricCurveSet',(#4182,#4191,#4200,#4209,#4218,#4227,#4236,#4245,#4254,#4263,#4272,#4281));
#4287=IFCPRODUCTDEFINITIONSHAPE($,$,(#4286));
#4288=IFCLOCALPLACEMENT(#30,#41);
#4289=IFCGRID('2t9Af4Zn_h4XYyiD_caTZj',#18,'Default Grid',$,$,#4288,#4287,(#4181,#4190,#4199,#4208,#4217,#4226),(#4235,#4244,#4253,#4262),(#4271,#4280));
#4290=IFCCARTESIANPOINT((6434.3428411517425,-1208.5000000000257));
#4291=IFCCARTESIANPOINT((-5805.2589419698988,-1208.4999999999861));
#4292=IFCPOLYLINE((#4290,#4291));
#4293=IFCGRIDAXIS('8',#4292,.T.);
#4294=IFCGEOMETRICCURVESET((#4292));
#4295=IFCCOLOURRGB($,0.,0.,0.);
#4296=IFCCURVESTYLE($,$,$,#4295);
#4297=IFCPRESENTATIONSTYLEASSIGNMENT((#4296));
#4298=IFCSTYLEDITEM(#4294,(#4297),$);
#4299=IFCCARTESIANPOINT((6434.3428411517689,7208.4999999999718));
#4300=IFCCARTESIANPOINT((-5805.2589419698706,7208.5000000000082));
#4301=IFCPOLYLINE((#4299,#4300));
#4302=IFCGRIDAXIS('10',#4301,.T.);
#4303=IFCGEOMETRICCURVESET((#4301));
#4304=IFCCOLOURRGB($,0.,0.,0.);
#4305=IFCCURVESTYLE($,$,$,#4304);
#4306=IFCPRESENTATIONSTYLEASSIGNMENT((#4305));
#4307=IFCSTYLEDITEM(#4303,(#4306),$);
#4308=IFCCARTESIANPOINT((152400.,2874.));
#4309=IFCCARTESIANPOINT((-152798.57246912955,2874.));
#4310=IFCPOLYLINE((#4308,#4309));
#4311=IFCGRIDAXIS('15',#4310,.T.);
#4312=IFCGEOMETRICCURVESET((#4310));
#4313=IFCCOLOURRGB($,0.,0.,0.);
#4314=IFCCURVESTYLE($,$,$,#4313);
#4315=IFCPRESENTATIONSTYLEASSIGNMENT((#4314));
#4316=IFCSTYLEDITEM(#4312,(#4315),$);
#4317=IFCCARTESIANPOINT((152400.,3126.));
#4318=IFCCARTESIANPOINT((-152798.57246912955,3126.));
#4319=IFCPOLYLINE((#4317,#4318));
#4320=IFCGRIDAXIS('16',#4319,.T.);
#4321=IFCGEOMETRICCURVESET((#4319));
#4322=IFCCOLOURRGB($,0.,0.,0.);
#4323=IFCCURVESTYLE($,$,$,#4322);
#4324=IFCPRESENTATIONSTYLEASSIGNMENT((#4323));
#4325=IFCSTYLEDITEM(#4321,(#4324),$);
#4326=IFCCARTESIANPOINT((4336.7890850012127,2586.));
#4327=IFCCARTESIANPOINT((62.,2586.));
#4328=IFCPOLYLINE((#4326,#4327));
#4329=IFCGRIDAXIS('17',#4328,.T.);
#4330=IFCGEOMETRICCURVESET((#4328));
#4331=IFCCOLOURRGB($,0.,0.,0.);
#4332=IFCCURVESTYLE($,$,$,#4331);
#4333=IFCPRESENTATIONSTYLEASSIGNMENT((#4332));
#4334=IFCSTYLEDITEM(#4330,(#4333),$);
#4335=IFCCARTESIANPOINT((4336.7890850012154,3414.));
#4336=IFCCARTESIANPOINT((62.,3414.));
#4337=IFCPOLYLINE((#4335,#4336));
#4338=IFCGRIDAXIS('18',#4337,.T.);
#4339=IFCGEOMETRICCURVESET((#4337));
#4340=IFCCOLOURRGB($,0.,0.,0.);
#4341=IFCCURVESTYLE($,$,$,#4340);
#4342=IFCPRESENTATIONSTYLEASSIGNMENT((#4341));
#4343=IFCSTYLEDITEM(#4339,(#4342),$);
#4344=IFCCARTESIANPOINT((4208.5000000000136,9435.0061832160518));
#4345=IFCCARTESIANPOINT((4208.4999999999936,-2625.0728218227782));
#4346=IFCPOLYLINE((#4344,#4345));
#4347=IFCGRIDAXIS('9',#4346,.T.);
#4348=IFCGEOMETRICCURVESET((#4346));
#4349=IFCCOLOURRGB($,0.,0.,0.);
#4350=IFCCURVESTYLE($,$,$,#4349);
#4351=IFCPRESENTATIONSTYLEASSIGNMENT((#4350));
#4352=IFCSTYLEDITEM(#4348,(#4351),$);
#4353=IFCCARTESIANPOINT((-4208.4999999999864,9435.0061832160645));
#4354=IFCCARTESIANPOINT((-4208.5000000000064,-2625.072821822765));
#4355=IFCPOLYLINE((#4353,#4354));
#4356=IFCGRIDAXIS('7',#4355,.T.);
#4357=IFCGEOMETRICCURVESET((#4355));
#4358=IFCCOLOURRGB($,0.,0.,0.);
#4359=IFCCURVESTYLE($,$,$,#4358);
#4360=IFCPRESENTATIONSTYLEASSIGNMENT((#4359));
#4361=IFCSTYLEDITEM(#4357,(#4360),$);
#4362=IFCCARTESIANPOINT((62.,7650.8051367088028));
#4363=IFCCARTESIANPOINT((62.,-1100.4316020733406));
#4364=IFCPOLYLINE((#4362,#4363));
#4365=IFCGRIDAXIS('23',#4364,.T.);
#4366=IFCGEOMETRICCURVESET((#4364));
#4367=IFCCOLOURRGB($,0.,0.,0.);
#4368=IFCCURVESTYLE($,$,$,#4367);
#4369=IFCPRESENTATIONSTYLEASSIGNMENT((#4368));
#4370=IFCSTYLEDITEM(#4366,(#4369),$);
#4371=IFCCARTESIANPOINT((-62.,7650.8051367088028));
#4372=IFCCARTESIANPOINT((-62.,-1100.4316020733406));
#4373=IFCPOLYLINE((#4371,#4372));
#4374=IFCGRIDAXIS('24',#4373,.T.);
#4375=IFCGEOMETRICCURVESET((#4373));
#4376=IFCCOLOURRGB($,0.,0.,0.);
#4377=IFCCURVESTYLE($,$,$,#4376);
#4378=IFCPRESENTATIONSTYLEASSIGNMENT((#4377));
#4379=IFCSTYLEDITEM(#4375,(#4378),$);
#4380=IFCCARTESIANPOINT((1322.,-152400.));
#4381=IFCCARTESIANPOINT((1322.,152400.));
#4382=IFCPOLYLINE((#4380,#4381));
#4383=IFCGRIDAXIS('13',#4382,.T.);
#4384=IFCGEOMETRICCURVESET((#4382));
#4385=IFCCOLOURRGB($,0.,0.,0.);
#4386=IFCCURVESTYLE($,$,$,#4385);
#4387=IFCPRESENTATIONSTYLEASSIGNMENT((#4386));
#4388=IFCSTYLEDITEM(#4384,(#4387),$);
#4389=IFCCARTESIANPOINT((1531.5000000001664,-152400.));
#4390=IFCCARTESIANPOINT((1531.4999999997635,152400.));
#4391=IFCPOLYLINE((#4389,#4390));
#4392=IFCGRIDAXIS('14',#4391,.T.);
#4393=IFCGEOMETRICCURVESET((#4391));
#4394=IFCCOLOURRGB($,0.,0.,0.);
#4395=IFCCURVESTYLE($,$,$,#4394);
#4396=IFCPRESENTATIONSTYLEASSIGNMENT((#4395));
#4397=IFCSTYLEDITEM(#4393,(#4396),$);
#4398=IFCSHAPEREPRESENTATION(#26,'FootPrint','GeometricCurveSet',(#4294,#4303,#4312,#4321,#4330,#4339,#4348,#4357,#4366,#4375,#4384,#4393));
#4399=IFCPRODUCTDEFINITIONSHAPE($,$,(#4398));
#4400=IFCLOCALPLACEMENT(#30,#45);
#4401=IFCGRID('2i9Pw8YCGjTnIx0qK5RVbZ',#18,'Default Grid',$,$,#4400,#4399,(#4293,#4302,#4311,#4320,#4329,#4338),(#4347,#4356,#4365,#4374),(#4383,#4392));
#4402=IFCCARTESIANPOINT((6434.3428411517425,-1208.5000000000257));
#4403=IFCCARTESIANPOINT((-5805.2589419698988,-1208.4999999999861));
#4404=IFCPOLYLINE((#4402,#4403));
#4405=IFCGRIDAXIS('8',#4404,.T.);
#4406=IFCGEOMETRICCURVESET((#4404));
#4407=IFCCOLOURRGB($,0.,0.,0.);
#4408=IFCCURVESTYLE($,$,$,#4407);
#4409=IFCPRESENTATIONSTYLEASSIGNMENT((#4408));
#4410=IFCSTYLEDITEM(#4406,(#4409),$);
#4411=IFCCARTESIANPOINT((6434.3428411517689,7208.4999999999718));
#4412=IFCCARTESIANPOINT((-5805.2589419698706,7208.5000000000082));
#4413=IFCPOLYLINE((#4411,#4412));
#4414=IFCGRIDAXIS('10',#4413,.T.);
#4415=IFCGEOMETRICCURVESET((#4413));
#4416=IFCCOLOURRGB($,0.,0.,0.);
#4417=IFCCURVESTYLE($,$,$,#4416);
#4418=IFCPRESENTATIONSTYLEASSIGNMENT((#4417));
#4419=IFCSTYLEDITEM(#4415,(#4418),$);
#4420=IFCCARTESIANPOINT((152400.,2874.));
#4421=IFCCARTESIANPOINT((-152798.57246912955,2874.));
#4422=IFCPOLYLINE((#4420,#4421));
#4423=IFCGRIDAXIS('15',#4422,.T.);
#4424=IFCGEOMETRICCURVESET((#4422));
#4425=IFCCOLOURRGB($,0.,0.,0.);
#4426=IFCCURVESTYLE($,$,$,#4425);
#4427=IFCPRESENTATIONSTYLEASSIGNMENT((#4426));
#4428=IFCSTYLEDITEM(#4424,(#4427),$);
#4429=IFCCARTESIANPOINT((152400.,3126.));
#4430=IFCCARTESIANPOINT((-152798.57246912955,3126.));
#4431=IFCPOLYLINE((#4429,#4430));
#4432=IFCGRIDAXIS('16',#4431,.T.);
#4433=IFCGEOMETRICCURVESET((#4431));
#4434=IFCCOLOURRGB($,0.,0.,0.);
#4435=IFCCURVESTYLE($,$,$,#4434);
#4436=IFCPRESENTATIONSTYLEASSIGNMENT((#4435));
#4437=IFCSTYLEDITEM(#4433,(#4436),$);
#4438=IFCCARTESIANPOINT((4336.7890850012127,2586.));
#4439=IFCCARTESIANPOINT((62.,2586.));
#4440=IFCPOLYLINE((#4438,#4439));
#4441=IFCGRIDAXIS('17',#4440,.T.);
#4442=IFCGEOMETRICCURVESET((#4440));
#4443=IFCCOLOURRGB($,0.,0.,0.);
#4444=IFCCURVESTYLE($,$,$,#4443);
#4445=IFCPRESENTATIONSTYLEASSIGNMENT((#4444));
#4446=IFCSTYLEDITEM(#4442,(#4445),$);
#4447=IFCCARTESIANPOINT((4336.7890850012154,3414.));
#4448=IFCCARTESIANPOINT((62.,3414.));
#4449=IFCPOLYLINE((#4447,#4448));
#4450=IFCGRIDAXIS('18',#4449,.T.);
#4451=IFCGEOMETRICCURVESET((#4449));
#4452=IFCCOLOURRGB($,0.,0.,0.);
#4453=IFCCURVESTYLE($,$,$,#4452);
#4454=IFCPRESENTATIONSTYLEASSIGNMENT((#4453));
#4455=IFCSTYLEDITEM(#4451,(#4454),$);
#4456=IFCCARTESIANPOINT((4208.5000000000136,9435.0061832160518));
#4457=IFCCARTESIANPOINT((4208.4999999999936,-2625.0728218227782));
#4458=IFCPOLYLINE((#4456,#4457));
#4459=IFCGRIDAXIS('9',#4458,.T.);
#4460=IFCGEOMETRICCURVESET((#4458));
#4461=IFCCOLOURRGB($,0.,0.,0.);
#4462=IFCCURVESTYLE($,$,$,#4461);
#4463=IFCPRESENTATIONSTYLEASSIGNMENT((#4462));
#4464=IFCSTYLEDITEM(#4460,(#4463),$);
#4465=IFCCARTESIANPOINT((-4208.4999999999864,9435.0061832160645));
#4466=IFCCARTESIANPOINT((-4208.5000000000064,-2625.072821822765));
#4467=IFCPOLYLINE((#4465,#4466));
#4468=IFCGRIDAXIS('7',#4467,.T.);
#4469=IFCGEOMETRICCURVESET((#4467));
#4470=IFCCOLOURRGB($,0.,0.,0.);
#4471=IFCCURVESTYLE($,$,$,#4470);
#4472=IFCPRESENTATIONSTYLEASSIGNMENT((#4471));
#4473=IFCSTYLEDITEM(#4469,(#4472),$);
#4474=IFCCARTESIANPOINT((62.,7650.8051367088028));
#4475=IFCCARTESIANPOINT((62.,-1100.4316020733406));
#4476=IFCPOLYLINE((#4474,#4475));
#4477=IFCGRIDAXIS('23',#4476,.T.);
#4478=IFCGEOMETRICCURVESET((#4476));
#4479=IFCCOLOURRGB($,0.,0.,0.);
#4480=IFCCURVESTYLE($,$,$,#4479);
#4481=IFCPRESENTATIONSTYLEASSIGNMENT((#4480));
#4482=IFCSTYLEDITEM(#4478,(#4481),$);
#4483=IFCCARTESIANPOINT((-62.,7650.8051367088028));
#4484=IFCCARTESIANPOINT((-62.,-1100.4316020733406));
#4485=IFCPOLYLINE((#4483,#4484));
#4486=IFCGRIDAXIS('24',#4485,.T.);
#4487=IFCGEOMETRICCURVESET((#4485));
#4488=IFCCOLOURRGB($,0.,0.,0.);
#4489=IFCCURVESTYLE($,$,$,#4488);
#4490=IFCPRESENTATIONSTYLEASSIGNMENT((#4489));
#4491=IFCSTYLEDITEM(#4487,(#4490),$);
#4492=IFCCARTESIANPOINT((1322.,-152400.));
#4493=IFCCARTESIANPOINT((1322.,152400.));
#4494=IFCPOLYLINE((#4492,#4493));
#4495=IFCGRIDAXIS('13',#4494,.T.);
#4496=IFCGEOMETRICCURVESET((#4494));
#4497=IFCCOLOURRGB($,0.,0.,0.);
#4498=IFCCURVESTYLE($,$,$,#4497);
#4499=IFCPRESENTATIONSTYLEASSIGNMENT((#4498));
#4500=IFCSTYLEDITEM(#4496,(#4499),$);
#4501=IFCCARTESIANPOINT((1531.5000000001664,-152400.));
#4502=IFCCARTESIANPOINT((1531.4999999997635,152400.));
#4503=IFCPOLYLINE((#4501,#4502));
#4504=IFCGRIDAXIS('14',#4503,.T.);
#4505=IFCGEOMETRICCURVESET((#4503));
#4506=IFCCOLOURRGB($,0.,0.,0.);
#4507=IFCCURVESTYLE($,$,$,#4506);
#4508=IFCPRESENTATIONSTYLEASSIGNMENT((#4507));
#4509=IFCSTYLEDITEM(#4505,(#4508),$);
#4510=IFCSHAPEREPRESENTATION(#26,'FootPrint','GeometricCurveSet',(#4406,#4415,#4424,#4433,#4442,#4451,#4460,#4469,#4478,#4487,#4496,#4505));
#4511=IFCPRODUCTDEFINITIONSHAPE($,$,(#4510));
#4512=IFCLOCALPLACEMENT(#30,#49);
#4513=IFCGRID('3EFWvP66Sw_EzczcrIk3Hu',#18,'Default Grid',$,$,#4512,#4511,(#4405,#4414,#4423,#4432,#4441,#4450),(#4459,#4468,#4477,#4486),(#4495,#4504));
#4514=IFCCARTESIANPOINT((6434.3428411517425,-1208.5000000000257));
#4515=IFCCARTESIANPOINT((-5805.2589419698988,-1208.4999999999861));
#4516=IFCPOLYLINE((#4514,#4515));
#4517=IFCGRIDAXIS('8',#4516,.T.);
#4518=IFCGEOMETRICCURVESET((#4516));
#4519=IFCCOLOURRGB($,0.,0.,0.);
#4520=IFCCURVESTYLE($,$,$,#4519);
#4521=IFCPRESENTATIONSTYLEASSIGNMENT((#4520));
#4522=IFCSTYLEDITEM(#4518,(#4521),$);
#4523=IFCCARTESIANPOINT((6434.3428411517689,7208.4999999999718));
#4524=IFCCARTESIANPOINT((-5805.2589419698706,7208.5000000000082));
#4525=IFCPOLYLINE((#4523,#4524));
#4526=IFCGRIDAXIS('10',#4525,.T.);
#4527=IFCGEOMETRICCURVESET((#4525));
#4528=IFCCOLOURRGB($,0.,0.,0.);
#4529=IFCCURVESTYLE($,$,$,#4528);
#4530=IFCPRESENTATIONSTYLEASSIGNMENT((#4529));
#4531=IFCSTYLEDITEM(#4527,(#4530),$);
#4532=IFCCARTESIANPOINT((152400.,2874.));
#4533=IFCCARTESIANPOINT((-152798.57246912955,2874.));
#4534=IFCPOLYLINE((#4532,#4533));
#4535=IFCGRIDAXIS('15',#4534,.T.);
#4536=IFCGEOMETRICCURVESET((#4534));
#4537=IFCCOLOURRGB($,0.,0.,0.);
#4538=IFCCURVESTYLE($,$,$,#4537);
#4539=IFCPRESENTATIONSTYLEASSIGNMENT((#4538));
#4540=IFCSTYLEDITEM(#4536,(#4539),$);
#4541=IFCCARTESIANPOINT((152400.,3126.));
#4542=IFCCARTESIANPOINT((-152798.57246912955,3126.));
#4543=IFCPOLYLINE((#4541,#4542));
#4544=IFCGRIDAXIS('16',#4543,.T.);
#4545=IFCGEOMETRICCURVESET((#4543));
#4546=IFCCOLOURRGB($,0.,0.,0.);
#4547=IFCCURVESTYLE($,$,$,#4546);
#4548=IFCPRESENTATIONSTYLEASSIGNMENT((#4547));
#4549=IFCSTYLEDITEM(#4545,(#4548),$);
#4550=IFCCARTESIANPOINT((4336.7890850012127,2586.));
#4551=IFCCARTESIANPOINT((62.,2586.));
#4552=IFCPOLYLINE((#4550,#4551));
#4553=IFCGRIDAXIS('17',#4552,.T.);
#4554=IFCGEOMETRICCURVESET((#4552));
#4555=IFCCOLOURRGB($,0.,0.,0.);
#4556=IFCCURVESTYLE($,$,$,#4555);
#4557=IFCPRESENTATIONSTYLEASSIGNMENT((#4556));
#4558=IFCSTYLEDITEM(#4554,(#4557),$);
#4559=IFCCARTESIANPOINT((4336.7890850012154,3414.));
#4560=IFCCARTESIANPOINT((62.,3414.));
#4561=IFCPOLYLINE((#4559,#4560));
#4562=IFCGRIDAXIS('18',#4561,.T.);
#4563=IFCGEOMETRICCURVESET((#4561));
#4564=IFCCOLOURRGB($,0.,0.,0.);
#4565=IFCCURVESTYLE($,$,$,#4564);
#4566=IFCPRESENTATIONSTYLEASSIGNMENT((#4565));
#4567=IFCSTYLEDITEM(#4563,(#4566),$);
#4568=IFCCARTESIANPOINT((4208.5000000000136,9435.0061832160518));
#4569=IFCCARTESIANPOINT((4208.4999999999936,-2625.0728218227782));
#4570=IFCPOLYLINE((#4568,#4569));
#4571=IFCGRIDAXIS('9',#4570,.T.);
#4572=IFCGEOMETRICCURVESET((#4570));
#4573=IFCCOLOURRGB($,0.,0.,0.);
#4574=IFCCURVESTYLE($,$,$,#4573);
#4575=IFCPRESENTATIONSTYLEASSIGNMENT((#4574));
#4576=IFCSTYLEDITEM(#4572,(#4575),$);
#4577=IFCCARTESIANPOINT((-4208.4999999999864,9435.0061832160645));
#4578=IFCCARTESIANPOINT((-4208.5000000000064,-2625.072821822765));
#4579=IFCPOLYLINE((#4577,#4578));
#4580=IFCGRIDAXIS('7',#4579,.T.);
#4581=IFCGEOMETRICCURVESET((#4579));
#4582=IFCCOLOURRGB($,0.,0.,0.);
#4583=IFCCURVESTYLE($,$,$,#4582);
#4584=IFCPRESENTATIONSTYLEASSIGNMENT((#4583));
#4585=IFCSTYLEDITEM(#4581,(#4584),$);
#4586=IFCCARTESIANPOINT((62.,7650.8051367088028));
#4587=IFCCARTESIANPOINT((62.,-1100.4316020733406));
#4588=IFCPOLYLINE((#4586,#4587));
#4589=IFCGRIDAXIS('23',#4588,.T.);
#4590=IFCGEOMETRICCURVESET((#4588));
#4591=IFCCOLOURRGB($,0.,0.,0.);
#4592=IFCCURVESTYLE($,$,$,#4591);
#4593=IFCPRESENTATIONSTYLEASSIGNMENT((#4592));
#4594=IFCSTYLEDITEM(#4590,(#4593),$);
#4595=IFCCARTESIANPOINT((-62.,7650.8051367088028));
#4596=IFCCARTESIANPOINT((-62.,-1100.4316020733406));
#4597=IFCPOLYLINE((#4595,#4596));
#4598=IFCGRIDAXIS('24',#4597,.T.);
#4599=IFCGEOMETRICCURVESET((#4597));
#4600=IFCCOLOURRGB($,0.,0.,0.);
#4601=IFCCURVESTYLE($,$,$,#4600);
#4602=IFCPRESENTATIONSTYLEASSIGNMENT((#4601));
#4603=IFCSTYLEDITEM(#4599,(#4602),$);
#4604=IFCCARTESIANPOINT((1322.,-152400.));
#4605=IFCCARTESIANPOINT((1322.,152400.));
#4606=IFCPOLYLINE((#4604,#4605));
#4607=IFCGRIDAXIS('13',#4606,.T.);
#4608=IFCGEOMETRICCURVESET((#4606));
#4609=IFCCOLOURRGB($,0.,0.,0.);
#4610=IFCCURVESTYLE($,$,$,#4609);
#4611=IFCPRESENTATIONSTYLEASSIGNMENT((#4610));
#4612=IFCSTYLEDITEM(#4608,(#4611),$);
#4613=IFCCARTESIANPOINT((1531.5000000001664,-152400.));
#4614=IFCCARTESIANPOINT((1531.4999999997635,152400.));
#4615=IFCPOLYLINE((#4613,#4614));
#4616=IFCGRIDAXIS('14',#4615,.T.);
#4617=IFCGEOMETRICCURVESET((#4615));
#4618=IFCCOLOURRGB($,0.,0.,0.);
#4619=IFCCURVESTYLE($,$,$,#4618);
#4620=IFCPRESENTATIONSTYLEASSIGNMENT((#4619));
#4621=IFCSTYLEDITEM(#4617,(#4620),$);
#4622=IFCSHAPEREPRESENTATION(#26,'FootPrint','GeometricCurveSet',(#4518,#4527,#4536,#4545,#4554,#4563,#4572,#4581,#4590,#4599,#4608,#4617));
#4623=IFCPRODUCTDEFINITIONSHAPE($,$,(#4622));
#4624=IFCLOCALPLACEMENT(#30,#53);
#4625=IFCGRID('3KZz2JEqZOBb1zXHzoIEQJ',#18,'Default Grid',$,$,#4624,#4623,(#4517,#4526,#4535,#4544,#4553,#4562),(#4571,#4580,#4589,#4598),(#4607,#4616));
#4626=IFCCARTESIANPOINT((6434.3428411517425,-1208.5000000000257));
#4627=IFCCARTESIANPOINT((-5805.2589419698988,-1208.4999999999861));
#4628=IFCPOLYLINE((#4626,#4627));
#4629=IFCGRIDAXIS('8',#4628,.T.);
#4630=IFCGEOMETRICCURVESET((#4628));
#4631=IFCCOLOURRGB($,0.,0.,0.);
#4632=IFCCURVESTYLE($,$,$,#4631);
#4633=IFCPRESENTATIONSTYLEASSIGNMENT((#4632));
#4634=IFCSTYLEDITEM(#4630,(#4633),$);
#4635=IFCCARTESIANPOINT((6434.3428411517689,7208.4999999999718));
#4636=IFCCARTESIANPOINT((-5805.2589419698706,7208.5000000000082));
#4637=IFCPOLYLINE((#4635,#4636));
#4638=IFCGRIDAXIS('10',#4637,.T.);
#4639=IFCGEOMETRICCURVESET((#4637));
#4640=IFCCOLOURRGB($,0.,0.,0.);
#4641=IFCCURVESTYLE($,$,$,#4640);
#4642=IFCPRESENTATIONSTYLEASSIGNMENT((#4641));
#4643=IFCSTYLEDITEM(#4639,(#4642),$);
#4644=IFCCARTESIANPOINT((152400.,2874.));
#4645=IFCCARTESIANPOINT((-152798.57246912955,2874.));
#4646=IFCPOLYLINE((#4644,#4645));
#4647=IFCGRIDAXIS('15',#4646,.T.);
#4648=IFCGEOMETRICCURVESET((#4646));
#4649=IFCCOLOURRGB($,0.,0.,0.);
#4650=IFCCURVESTYLE($,$,$,#4649);
#4651=IFCPRESENTATIONSTYLEASSIGNMENT((#4650));
#4652=IFCSTYLEDITEM(#4648,(#4651),$);
#4653=IFCCARTESIANPOINT((152400.,3126.));
#4654=IFCCARTESIANPOINT((-152798.57246912955,3126.));
#4655=IFCPOLYLINE((#4653,#4654));
#4656=IFCGRIDAXIS('16',#4655,.T.);
#4657=IFCGEOMETRICCURVESET((#4655));
#4658=IFCCOLOURRGB($,0.,0.,0.);
#4659=IFCCURVESTYLE($,$,$,#4658);
#4660=IFCPRESENTATIONSTYLEASSIGNMENT((#4659));
#4661=IFCSTYLEDITEM(#4657,(#4660),$);
#4662=IFCCARTESIANPOINT((4336.7890850012127,2586.));
#4663=IFCCARTESIANPOINT((62.,2586.));
#4664=IFCPOLYLINE((#4662,#4663));
#4665=IFCGRIDAXIS('17',#4664,.T.);
#4666=IFCGEOMETRICCURVESET((#4664));
#4667=IFCCOLOURRGB($,0.,0.,0.);
#4668=IFCCURVESTYLE($,$,$,#4667);
#4669=IFCPRESENTATIONSTYLEASSIGNMENT((#4668));
#4670=IFCSTYLEDITEM(#4666,(#4669),$);
#4671=IFCCARTESIANPOINT((4336.7890850012154,3414.));
#4672=IFCCARTESIANPOINT((62.,3414.));
#4673=IFCPOLYLINE((#4671,#4672));
#4674=IFCGRIDAXIS('18',#4673,.T.);
#4675=IFCGEOMETRICCURVESET((#4673));
#4676=IFCCOLOURRGB($,0.,0.,0.);
#4677=IFCCURVESTYLE($,$,$,#4676);
#4678=IFCPRESENTATIONSTYLEASSIGNMENT((#4677));
#4679=IFCSTYLEDITEM(#4675,(#4678),$);
#4680=IFCCARTESIANPOINT((4208.5000000000136,9435.0061832160518));
#4681=IFCCARTESIANPOINT((4208.4999999999936,-2625.0728218227782));
#4682=IFCPOLYLINE((#4680,#4681));
#4683=IFCGRIDAXIS('9',#4682,.T.);
#4684=IFCGEOMETRICCURVESET((#4682));
#4685=IFCCOLOURRGB($,0.,0.,0.);
#4686=IFCCURVESTYLE($,$,$,#4685);
#4687=IFCPRESENTATIONSTYLEASSIGNMENT((#4686));
#4688=IFCSTYLEDITEM(#4684,(#4687),$);
#4689=IFCCARTESIANPOINT((-4208.4999999999864,9435.0061832160645));
#4690=IFCCARTESIANPOINT((-4208.5000000000064,-2625.072821822765));
#4691=IFCPOLYLINE((#4689,#4690));
#4692=IFCGRIDAXIS('7',#4691,.T.);
#4693=IFCGEOMETRICCURVESET((#4691));
#4694=IFCCOLOURRGB($,0.,0.,0.);
#4695=IFCCURVESTYLE($,$,$,#4694);
#4696=IFCPRESENTATIONSTYLEASSIGNMENT((#4695));
#4697=IFCSTYLEDITEM(#4693,(#4696),$);
#4698=IFCCARTESIANPOINT((62.,7650.8051367088028));
#4699=IFCCARTESIANPOINT((62.,-1100.4316020733406));
#4700=IFCPOLYLINE((#4698,#4699));
#4701=IFCGRIDAXIS('23',#4700,.T.);
#4702=IFCGEOMETRICCURVESET((#4700));
#4703=IFCCOLOURRGB($,0.,0.,0.);
#4704=IFCCURVESTYLE($,$,$,#4703);
#4705=IFCPRESENTATIONSTYLEASSIGNMENT((#4704));
#4706=IFCSTYLEDITEM(#4702,(#4705),$);
#4707=IFCCARTESIANPOINT((-62.,7650.8051367088028));
#4708=IFCCARTESIANPOINT((-62.,-1100.4316020733406));
#4709=IFCPOLYLINE((#4707,#4708));
#4710=IFCGRIDAXIS('24',#4709,.T.);
#4711=IFCGEOMETRICCURVESET((#4709));
#4712=IFCCOLOURRGB($,0.,0.,0.);
#4713=IFCCURVESTYLE($,$,$,#4712);
#4714=IFCPRESENTATIONSTYLEASSIGNMENT((#4713));
#4715=IFCSTYLEDITEM(#4711,(#4714),$);
#4716=IFCCARTESIANPOINT((1322.,-152400.));
#4717=IFCCARTESIANPOINT((1322.,152400.));
#4718=IFCPOLYLINE((#4716,#4717));
#4719=IFCGRIDAXIS('13',#4718,.T.);
#4720=IFCGEOMETRICCURVESET((#4718));
#4721=IFCCOLOURRGB($,0.,0.,0.);
#4722=IFCCURVESTYLE($,$,$,#4721);
#4723=IFCPRESENTATIONSTYLEASSIGNMENT((#4722));
#4724=IFCSTYLEDITEM(#4720,(#4723),$);
#4725=IFCCARTESIANPOINT((1531.5000000001664,-152400.));
#4726=IFCCARTESIANPOINT((1531.4999999997635,152400.));
#4727=IFCPOLYLINE((#4725,#4726));
#4728=IFCGRIDAXIS('14',#4727,.T.);
#4729=IFCGEOMETRICCURVESET((#4727));
#4730=IFCCOLOURRGB($,0.,0.,0.);
#4731=IFCCURVESTYLE($,$,$,#4730);
#4732=IFCPRESENTATIONSTYLEASSIGNMENT((#4731));
#4733=IFCSTYLEDITEM(#4729,(#4732),$);
#4734=IFCSHAPEREPRESENTATION(#26,'FootPrint','GeometricCurveSet',(#4630,#4639,#4648,#4657,#4666,#4675,#4684,#4693,#4702,#4711,#4720,#4729));
#4735=IFCPRODUCTDEFINITIONSHAPE($,$,(#4734));
#4736=IFCLOCALPLACEMENT(#30,#57);
#4737=IFCGRID('1FA9uNZtNw_WHdng2Xxwz7',#18,'Default Grid',$,$,#4736,#4735,(#4629,#4638,#4647,#4656,#4665,#4674),(#4683,#4692,#4701,#4710),(#4719,#4728));
#4738=IFCCARTESIANPOINT((6434.3428411517425,-1208.5000000000257));
#4739=IFCCARTESIANPOINT((-5805.2589419698988,-1208.4999999999861));
#4740=IFCPOLYLINE((#4738,#4739));
#4741=IFCGRIDAXIS('8',#4740,.T.);
#4742=IFCGEOMETRICCURVESET((#4740));
#4743=IFCCOLOURRGB($,0.,0.,0.);
#4744=IFCCURVESTYLE($,$,$,#4743);
#4745=IFCPRESENTATIONSTYLEASSIGNMENT((#4744));
#4746=IFCSTYLEDITEM(#4742,(#4745),$);
#4747=IFCCARTESIANPOINT((6434.3428411517689,7208.4999999999718));
#4748=IFCCARTESIANPOINT((-5805.2589419698706,7208.5000000000082));
#4749=IFCPOLYLINE((#4747,#4748));
#4750=IFCGRIDAXIS('10',#4749,.T.);
#4751=IFCGEOMETRICCURVESET((#4749));
#4752=IFCCOLOURRGB($,0.,0.,0.);
#4753=IFCCURVESTYLE($,$,$,#4752);
#4754=IFCPRESENTATIONSTYLEASSIGNMENT((#4753));
#4755=IFCSTYLEDITEM(#4751,(#4754),$);
#4756=IFCCARTESIANPOINT((152400.,2874.));
#4757=IFCCARTESIANPOINT((-152798.57246912955,2874.));
#4758=IFCPOLYLINE((#4756,#4757));
#4759=IFCGRIDAXIS('15',#4758,.T.);
#4760=IFCGEOMETRICCURVESET((#4758));
#4761=IFCCOLOURRGB($,0.,0.,0.);
#4762=IFCCURVESTYLE($,$,$,#4761);
#4763=IFCPRESENTATIONSTYLEASSIGNMENT((#4762));
#4764=IFCSTYLEDITEM(#4760,(#4763),$);
#4765=IFCCARTESIANPOINT((152400.,3126.));
#4766=IFCCARTESIANPOINT((-152798.57246912955,3126.));
#4767=IFCPOLYLINE((#4765,#4766));
#4768=IFCGRIDAXIS('16',#4767,.T.);
#4769=IFCGEOMETRICCURVESET((#4767));
#4770=IFCCOLOURRGB($,0.,0.,0.);
#4771=IFCCURVESTYLE($,$,$,#4770);
#4772=IFCPRESENTATIONSTYLEASSIGNMENT((#4771));
#4773=IFCSTYLEDITEM(#4769,(#4772),$);
#4774=IFCCARTESIANPOINT((4336.7890850012127,2586.));
#4775=IFCCARTESIANPOINT((62.,2586.));
#4776=IFCPOLYLINE((#4774,#4775));
#4777=IFCGRIDAXIS('17',#4776,.T.);
#4778=IFCGEOMETRICCURVESET((#4776));
#4779=IFCCOLOURRGB($,0.,0.,0.);
#4780=IFCCURVESTYLE($,$,$,#4779);
#4781=IFCPRESENTATIONSTYLEASSIGNMENT((#4780));
#4782=IFCSTYLEDITEM(#4778,(#4781),$);
#4783=IFCCARTESIANPOINT((4336.7890850012154,3414.));
#4784=IFCCARTESIANPOINT((62.,3414.));
#4785=IFCPOLYLINE((#4783,#4784));
#4786=IFCGRIDAXIS('18',#4785,.T.);
#4787=IFCGEOMETRICCURVESET((#4785));
#4788=IFCCOLOURRGB($,0.,0.,0.);
#4789=IFCCURVESTYLE($,$,$,#4788);
#4790=IFCPRESENTATIONSTYLEASSIGNMENT((#4789));
#4791=IFCSTYLEDITEM(#4787,(#4790),$);
#4792=IFCCARTESIANPOINT((4208.5000000000136,9435.0061832160518));
#4793=IFCCARTESIANPOINT((4208.4999999999936,-2625.0728218227782));
#4794=IFCPOLYLINE((#4792,#4793));
#4795=IFCGRIDAXIS('9',#4794,.T.);
#4796=IFCGEOMETRICCURVESET((#4794));
#4797=IFCCOLOURRGB($,0.,0.,0.);
#4798=IFCCURVESTYLE($,$,$,#4797);
#4799=IFCPRESENTATIONSTYLEASSIGNMENT((#4798));
#4800=IFCSTYLEDITEM(#4796,(#4799),$);
#4801=IFCCARTESIANPOINT((-4208.4999999999864,9435.0061832160645));
#4802=IFCCARTESIANPOINT((-4208.5000000000064,-2625.072821822765));
#4803=IFCPOLYLINE((#4801,#4802));
#4804=IFCGRIDAXIS('7',#4803,.T.);
#4805=IFCGEOMETRICCURVESET((#4803));
#4806=IFCCOLOURRGB($,0.,0.,0.);
#4807=IFCCURVESTYLE($,$,$,#4806);
#4808=IFCPRESENTATIONSTYLEASSIGNMENT((#4807));
#4809=IFCSTYLEDITEM(#4805,(#4808),$);
#4810=IFCCARTESIANPOINT((62.,7650.8051367088028));
#4811=IFCCARTESIANPOINT((62.,-1100.4316020733406));
#4812=IFCPOLYLINE((#4810,#4811));
#4813=IFCGRIDAXIS('23',#4812,.T.);
#4814=IFCGEOMETRICCURVESET((#4812));
#4815=IFCCOLOURRGB($,0.,0.,0.);
#4816=IFCCURVESTYLE($,$,$,#4815);
#4817=IFCPRESENTATIONSTYLEASSIGNMENT((#4816));
#4818=IFCSTYLEDITEM(#4814,(#4817),$);
#4819=IFCCARTESIANPOINT((-62.,7650.8051367088028));
#4820=IFCCARTESIANPOINT((-62.,-1100.4316020733406));
#4821=IFCPOLYLINE((#4819,#4820));
#4822=IFCGRIDAXIS('24',#4821,.T.);
#4823=IFCGEOMETRICCURVESET((#4821));
#4824=IFCCOLOURRGB($,0.,0.,0.);
#4825=IFCCURVESTYLE($,$,$,#4824);
#4826=IFCPRESENTATIONSTYLEASSIGNMENT((#4825));
#4827=IFCSTYLEDITEM(#4823,(#4826),$);
#4828=IFCCARTESIANPOINT((1322.,-152400.));
#4829=IFCCARTESIANPOINT((1322.,152400.));
#4830=IFCPOLYLINE((#4828,#4829));
#4831=IFCGRIDAXIS('13',#4830,.T.);
#4832=IFCGEOMETRICCURVESET((#4830));
#4833=IFCCOLOURRGB($,0.,0.,0.);
#4834=IFCCURVESTYLE($,$,$,#4833);
#4835=IFCPRESENTATIONSTYLEASSIGNMENT((#4834));
#4836=IFCSTYLEDITEM(#4832,(#4835),$);
#4837=IFCCARTESIANPOINT((1531.5000000001664,-152400.));
#4838=IFCCARTESIANPOINT((1531.4999999997635,152400.));
#4839=IFCPOLYLINE((#4837,#4838));
#4840=IFCGRIDAXIS('14',#4839,.T.);
#4841=IFCGEOMETRICCURVESET((#4839));
#4842=IFCCOLOURRGB($,0.,0.,0.);
#4843=IFCCURVESTYLE($,$,$,#4842);
#4844=IFCPRESENTATIONSTYLEASSIGNMENT((#4843));
#4845=IFCSTYLEDITEM(#4841,(#4844),$);
#4846=IFCSHAPEREPRESENTATION(#26,'FootPrint','GeometricCurveSet',(#4742,#4751,#4760,#4769,#4778,#4787,#4796,#4805,#4814,#4823,#4832,#4841));
#4847=IFCPRODUCTDEFINITIONSHAPE($,$,(#4846));
#4848=IFCLOCALPLACEMENT(#30,#61);
#4849=IFCGRID('0fYM1UqaVfSzWwniGWVRdb',#18,'Default Grid',$,$,#4848,#4847,(#4741,#4750,#4759,#4768,#4777,#4786),(#4795,#4804,#4813,#4822),(#4831,#4840));
#4850=IFCCARTESIANPOINT((6434.3428411517425,-1208.5000000000257));
#4851=IFCCARTESIANPOINT((-5805.2589419698988,-1208.4999999999861));
#4852=IFCPOLYLINE((#4850,#4851));
#4853=IFCGRIDAXIS('8',#4852,.T.);
#4854=IFCGEOMETRICCURVESET((#4852));
#4855=IFCCOLOURRGB($,0.,0.,0.);
#4856=IFCCURVESTYLE($,$,$,#4855);
#4857=IFCPRESENTATIONSTYLEASSIGNMENT((#4856));
#4858=IFCSTYLEDITEM(#4854,(#4857),$);
#4859=IFCCARTESIANPOINT((6434.3428411517689,7208.4999999999718));
#4860=IFCCARTESIANPOINT((-5805.2589419698706,7208.5000000000082));
#4861=IFCPOLYLINE((#4859,#4860));
#4862=IFCGRIDAXIS('10',#4861,.T.);
#4863=IFCGEOMETRICCURVESET((#4861));
#4864=IFCCOLOURRGB($,0.,0.,0.);
#4865=IFCCURVESTYLE($,$,$,#4864);
#4866=IFCPRESENTATIONSTYLEASSIGNMENT((#4865));
#4867=IFCSTYLEDITEM(#4863,(#4866),$);
#4868=IFCCARTESIANPOINT((152400.,2874.));
#4869=IFCCARTESIANPOINT((-152798.57246912955,2874.));
#4870=IFCPOLYLINE((#4868,#4869));
#4871=IFCGRIDAXIS('15',#4870,.T.);
#4872=IFCGEOMETRICCURVESET((#4870));
#4873=IFCCOLOURRGB($,0.,0.,0.);
#4874=IFCCURVESTYLE($,$,$,#4873);
#4875=IFCPRESENTATIONSTYLEASSIGNMENT((#4874));
#4876=IFCSTYLEDITEM(#4872,(#4875),$);
#4877=IFCCARTESIANPOINT((152400.,3126.));
#4878=IFCCARTESIANPOINT((-152798.57246912955,3126.));
#4879=IFCPOLYLINE((#4877,#4878));
#4880=IFCGRIDAXIS('16',#4879,.T.);
#4881=IFCGEOMETRICCURVESET((#4879));
#4882=IFCCOLOURRGB($,0.,0.,0.);
#4883=IFCCURVESTYLE($,$,$,#4882);
#4884=IFCPRESENTATIONSTYLEASSIGNMENT((#4883));
#4885=IFCSTYLEDITEM(#4881,(#4884),$);
#4886=IFCCARTESIANPOINT((4336.7890850012127,2586.));
#4887=IFCCARTESIANPOINT((62.,2586.));
#4888=IFCPOLYLINE((#4886,#4887));
#4889=IFCGRIDAXIS('17',#4888,.T.);
#4890=IFCGEOMETRICCURVESET((#4888));
#4891=IFCCOLOURRGB($,0.,0.,0.);
#4892=IFCCURVESTYLE($,$,$,#4891);
#4893=IFCPRESENTATIONSTYLEASSIGNMENT((#4892));
#4894=IFCSTYLEDITEM(#4890,(#4893),$);
#4895=IFCCARTESIANPOINT((4336.7890850012154,3414.));
#4896=IFCCARTESIANPOINT((62.,3414.));
#4897=IFCPOLYLINE((#4895,#4896));
#4898=IFCGRIDAXIS('18',#4897,.T.);
#4899=IFCGEOMETRICCURVESET((#4897));
#4900=IFCCOLOURRGB($,0.,0.,0.);
#4901=IFCCURVESTYLE($,$,$,#4900);
#4902=IFCPRESENTATIONSTYLEASSIGNMENT((#4901));
#4903=IFCSTYLEDITEM(#4899,(#4902),$);
#4904=IFCCARTESIANPOINT((4208.5000000000136,9435.0061832160518));
#4905=IFCCARTESIANPOINT((4208.4999999999936,-2625.0728218227782));
#4906=IFCPOLYLINE((#4904,#4905));
#4907=IFCGRIDAXIS('9',#4906,.T.);
#4908=IFCGEOMETRICCURVESET((#4906));
#4909=IFCCOLOURRGB($,0.,0.,0.);
#4910=IFCCURVESTYLE($,$,$,#4909);
#4911=IFCPRESENTATIONSTYLEASSIGNMENT((#4910));
#4912=IFCSTYLEDITEM(#4908,(#4911),$);
#4913=IFCCARTESIANPOINT((-4208.4999999999864,9435.0061832160645));
#4914=IFCCARTESIANPOINT((-4208.5000000000064,-2625.072821822765));
#4915=IFCPOLYLINE((#4913,#4914));
#4916=IFCGRIDAXIS('7',#4915,.T.);
#4917=IFCGEOMETRICCURVESET((#4915));
#4918=IFCCOLOURRGB($,0.,0.,0.);
#4919=IFCCURVESTYLE($,$,$,#4918);
#4920=IFCPRESENTATIONSTYLEASSIGNMENT((#4919));
#4921=IFCSTYLEDITEM(#4917,(#4920),$);
#4922=IFCCARTESIANPOINT((62.,7650.8051367088028));
#4923=IFCCARTESIANPOINT((62.,-1100.4316020733406));
#4924=IFCPOLYLINE((#4922,#4923));
#4925=IFCGRIDAXIS('23',#4924,.T.);
#4926=IFCGEOMETRICCURVESET((#4924));
#4927=IFCCOLOURRGB($,0.,0.,0.);
#4928=IFCCURVESTYLE($,$,$,#4927);
#4929=IFCPRESENTATIONSTYLEASSIGNMENT((#4928));
#4930=IFCSTYLEDITEM(#4926,(#4929),$);
#4931=IFCCARTESIANPOINT((-62.,7650.8051367088028));
#4932=IFCCARTESIANPOINT((-62.,-1100.4316020733406));
#4933=IFCPOLYLINE((#4931,#4932));
#4934=IFCGRIDAXIS('24',#4933,.T.);
#4935=IFCGEOMETRICCURVESET((#4933));
#4936=IFCCOLOURRGB($,0.,0.,0.);
#4937=IFCCURVESTYLE($,$,$,#4936);
#4938=IFCPRESENTATIONSTYLEASSIGNMENT((#4937));
#4939=IFCSTYLEDITEM(#4935,(#4938),$);
#4940=IFCCARTESIANPOINT((1322.,-152400.));
#4941=IFCCARTESIANPOINT((1322.,152400.));
#4942=IFCPOLYLINE((#4940,#4941));
#4943=IFCGRIDAXIS('13',#4942,.T.);
#4944=IFCGEOMETRICCURVESET((#4942));
#4945=IFCCOLOURRGB($,0.,0.,0.);
#4946=IFCCURVESTYLE($,$,$,#4945);
#4947=IFCPRESENTATIONSTYLEASSIGNMENT((#4946));
#4948=IFCSTYLEDITEM(#4944,(#4947),$);
#4949=IFCCARTESIANPOINT((1531.5000000001664,-152400.));
#4950=IFCCARTESIANPOINT((1531.4999999997635,152400.));
#4951=IFCPOLYLINE((#4949,#4950));
#4952=IFCGRIDAXIS('14',#4951,.T.);
#4953=IFCGEOMETRICCURVESET((#4951));
#4954=IFCCOLOURRGB($,0.,0.,0.);
#4955=IFCCURVESTYLE($,$,$,#4954);
#4956=IFCPRESENTATIONSTYLEASSIGNMENT((#4955));
#4957=IFCSTYLEDITEM(#4953,(#4956),$);
#4958=IFCSHAPEREPRESENTATION(#26,'FootPrint','GeometricCurveSet',(#4854,#4863,#4872,#4881,#4890,#4899,#4908,#4917,#4926,#4935,#4944,#4953));
#4959=IFCPRODUCTDEFINITIONSHAPE($,$,(#4958));
#4960=IFCLOCALPLACEMENT(#30,#65);
#4961=IFCGRID('0IYPceZai$nWzkY8qZtWD_',#18,'Default Grid',$,$,#4960,#4959,(#4853,#4862,#4871,#4880,#4889,#4898),(#4907,#4916,#4925,#4934),(#4943,#4952));
#4962=IFCPROPERTYSINGLEVALUE('Name',$,IFCLABEL('Pipe depth (hot)'),$);
#4963=IFCPROPERTYSET('2D_RQueLFLyeINHtNzCoPs',#18,'Pset_AirSideSystemInformation',$,(#4962));
#4964=IFCPROPERTYSINGLEVALUE('AboveGround',$,IFCLOGICAL(.U.),$);
#4965=IFCPROPERTYSET('28QbINklGpwmwL5fKIqVA3',#18,'Pset_BuildingStoreyCommon',$,(#4964));
#4966=IFCPROPERTYSINGLEVALUE('Name',$,IFCLABEL('Pipe depth (hot)'),$);
#4967=IFCPROPERTYSET('19vS606QWv4VZvMhWO6JGV',#18,'Pset_ProductRequirements',$,(#4966));
#4968=IFCRELDEFINESBYPROPERTIES('0RrZ6ipeSRk$c0zOKA_fnI',#18,$,$,(#36),#4963);
#4969=IFCRELDEFINESBYPROPERTIES('2rBpnBuxIbnlP4FXM0TwvC',#18,$,$,(#36),#4965);
#4970=IFCRELDEFINESBYPROPERTIES('0Ad1lJNRiewXgmnnt0gAlZ',#18,$,$,(#36),#4967);
#4971=IFCRELCONTAINEDINSPATIALSTRUCTURE('3y$1jK8AT69uZZXVYxo5fm',#18,$,$,(#4065),#36);
#4972=IFCPROPERTYSINGLEVALUE('Name',$,IFCLABEL('Pipe depth (cold)'),$);
#4973=IFCPROPERTYSET('09DG4wYOZXd8iUtiLzzXK8',#18,'Pset_AirSideSystemInformation',$,(#4972));
#4974=IFCPROPERTYSET('3_ZlPR8Yg3zKmgR9O2EfpX',#18,'Pset_BuildingStoreyCommon',$,(#4964));
#4975=IFCPROPERTYSINGLEVALUE('Name',$,IFCLABEL('Pipe depth (cold)'),$);
#4976=IFCPROPERTYSET('2KArMNWkej4QIGoAjHzQWj',#18,'Pset_ProductRequirements',$,(#4975));
#4977=IFCRELDEFINESBYPROPERTIES('1otyUyAOMlyrYMr$QByJgK',#18,$,$,(#40),#4973);
#4978=IFCRELDEFINESBYPROPERTIES('0b0aMD4ZnlVyf$96yXuJEP',#18,$,$,(#40),#4974);
#4979=IFCRELDEFINESBYPROPERTIES('2r7tQXKWi_1BoieQBI6HRl',#18,$,$,(#40),#4976);
#4980=IFCRELCONTAINEDINSPATIALSTRUCTURE('3y$1jK8AT69uZZXVYxo5fi',#18,$,$,(#4177),#40);
#4981=IFCPROPERTYSINGLEVALUE('Name',$,IFCLABEL('L1'),$);
#4982=IFCPROPERTYSET('2l4vqu11LCaZAypUbzwyea',#18,'Pset_AirSideSystemInformation',$,(#4981));
#4983=IFCPROPERTYSET('16L50AfyZF4hYq5TGET4H4',#18,'Pset_BuildingStoreyCommon',$,(#4964));
#4984=IFCPROPERTYSINGLEVALUE('Name',$,IFCLABEL('L1'),$);
#4985=IFCPROPERTYSET('0Fxv$pCHYe$d1NPq668uup',#18,'Pset_ProductRequirements',$,(#4984));
#4986=IFCRELDEFINESBYPROPERTIES('3NFes7CBV81H0RHVpWu5ZF',#18,$,$,(#43),#4982);
#4987=IFCRELDEFINESBYPROPERTIES('2VdfSfkgzGoZi_3SgzE8$0',#18,$,$,(#43),#4983);
#4988=IFCRELDEFINESBYPROPERTIES('0Vxl9G1EBUZpUdM$cyum7J',#18,$,$,(#43),#4985);
#4989=IFCRELCONTAINEDINSPATIALSTRUCTURE('3y$1jK8AT69uZZXVYxo5o4',#18,$,$,(#692,#785,#820,#885,#908,#931,#955,#989,#3691,#3932,#3948,#4289),#43);
#4990=IFCPROPERTYSINGLEVALUE('Name',$,IFCLABEL('Receptacle level'),$);
#4991=IFCPROPERTYSET('24pLwc8ssn26_fF$42O6IE',#18,'Pset_AirSideSystemInformation',$,(#4990));
#4992=IFCPROPERTYSET('3mCGhwYRVBRmc5BZoDiPbC',#18,'Pset_BuildingStoreyCommon',$,(#4964));
#4993=IFCPROPERTYSINGLEVALUE('Name',$,IFCLABEL('Receptacle level'),$);
#4994=IFCPROPERTYSET('2B83O7F$S$Oe4sQt_blrf1',#18,'Pset_ProductRequirements',$,(#4993));
#4995=IFCRELDEFINESBYPROPERTIES('0SeRhtNGe8I9fP82XEbS8f',#18,$,$,(#47),#4991);
#4996=IFCRELDEFINESBYPROPERTIES('2uGC_kPEb2NbHYerO6iOVy',#18,$,$,(#47),#4992);
#4997=IFCRELDEFINESBYPROPERTIES('1BP5Ck5HJqBc3DIFNWXbKH',#18,$,$,(#47),#4994);
#4998=IFCRELCONTAINEDINSPATIALSTRUCTURE('3y$1jK8AT69uZZXVYxo5gO',#18,$,$,(#4401),#47);
#4999=IFCPROPERTYSINGLEVALUE('Name',$,IFCLABEL('Sink height'),$);
#5000=IFCPROPERTYSET('3$4u_7xgFweUxHV7ZbpXXj',#18,'Pset_AirSideSystemInformation',$,(#4999));
#5001=IFCPROPERTYSET('3140WsNM4zCH5FJ4YZNXkE',#18,'Pset_BuildingStoreyCommon',$,(#4964));
#5002=IFCPROPERTYSINGLEVALUE('Name',$,IFCLABEL('Sink height'),$);
#5003=IFCPROPERTYSET('3qrloMjX8MGbsp$8lF7xlm',#18,'Pset_ProductRequirements',$,(#5002));
#5004=IFCRELDEFINESBYPROPERTIES('1iZc27MdvkX9Wf1wDA72Gf',#18,$,$,(#51),#5000);
#5005=IFCRELDEFINESBYPROPERTIES('0w2mNcI8PJ07miu905JQGS',#18,$,$,(#51),#5001);
#5006=IFCRELDEFINESBYPROPERTIES('1yMcYutjSx2MUCHq76K2DA',#18,$,$,(#51),#5003);
#5007=IFCRELCONTAINEDINSPATIALSTRUCTURE('3y$1jK8AT69uZZXVYxo5gK',#18,$,$,(#492,#547,#603,#657,#4513),#51);
#5008=IFCPROPERTYSINGLEVALUE('Name',$,IFCLABEL('Switch level'),$);
#5009=IFCPROPERTYSET('2M5Vj50zN_wCgknIQsswMd',#18,'Pset_AirSideSystemInformation',$,(#5008));
#5010=IFCPROPERTYSET('1BRzhwWkv$AoZ4Cu5lkC3B',#18,'Pset_BuildingStoreyCommon',$,(#4964));
#5011=IFCPROPERTYSINGLEVALUE('Name',$,IFCLABEL('Switch level'),$);
#5012=IFCPROPERTYSET('1uVGEe1BvAOgyYE6bUJKyK',#18,'Pset_ProductRequirements',$,(#5011));
#5013=IFCRELDEFINESBYPROPERTIES('1CMWr89LqKVzeWc7nM_s23',#18,$,$,(#55),#5009);
#5014=IFCRELDEFINESBYPROPERTIES('3ZSOeAodyu0oP4OgBIx_ek',#18,$,$,(#55),#5010);
#5015=IFCRELDEFINESBYPROPERTIES('39zZSdEzRPiLR95MUmUWc8',#18,$,$,(#55),#5012);
#5016=IFCRELCONTAINEDINSPATIALSTRUCTURE('3y$1jK8AT69uZZXVYxo5g0',#18,$,$,(#4625),#55);
#5017=IFCPROPERTYSINGLEVALUE('Name',$,IFCLABEL('L3'),$);
#5018=IFCPROPERTYSET('1eU_OJg7ME1TF_E3IfHH9P',#18,'Pset_AirSideSystemInformation',$,(#5017));
#5019=IFCPROPERTYSET('1jjZ3s1Cfy1IWVihDO98Uc',#18,'Pset_BuildingStoreyCommon',$,(#4964));
#5020=IFCPROPERTYSINGLEVALUE('Name',$,IFCLABEL('L3'),$);
#5021=IFCPROPERTYSET('0b_sv3e9ZV0hm93CWVT6ib',#18,'Pset_ProductRequirements',$,(#5020));
#5022=IFCRELDEFINESBYPROPERTIES('0jyrdgsM0ZOfBW6WRjmAq8',#18,$,$,(#59),#5018);
#5023=IFCRELDEFINESBYPROPERTIES('1R008f80nlE$9EVbwCswgU',#18,$,$,(#59),#5019);
#5024=IFCRELDEFINESBYPROPERTIES('1aJiU2bi$$qMq4RuytbkJC',#18,$,$,(#59),#5021);
#5025=IFCRELCONTAINEDINSPATIALSTRUCTURE('3y$1jK8AT69uZZXVYxo5gy',#18,$,$,(#4737),#59);
#5026=IFCPROPERTYSINGLEVALUE('Name',$,IFCLABEL('L2'),$);
#5027=IFCPROPERTYSET('2rmMSkA7gc4STb1LnLF8UH',#18,'Pset_AirSideSystemInformation',$,(#5026));
#5028=IFCPROPERTYSET('1n34enW33Z_3Qq2Pm1kjQZ',#18,'Pset_BuildingStoreyCommon',$,(#4964));
#5029=IFCPROPERTYSINGLEVALUE('Name',$,IFCLABEL('L2'),$);
#5030=IFCPROPERTYSET('3b2aIDv9vaOvbWU0hVWzaG',#18,'Pset_ProductRequirements',$,(#5029));
#5031=IFCRELDEFINESBYPROPERTIES('1kaSOYlg8iono8iflzrHRz',#18,$,$,(#63),#5027);
#5032=IFCRELDEFINESBYPROPERTIES('36oM8gyLQ5_Z6XoGK5uP1E',#18,$,$,(#63),#5028);
#5033=IFCRELDEFINESBYPROPERTIES('2r$5AllCk4VpjESRla$JzH',#18,$,$,(#63),#5030);
#5034=IFCRELCONTAINEDINSPATIALSTRUCTURE('3y$1jK8AT69uZZXVYxo5ge',#18,$,$,(#4849),#63);
#5035=IFCPROPERTYSINGLEVALUE('Name',$,IFCLABEL('Pipe height'),$);
#5036=IFCPROPERTYSET('2mowrSy8R7Hhe2imLAYcxh',#18,'Pset_AirSideSystemInformation',$,(#5035));
#5037=IFCPROPERTYSET('2fxa48pNYAywRzAtFo4Jif',#18,'Pset_BuildingStoreyCommon',$,(#4964));
#5038=IFCPROPERTYSINGLEVALUE('Name',$,IFCLABEL('Pipe height'),$);
#5039=IFCPROPERTYSET('21ABK$Ku_KwiPoBWMeuJ$n',#18,'Pset_ProductRequirements',$,(#5038));
#5040=IFCRELDEFINESBYPROPERTIES('3gKzmf7pjyk3Cc$Qkge8GL',#18,$,$,(#67),#5036);
#5041=IFCRELDEFINESBYPROPERTIES('0u6pRKPutqs5mkUPmEjpRu',#18,$,$,(#67),#5037);
#5042=IFCRELDEFINESBYPROPERTIES('34dIsnIjVOOygDj_NDQvhR',#18,$,$,(#67),#5039);
#5043=IFCRELCONTAINEDINSPATIALSTRUCTURE('3y$1jK8AT69uZZXVYxo5ga',#18,$,$,(#4961),#67);
#5044=IFCRELAGGREGATES('3cptXMcCZbfpGRYzKvFC6p',#18,$,$,#27,(#70));
#5045=IFCRELAGGREGATES('19khgLdEWJf5wLlrZis4p$',#18,$,$,#70,(#32));
#5046=IFCRELAGGREGATES('3y$1jK8AT69uZZXVkxo5o4',#18,$,$,#43,(#86,#144,#241,#299));
#5047=IFCRELAGGREGATES('1yhDISh1T5aQqAoygxGIhP',#18,$,$,#32,(#36,#40,#43,#47,#51,#55,#59,#63,#67));
#5048=IFCPROPERTYSINGLEVALUE('NumberOfStoreys',$,IFCINTEGER(3),$);
#5049=IFCPROPERTYSINGLEVALUE('IsLandmarked',$,IFCLOGICAL(.U.),$);
#5050=IFCPROPERTYSET('3ma1wWoQPhdkYlR7Ds$3uN',#18,'Pset_BuildingCommon',$,(#5048,#5049));
#5051=IFCRELDEFINESBYPROPERTIES('2HJbEZ$DXnaSYRcuTgiGIW',#18,$,$,(#32),#5050);
#5052=IFCRELASSOCIATESMATERIAL('1zAkEvebdm$2egFe3x2RfX',#18,$,$,(#479,#492,#596,#603),#485);
#5053=IFCRELASSOCIATESMATERIAL('0itvGeFyvNQlI7F_iq2RmT',#18,$,$,(#692),#738);
#5054=IFCRELASSOCIATESMATERIAL('0asR4t1BdIr1dzGQ63QVmF',#18,$,$,(#785),#789);
#5055=IFCRELASSOCIATESMATERIAL('3DltBxTVx_Xs3fdDcJu_9d',#18,$,$,(#820),#857);
#5056=IFCRELASSOCIATESMATERIAL('0nS1fP9zWnNh5tRMJOtlh$',#18,$,$,(#885),#886);
#5057=IFCRELASSOCIATESMATERIAL('13UytmfuuOixqnKyU_Wdie',#18,$,$,(#908),#909);
#5058=IFCRELASSOCIATESMATERIAL('0SVPfasf6TElLpmVqqhytp',#18,$,$,(#931),#932);
#5059=IFCRELASSOCIATESMATERIAL('1cdAXS7VNt6BizrF3Px2Cz',#18,$,$,(#955),#964);
#5060=IFCRELASSOCIATESMATERIAL('0McCp589eUzE7jPD3wvLw4',#18,$,$,(#989),#990);
#5061=IFCRELASSOCIATESMATERIAL('1GcdEfIoQ3SrECub5WF55a',#18,$,$,(#373,#388,#416,#425,#3925,#3932,#3948),#374);
#5062=IFCRELASSOCIATESMATERIAL('0xahLWcmB5xgSfdIjbhpvQ',#18,$,$,(#540,#547,#650,#657),#480);
#5063=IFCRELASSOCIATESMATERIAL('06p5vz$1iz_NV6QcJUwrF_',#18,$,$,(#739),#737);
#5064=IFCRELASSOCIATESMATERIAL('04zHk$2BCNGgnD3LqYknm0',#18,$,$,(#790),#788);
#5065=IFCRELASSOCIATESMATERIAL('1Yq4qeNNDg_KoaF4kemolw',#18,$,$,(#858),#856);
#5066=IFCRELASSOCIATESMATERIAL('0wyTbuEhAN8BDIs3q4ELxW',#18,$,$,(#956),#963);
#5067=IFCRELASSOCIATESMATERIAL('25jVgte8VjYBA5DI_u5db7',#18,$,$,(#3679,#3691),#3680);
#5068=IFCRELDEFINESBYTYPE('3CAUIHfUvTl_fw2d748kh_',#18,$,$,(#86),#87);
#5069=IFCRELDEFINESBYTYPE('1nlc0hpd3xo7Ggx72RbzGv',#18,$,$,(#144),#145);
#5070=IFCRELDEFINESBYTYPE('3$0Hh4ys4xHKzPMGwdrEdC',#18,$,$,(#241),#242);
#5071=IFCRELDEFINESBYTYPE('2D6Yg5YNwzE02gHKbmXL$z',#18,$,$,(#299),#300);
#5072=IFCRELDEFINESBYTYPE('3DKTZd$edai$6uDTD9RZbk',#18,$,$,(#388),#373);
#5073=IFCRELDEFINESBYTYPE('1qKhGc4b32657YUTML8Bxe',#18,$,$,(#425),#416);
#5074=IFCRELDEFINESBYTYPE('2zk$2L4shxLUNeX$N$inZM',#18,$,$,(#492),#479);
#5075=IFCRELDEFINESBYTYPE('2g5FS4HUolWzmtC6xoIPnp',#18,$,$,(#547),#540);
#5076=IFCRELDEFINESBYTYPE('2zpJuQ0vRlaIT$pSHdhmaT',#18,$,$,(#603),#596);
#5077=IFCRELDEFINESBYTYPE('22lNzE0ZVjeGxHziZYrCIM',#18,$,$,(#657),#650);
#5078=IFCRELDEFINESBYTYPE('2TQ1jBbvhVi498k$kCGzIL',#18,$,$,(#692),#739);
#5079=IFCRELDEFINESBYTYPE('1rI6UxN_1GO$k1W5CwivsR',#18,$,$,(#785,#989),#790);
#5080=IFCRELDEFINESBYTYPE('2NyxvDXU74J$9kpGJJS6Uy',#18,$,$,(#820,#885,#908,#931),#858);
#5081=IFCRELDEFINESBYTYPE('02qOOTgtZfSX6KNhkVoeFo',#18,$,$,(#955),#956);
#5082=IFCRELDEFINESBYTYPE('06DF_zYGBixq$tdq9BKyEt',#18,$,$,(#3691),#3679);
#5083=IFCRELDEFINESBYTYPE('1kbzrg0sPLzKVDP7749155',#18,$,$,(#3932,#3948),#3925);
#5084=IFCRELSPACEBOUNDARY('1OkiUZS9i4werDHnGM15Hn',#18,'1stLevel',$,#86,#955,#96,.PHYSICAL.,.INTERNAL.);
#5085=IFCRELSPACEBOUNDARY('2zOOUzEL2mg5lEaB6qvkoV',#18,'1stLevel',$,#86,#692,#103,.PHYSICAL.,.EXTERNAL.);
#5086=IFCRELSPACEBOUNDARY('0LuFlO0cLBMZjj7Nf6yofx',#18,'1stLevel',$,#86,#885,#110,.PHYSICAL.,.EXTERNAL.);
#5087=IFCRELSPACEBOUNDARY('14d0Z7secd2hh_NlH81zoj',#18,'1stLevel',$,#86,#820,#117,.PHYSICAL.,.EXTERNAL.);
#5088=IFCRELSPACEBOUNDARY('11WXoi03_Wt0GRXFaiplzI',#18,'1stLevel',$,#86,#989,#124,.PHYSICAL.,.EXTERNAL.);
#5089=IFCRELSPACEBOUNDARY('0ZHV2ymg2KS$COj1ubny_a',#18,'1stLevel',$,#144,#955,#156,.PHYSICAL.,.INTERNAL.);
#5090=IFCRELSPACEBOUNDARY('1$8hvvajdMHjgZJRTA68J6',#18,'1stLevel',$,#144,#692,#163,.PHYSICAL.,.EXTERNAL.);
#5091=IFCRELSPACEBOUNDARY('3gFC8ttTJbm3lcxRIe4LlW',#18,'1stLevel',$,#144,#908,#170,.PHYSICAL.,.EXTERNAL.);
#5092=IFCRELSPACEBOUNDARY('3aDOWu_YZhX7UT8NfdKdT_',#18,'1stLevel',$,#144,#931,#177,.PHYSICAL.,.EXTERNAL.);
#5093=IFCRELSPACEBOUNDARY('1vIgegEonOoueZObpjzaVk',#18,'1stLevel',$,#144,#3932,#185,.PHYSICAL.,.EXTERNAL.);
#5094=IFCRELSPACEBOUNDARY('0pmZNuIlOx1YSM$muQpbvZ',#18,'1stLevel',$,#144,#3948,#193,.PHYSICAL.,.EXTERNAL.);
#5095=IFCRELSPACEBOUNDARY('2HoWjmHzGq9iS_2rbpK9wq',#18,'1stLevel',$,#144,#885,#200,.PHYSICAL.,.EXTERNAL.);
#5096=IFCRELSPACEBOUNDARY('2CK3K5eQe2G5tQTSZRPptc',#18,'1stLevel',$,#144,#3691,#207,.PHYSICAL.,.EXTERNAL.);
#5097=IFCRELSPACEBOUNDARY('3FEtgLSCvCUj6Ffum4$5$M',#18,'1stLevel',$,#144,#692,#214,.PHYSICAL.,.EXTERNAL.);
#5098=IFCRELSPACEBOUNDARY('2ewCdFLLop2Kof1xYiaKfj',#18,'1stLevel',$,#144,#692,#221,.PHYSICAL.,.EXTERNAL.);
#5099=IFCRELSPACEBOUNDARY('0xlODRm0rqW7czSRV$CgVB',#18,'1stLevel',$,#241,#955,#251,.PHYSICAL.,.INTERNAL.);
#5100=IFCRELSPACEBOUNDARY('0VmcjBRlHKuc_SmEaBy_6a',#18,'1stLevel',$,#241,#692,#258,.PHYSICAL.,.EXTERNAL.);
#5101=IFCRELSPACEBOUNDARY('2Vh9uFtEyuaoWmblY02_$r',#18,'1stLevel',$,#241,#785,#265,.PHYSICAL.,.EXTERNAL.);
#5102=IFCRELSPACEBOUNDARY('18R0hl22lZhzam_j8a8OSl',#18,'1stLevel',$,#241,#820,#272,.PHYSICAL.,.EXTERNAL.);
#5103=IFCRELSPACEBOUNDARY('3Fk_pAYEz3lf0fp_o3ZYaa',#18,'1stLevel',$,#241,#908,#279,.PHYSICAL.,.EXTERNAL.);
#5104=IFCRELSPACEBOUNDARY('26nvDpXEo_FPuCBMUX6pKv',#18,'1stLevel',$,#299,#955,#309,.PHYSICAL.,.INTERNAL.);
#5105=IFCRELSPACEBOUNDARY('2CWfdqECh6$ScbSwx4aLF$',#18,'1stLevel',$,#299,#692,#316,.PHYSICAL.,.EXTERNAL.);
#5106=IFCRELSPACEBOUNDARY('1hkcaZzDRBsoF4BEaLDFn1',#18,'1stLevel',$,#299,#989,#323,.PHYSICAL.,.EXTERNAL.);
#5107=IFCRELSPACEBOUNDARY('2RGFeQXuRxeWZAgDdoFrfl',#18,'1stLevel',$,#299,#820,#330,.PHYSICAL.,.EXTERNAL.);
#5108=IFCRELSPACEBOUNDARY('1jULAGC_1ylT0na2PQaP_$',#18,'1stLevel',$,#299,#785,#337,.PHYSICAL.,.EXTERNAL.);
#5109=IFCRELCONNECTSPATHELEMENTS('25jqrgG5vUt_uMGnctAQM5',#18,'3$Sc93izfEuuDAiaR0$6h3|20rBv4HojAY8M3avWLHAgu','Structural',$,#692,#908,(),(),.ATPATH.,.ATSTART.);
#5110=IFCRELCONNECTSPATHELEMENTS('0LPD8qmwre9Y6V19wf1X4t',#18,'3$Sc93izfEuuDAiaR0$6h3|3S3VgMDFLDiPHeIJPk5HSc','Structural',$,#692,#885,(),(),.ATPATH.,.ATEND.);
#5111=IFCRELCONNECTSPATHELEMENTS('0WgC9IhlDI2cCbfVRzqrfl',#18,'3$Sc93izfEuuDAiaR0$6h3|3S3VgMDFLDiPHeIJPk5HIn','Structural',$,#692,#785,(),(),.ATSTART.,.ATPATH.);
#5112=IFCRELCONNECTSPATHELEMENTS('3YmWOV8u_32qFCe25FLr_V',#18,'3S3VgMDFLDiPHeIJPk5HIn|3S3VgMDFLDiPHeIJPk5HTj','Structural',$,#785,#820,(),(),.ATPATH.,.ATEND.);
#5113=IFCRELCONNECTSPATHELEMENTS('3e2cyMqKbIl3msl3_tRc2v',#18,'3S3VgMDFLDiPHeIJPk5HTj|20rBv4HojAY8M3avWLHAgu','Structural',$,#820,#908,(),(),.ATEND.,.ATSTART.);
#5114=IFCRELCONNECTSPATHELEMENTS('0rYmA5LPC13GtvPdZ9$1U4',#18,'3S3VgMDFLDiPHeIJPk5HTj|3S3VgMDFLDiPHeIJPk5HSc','Structural',$,#820,#885,(),(),.ATSTART.,.ATEND.);
#5115=IFCRELCONNECTSPATHELEMENTS('2UiqxuP0ISV27COg56QC2N',#18,'3S3VgMDFLDiPHeIJPk5HSc|20rBv4HojAY8M3avWLHAad','Structural',$,#885,#931,(),(),.ATSTART.,.ATEND.);
#5116=IFCRELCONNECTSPATHELEMENTS('0E908UtV_myZFiMHqcXO9Y',#18,'20rBv4HojAY8M3avWLHAgu|20rBv4HojAY8M3avWLHAad','Structural',$,#908,#931,(),(),.ATEND.,.ATSTART.);
#5117=IFCRELCONNECTSPATHELEMENTS('2tMVqzwjKZGNpb6isKDsUA',#18,'3S3VgMDFLDiPHeIJPk5HTj|1iDZV_Brn0Z9GW0EFhIoO4','Structural',$,#820,#989,(),(),.ATSTART.,.ATPATH.);
#5118=IFCRELCONNECTSPATHELEMENTS('08HOQRBdA8zKHKk7rUPyHN',#18,'3$Sc93izfEuuDAiaR0$6h3|1iDZV_Brn0Z9GW0EFhIoO4','Structural',$,#692,#989,(),(),.ATEND.,.ATPATH.);
#5119=IFCPRESENTATIONLAYERASSIGNMENT('A-AREA',$,(#84,#142,#239,#297),$);
#5120=IFCPRESENTATIONLAYERASSIGNMENT('A-GENM',$,(#370,#381,#413,#418,#476,#487,#537,#542,#593,#598,#647,#652),$);
#5121=IFCPRESENTATIONLAYERASSIGNMENT('A-WALL',$,(#679,#690,#776,#783,#807,#818,#876,#883,#899,#906,#922,#929,#980,#987),$);
#5122=IFCPRESENTATIONLAYERASSIGNMENT('A-FLOR',$,(#953),$);
#5123=IFCPRESENTATIONLAYERASSIGNMENT('A-DOOR',$,(#3674,#3686),$);
#5124=IFCPRESENTATIONLAYERASSIGNMENT('A-GLAZ',$,(#3921,#3927,#3943),$);
#5125=IFCPRESENTATIONLAYERASSIGNMENT('S-GRID',$,(#4062,#4174,#4286,#4398,#4510,#4622,#4734,#4846,#4958),$);
#5126=IFCAXIS2PLACEMENT3D(#3,$,$);
#5128=IFCAXIS2PLACEMENT3D(#3,$,$);
#5130=IFCCARTESIANPOINT((0.,0.));
#5131=IFCAXIS2PLACEMENT2D(#5130,#13);
#5132=IFCRECTANGLEPROFILEDEF(.AREA.,'36" x 84":36" x 84" : Door-Passage-Single-Flush:36" x 84":36" x 84":36" x 84" : Door-Passage-Single-Flush:36" x 84" : Door-Passage-Single-Flush:36" x 84":36" x 84" : Door-Passage-Single-Flush:36" x 84" : Door-Passage-Single-Flush:36" x 84":36" x 84" : Door-Passage-Single-Flush:36" x 84":36" x 84":36" x 84" : Door-Passage-Single-Flush:36" x 84" : Door-Passage-Single-Flush:36" x 84":36" x 84" : Door-Passage-Single-Flush:36" x 84"',#5131,2235.1999999999998,1016.0000000000002);
#5133=IFCCARTESIANPOINT((-1930.,-778.73813200000006,1117.5999999999999));
#5134=IFCAXIS2PLACEMENT3D(#5133,#8,#6);
#5135=IFCEXTRUDEDAREASOLID(#5132,#5134,#9,442.52373600000004);
#5136=IFCSHAPEREPRESENTATION(#24,'Body','SweptSolid',(#5135));
#5137=IFCPRODUCTDEFINITIONSHAPE($,$,(#5136));
#5138=IFCCARTESIANPOINT((3791.5000000000005,-1000.,0.));
#5139=IFCAXIS2PLACEMENT3D(#5138,#9,#6);
#5140=IFCLOCALPLACEMENT(#873,#5139);
#5141=IFCOPENINGELEMENT('3A5MRBnROITIe0HSgt_8q4',#18,'Basic Wall:Basic wall ex:1200762',$,'Opening',#5140,#5137,'1201623');
#5142=IFCRELVOIDSELEMENT('1y8GlVAdUJE$yZRtXYKtnW',#18,$,$,#885,#5141);
#5143=IFCRELFILLSELEMENT('0BDqsww44VEaAkwKF5Fwrd',#18,$,$,#5141,#3691);
#5144=IFCCARTESIANPOINT((-1422.,-1221.261868,0.));
#5145=IFCAXIS2PLACEMENT3D(#5144,#9,#6);
#5146=IFCLOCALPLACEMENT(#5140,#5145);
#5147=IFCAXIS2PLACEMENT3D(#3,$,$);
#5149=IFCAXIS2PLACEMENT3D(#3,$,$);
#5151=IFCCARTESIANPOINT((-2.8421709430404007E-13,-5.6843418860808015E-14));
#5152=IFCAXIS2PLACEMENT2D(#5151,#13);
#5153=IFCRECTANGLEPROFILEDEF(.AREA.,'36" x 48":36" x 48" : Window-Fixed:36" x 48":36" x 48":36" x 48" : Window-Fixed:36" x 48" : Window-Fixed:36" x 48":36" x 48" : Window-Fixed:36" x 48" : Window-Fixed:36" x 48":36" x 48" : Window-Fixed:36" x 48":36" x 48":36" x 48" : Window-Fixed:36" x 48" : Window-Fixed:36" x 48":36" x 48" : Window-Fixed:36" x 48"',#5152,1219.2000000000016,914.39999999999952);
#5154=IFCCARTESIANPOINT((-3778.7381320000004,4834.299999999982,1524.));
#5155=IFCAXIS2PLACEMENT3D(#5154,#6,#8);
#5156=IFCEXTRUDEDAREASOLID(#5153,#5155,#9,442.52373600000004);
#5157=IFCSHAPEREPRESENTATION(#24,'Body','SweptSolid',(#5156));
#5158=IFCPRODUCTDEFINITIONSHAPE($,$,(#5157));
#5159=IFCCARTESIANPOINT((791.5,-4000.,0.));
#5160=IFCAXIS2PLACEMENT3D(#5159,#9,#8);
#5161=IFCLOCALPLACEMENT(#919,#5160);
#5162=IFCOPENINGELEMENT('0WDKIgDmm35yy5Wi9LL5vc',#18,'Basic Wall:Basic wall ex:1201738',$,'Opening',#5161,#5158,'1201624');
#5163=IFCRELVOIDSELEMENT('0MSg0n$MQXAU7BDblHYBzL',#18,$,$,#931,#5162);
#5164=IFCRELFILLSELEMENT('1k31coojE7I8n8_qyc1q_I',#18,$,$,#5162,#3932);
#5165=IFCCARTESIANPOINT((-4221.2618680000005,4377.0999999999813,914.39999999999941));
#5166=IFCAXIS2PLACEMENT3D(#5165,#9,#7);
#5167=IFCLOCALPLACEMENT(#5161,#5166);
#5168=IFCAXIS2PLACEMENT3D(#3,$,$);
#5170=IFCAXIS2PLACEMENT3D(#3,$,$);
#5172=IFCCARTESIANPOINT((0.,-5.6843418860808015E-14));
#5173=IFCAXIS2PLACEMENT2D(#5172,#13);
#5174=IFCRECTANGLEPROFILEDEF(.AREA.,'36" x 48":36" x 48" : Window-Fixed:36" x 48":36" x 48":36" x 48" : Window-Fixed:36" x 48" : Window-Fixed:36" x 48":36" x 48" : Window-Fixed:36" x 48" : Window-Fixed:36" x 48":36" x 48" : Window-Fixed:36" x 48":36" x 48":36" x 48" : Window-Fixed:36" x 48" : Window-Fixed:36" x 48":36" x 48" : Window-Fixed:36" x 48"',#5173,1219.2000000000016,914.39999999999952);
#5175=IFCCARTESIANPOINT((-3778.7381320000004,1165.6999999999864,1524.));
#5176=IFCAXIS2PLACEMENT3D(#5175,#6,#8);
#5177=IFCEXTRUDEDAREASOLID(#5174,#5176,#9,442.52373600000004);
#5178=IFCSHAPEREPRESENTATION(#24,'Body','SweptSolid',(#5177));
#5179=IFCPRODUCTDEFINITIONSHAPE($,$,(#5178));
#5180=IFCCARTESIANPOINT((791.5,-4000.,0.));
#5181=IFCAXIS2PLACEMENT3D(#5180,#9,#8);
#5182=IFCLOCALPLACEMENT(#919,#5181);
#5183=IFCOPENINGELEMENT('0gUKYYIC_kkq5hNV2JgcI5',#18,'Basic Wall:Basic wall ex:1201738',$,'Opening',#5182,#5179,'1201625');
#5184=IFCRELVOIDSELEMENT('1bXfSRE$u$yaZwNz2n2xBB',#18,$,$,#931,#5183);
#5185=IFCRELFILLSELEMENT('25mUzo6JzMAzV5zcA6Av0z',#18,$,$,#5183,#3948);
#5186=IFCCARTESIANPOINT((-4221.2618680000005,708.49999999998693,914.39999999999941));
#5187=IFCAXIS2PLACEMENT3D(#5186,#9,#7);
#5188=IFCLOCALPLACEMENT(#5182,#5187);
#5189=IFCRELCONTAINEDINSPATIALSTRUCTURE('3yhZ7fPdFUiwxk9hUBeAae',#18,$,$,(#388,#425),#144);
#5190=IFCUNITASSIGNMENT((#19,#82,#83,#768));
#5191=IFCAXIS2PLACEMENT3D(#3,$,$);
#5192=IFCAXIS2PLACEMENT3D(#3,$,$);
#5193=IFCAXIS2PLACEMENT3D(#3,$,$);
ENDSEC;

END-ISO-10303-21;